Date,spy_tlt_corr_90d,cpi_yoy,vix,corr_stress,inflation_stress,vix_stress,regime_score,regime_label
2007-04-12,,0.027981972959439272,12.710000038146973,False,False,False,0,normal
2007-04-13,,0.027981972959439272,12.199999809265137,False,False,False,0,normal
2007-04-16,,0.027981972959439272,11.979999542236328,False,False,False,0,normal
2007-04-17,,0.027981972959439272,12.140000343322754,False,False,False,0,normal
2007-04-18,,0.027981972959439272,12.420000076293945,False,False,False,0,normal
2007-04-19,,0.027981972959439272,12.539999961853027,False,False,False,0,normal
2007-04-20,,0.027981972959439272,12.069999694824219,False,False,False,0,normal
2007-04-23,,0.027981972959439272,13.039999961853027,False,False,False,0,normal
2007-04-24,,0.027981972959439272,13.119999885559082,False,False,False,0,normal
2007-04-25,,0.027981972959439272,13.210000038146973,False,False,False,0,normal
2007-04-26,,0.027981972959439272,12.789999961853027,False,False,False,0,normal
2007-04-27,,0.027981972959439272,12.449999809265137,False,False,False,0,normal
2007-04-30,,0.027981972959439272,14.220000267028809,False,False,False,0,normal
2007-05-01,,0.025929247633283525,13.510000228881836,False,False,False,0,normal
2007-05-02,,0.025929247633283525,13.079999923706055,False,False,False,0,normal
2007-05-03,,0.025929247633283525,13.09000015258789,False,False,False,0,normal
2007-05-04,,0.025929247633283525,12.90999984741211,False,False,False,0,normal
2007-05-07,,0.025929247633283525,13.149999618530273,False,False,False,0,normal
2007-05-08,,0.025929247633283525,13.210000038146973,False,False,False,0,normal
2007-05-09,,0.025929247633283525,12.880000114440918,False,False,False,0,normal
2007-05-10,,0.025929247633283525,13.600000381469727,False,False,False,0,normal
2007-05-11,,0.025929247633283525,12.949999809265137,False,False,False,0,normal
2007-05-14,,0.025929247633283525,13.960000038146973,False,False,False,0,normal
2007-05-15,,0.025929247633283525,14.010000228881836,False,False,False,0,normal
2007-05-16,,0.025929247633283525,13.5,False,False,False,0,normal
2007-05-17,,0.025929247633283525,13.510000228881836,False,False,False,0,normal
2007-05-18,,0.025929247633283525,12.760000228881836,False,False,False,0,normal
2007-05-21,,0.025929247633283525,13.300000190734863,False,False,False,0,normal
2007-05-22,,0.025929247633283525,13.0600004196167,False,False,False,0,normal
2007-05-23,,0.025929247633283525,13.239999771118164,False,False,False,0,normal
2007-05-24,,0.025929247633283525,14.079999923706055,False,False,False,0,normal
2007-05-25,,0.025929247633283525,13.34000015258789,False,False,False,0,normal
2007-05-29,,0.025929247633283525,13.529999732971191,False,False,False,0,normal
2007-05-30,,0.025929247633283525,12.829999923706055,False,False,False,0,normal
2007-05-31,,0.025929247633283525,13.050000190734863,False,False,False,0,normal
2007-06-01,,0.02709885742672613,12.779999732971191,False,False,False,0,normal
2007-06-04,,0.02709885742672613,13.289999961853027,False,False,False,0,normal
2007-06-05,,0.02709885742672613,13.630000114440918,False,False,False,0,normal
2007-06-06,,0.02709885742672613,14.869999885559082,False,False,False,0,normal
2007-06-07,,0.02709885742672613,17.059999465942383,False,False,False,0,normal
2007-06-08,,0.02709885742672613,14.84000015258789,False,False,False,0,normal
2007-06-11,,0.02709885742672613,14.710000038146973,False,False,False,0,normal
2007-06-12,,0.02709885742672613,16.670000076293945,False,False,False,0,normal
2007-06-13,,0.02709885742672613,14.729999542236328,False,False,False,0,normal
2007-06-14,,0.02709885742672613,13.640000343322754,False,False,False,0,normal
2007-06-15,,0.02709885742672613,13.9399995803833,False,False,False,0,normal
2007-06-18,,0.02709885742672613,13.420000076293945,False,False,False,0,normal
2007-06-19,,0.02709885742672613,12.850000381469727,False,False,False,0,normal
2007-06-20,,0.02709885742672613,14.670000076293945,False,False,False,0,normal
2007-06-21,,0.02709885742672613,14.210000038146973,False,False,False,0,normal
2007-06-22,,0.02709885742672613,15.75,False,False,False,0,normal
2007-06-25,,0.02709885742672613,16.649999618530273,False,False,False,0,normal
2007-06-26,,0.02709885742672613,18.889999389648438,False,False,False,0,normal
2007-06-27,,0.02709885742672613,15.529999732971191,False,False,False,0,normal
2007-06-28,,0.02709885742672613,15.539999961853027,False,False,False,0,normal
2007-06-29,,0.02709885742672613,16.229999542236328,False,False,False,0,normal
2007-07-02,,0.02692765113974227,15.399999618530273,False,False,False,0,normal
2007-07-03,,0.02692765113974227,14.920000076293945,False,False,False,0,normal
2007-07-05,,0.02692765113974227,15.479999542236328,False,False,False,0,normal
2007-07-06,,0.02692765113974227,14.720000267028809,False,False,False,0,normal
2007-07-09,,0.02692765113974227,15.15999984741211,False,False,False,0,normal
2007-07-10,,0.02692765113974227,17.56999969482422,False,False,False,0,normal
2007-07-11,,0.02692765113974227,16.639999389648438,False,False,False,0,normal
2007-07-12,,0.02692765113974227,15.539999961853027,False,False,False,0,normal
2007-07-13,,0.02692765113974227,15.149999618530273,False,False,False,0,normal
2007-07-16,,0.02692765113974227,15.59000015258789,False,False,False,0,normal
2007-07-17,,0.02692765113974227,15.630000114440918,False,False,False,0,normal
2007-07-18,,0.02692765113974227,16.0,False,False,False,0,normal
2007-07-19,,0.02692765113974227,15.229999542236328,False,False,False,0,normal
2007-07-20,,0.02692765113974227,16.950000762939453,False,False,False,0,normal
2007-07-23,,0.02692765113974227,16.809999465942383,False,False,False,0,normal
2007-07-24,,0.02692765113974227,18.549999237060547,False,False,False,0,normal
2007-07-25,,0.02692765113974227,18.100000381469727,False,False,False,0,normal
2007-07-26,,0.02692765113974227,20.739999771118164,False,False,False,0,normal
2007-07-27,,0.02692765113974227,24.170000076293945,False,False,False,0,normal
2007-07-30,,0.02692765113974227,20.8700008392334,False,False,False,0,normal
2007-07-31,,0.02692765113974227,23.520000457763672,False,False,False,0,normal
2007-08-01,,0.023178905864958077,23.670000076293945,False,False,False,0,normal
2007-08-02,,0.023178905864958077,21.219999313354492,False,False,False,0,normal
2007-08-03,,0.023178905864958077,25.15999984741211,False,False,True,1,watch
2007-08-06,,0.023178905864958077,22.940000534057617,False,False,False,0,normal
2007-08-07,,0.023178905864958077,21.559999465942383,False,False,False,0,normal
2007-08-08,,0.023178905864958077,21.450000762939453,False,False,False,0,normal
2007-08-09,,0.023178905864958077,26.479999542236328,False,False,True,1,watch
2007-08-10,,0.023178905864958077,28.299999237060547,False,False,True,1,watch
2007-08-13,,0.023178905864958077,26.56999969482422,False,False,True,1,watch
2007-08-14,,0.023178905864958077,27.68000030517578,False,False,True,1,watch
2007-08-15,,0.023178905864958077,30.670000076293945,False,False,True,1,watch
2007-08-16,,0.023178905864958077,30.829999923706055,False,False,True,1,watch
2007-08-17,-0.17105507195929354,0.023178905864958077,29.989999771118164,False,False,True,1,watch
2007-08-20,-0.17139454469709578,0.023178905864958077,26.329999923706055,False,False,True,1,watch
2007-08-21,-0.1665505647624742,0.023178905864958077,25.25,False,False,True,1,watch
2007-08-22,-0.1809363582655023,0.023178905864958077,22.889999389648438,False,False,False,0,normal
2007-08-23,-0.18504116745702684,0.023178905864958077,22.6200008392334,False,False,False,0,normal
2007-08-24,-0.1727760549823116,0.023178905864958077,20.719999313354492,False,False,False,0,normal
2007-08-27,-0.18082472119705315,0.023178905864958077,22.719999313354492,False,False,False,0,normal
2007-08-28,-0.17811170380780825,0.023178905864958077,26.299999237060547,False,False,True,1,watch
2007-08-29,-0.18298844660286595,0.023178905864958077,23.809999465942383,False,False,False,0,normal
2007-08-30,-0.18554444892103875,0.023178905864958077,25.059999465942383,False,False,True,1,watch
2007-08-31,-0.1783231641162389,0.023178905864958077,23.3799991607666,False,False,False,0,normal
2007-09-04,-0.17703298571200624,0.01897448478900876,22.780000686645508,False,False,False,0,normal
2007-09-05,-0.18708737501723327,0.01897448478900876,24.579999923706055,False,False,False,0,normal
2007-09-06,-0.17592813848515523,0.01897448478900876,23.989999771118164,False,False,False,0,normal
2007-09-07,-0.2040210249335487,0.01897448478900876,26.229999542236328,False,False,True,1,watch
2007-09-10,-0.20394964204889549,0.01897448478900876,27.3799991607666,False,False,True,1,watch
2007-09-11,-0.20293202554464537,0.01897448478900876,25.270000457763672,False,False,True,1,watch
2007-09-12,-0.2074434812794729,0.01897448478900876,24.959999084472656,False,False,False,0,normal
2007-09-13,-0.21621885578439298,0.01897448478900876,24.760000228881836,False,False,False,0,normal
2007-09-14,-0.21700715925216071,0.01897448478900876,24.920000076293945,False,False,False,0,normal
2007-09-17,-0.21872305328317826,0.01897448478900876,26.479999542236328,False,False,True,1,watch
2007-09-18,-0.24462094111753777,0.01897448478900876,20.350000381469727,False,False,False,0,normal
2007-09-19,-0.24600473229606595,0.01897448478900876,20.030000686645508,False,False,False,0,normal
2007-09-20,-0.21250527305499653,0.01897448478900876,20.450000762939453,False,False,False,0,normal
2007-09-21,-0.20729843603747408,0.01897448478900876,19.0,False,False,False,0,normal
2007-09-24,-0.20745057307494985,0.01897448478900876,19.3700008392334,False,False,False,0,normal
2007-09-25,-0.2077738590570681,0.01897448478900876,18.600000381469727,False,False,False,0,normal
2007-09-26,-0.19957511054285385,0.01897448478900876,17.6299991607666,False,False,False,0,normal
2007-09-27,-0.19201929352037578,0.01897448478900876,17.0,False,False,False,0,normal
2007-09-28,-0.1944955333564377,0.01897448478900876,18.0,False,False,False,0,normal
2007-10-01,-0.18393638550100613,0.028338264299802685,17.84000015258789,False,False,False,0,normal
2007-10-02,-0.18467819659422352,0.028338264299802685,18.489999771118164,False,False,False,0,normal
2007-10-03,-0.18163209600401126,0.028338264299802685,18.799999237060547,False,False,False,0,normal
2007-10-04,-0.18046663529261878,0.028338264299802685,18.440000534057617,False,False,False,0,normal
2007-10-05,-0.19912243563932375,0.028338264299802685,16.90999984741211,False,False,False,0,normal
2007-10-08,-0.19831726332084507,0.028338264299802685,17.459999084472656,False,False,False,0,normal
2007-10-09,-0.19680594207712238,0.028338264299802685,16.1200008392334,False,False,False,0,normal
2007-10-10,-0.19708208475464298,0.028338264299802685,16.670000076293945,False,False,False,0,normal
2007-10-11,-0.20140747098951425,0.028338264299802685,18.8799991607666,False,False,False,0,normal
2007-10-12,-0.20764397127909812,0.028338264299802685,17.729999542236328,False,False,False,0,normal
2007-10-15,-0.2765158427284943,0.028338264299802685,19.25,False,False,False,0,normal
2007-10-16,-0.27411387813872595,0.028338264299802685,20.020000457763672,False,False,False,0,normal
2007-10-17,-0.2653383818287891,0.028338264299802685,18.540000915527344,False,False,False,0,normal
2007-10-18,-0.3079965733497441,0.028338264299802685,18.5,False,False,False,0,normal
2007-10-19,-0.38395356173230294,0.028338264299802685,22.959999084472656,False,False,False,0,normal
2007-10-22,-0.3818804231337607,0.028338264299802685,21.639999389648438,False,False,False,0,normal
2007-10-23,-0.39142862364284126,0.028338264299802685,20.40999984741211,False,False,False,0,normal
2007-10-24,-0.39225332714216116,0.028338264299802685,20.799999237060547,False,False,False,0,normal
2007-10-25,-0.4001256484340634,0.028338264299802685,21.170000076293945,False,False,False,0,normal
2007-10-26,-0.4335529011115225,0.028338264299802685,19.559999465942383,False,False,False,0,normal
2007-10-29,-0.4290263170446909,0.028338264299802685,19.8700008392334,False,False,False,0,normal
2007-10-30,-0.42067541919015605,0.028338264299802685,21.06999969482422,False,False,False,0,normal
2007-10-31,-0.4271555290312073,0.028338264299802685,18.530000686645508,False,False,False,0,normal
2007-11-01,-0.45677969756782094,0.03610698365527476,23.209999084472656,False,True,False,1,watch
2007-11-02,-0.46002790327834336,0.03610698365527476,23.010000228881836,False,True,False,1,watch
2007-11-05,-0.45685413309601197,0.03610698365527476,24.309999465942383,False,True,False,1,watch
2007-11-06,-0.4692942544301444,0.03610698365527476,21.389999389648438,False,True,False,1,watch
2007-11-07,-0.4665997392622727,0.03610698365527476,26.489999771118164,False,True,True,2,defensive
2007-11-08,-0.4629509203501875,0.03610698365527476,26.15999984741211,False,True,True,2,defensive
2007-11-09,-0.483063300385623,0.03610698365527476,28.5,False,True,True,2,defensive
2007-11-12,-0.48231201903131016,0.03610698365527476,31.09000015258789,False,True,True,2,defensive
2007-11-13,-0.48629421813856305,0.03610698365527476,24.100000381469727,False,True,False,1,watch
2007-11-14,-0.47381372163996127,0.03610698365527476,25.940000534057617,False,True,True,2,defensive
2007-11-15,-0.48127078414175456,0.03610698365527476,28.059999465942383,False,True,True,2,defensive
2007-11-16,-0.47559580739167756,0.03610698365527476,25.489999771118164,False,True,True,2,defensive
2007-11-19,-0.48256859919204165,0.03610698365527476,26.010000228881836,False,True,True,2,defensive
2007-11-20,-0.4901733057490694,0.03610698365527476,24.8799991607666,False,True,False,1,watch
2007-11-21,-0.49636553375456227,0.03610698365527476,26.84000015258789,False,True,True,2,defensive
2007-11-23,-0.485247191882343,0.03610698365527476,25.610000610351562,False,True,True,2,defensive
2007-11-26,-0.5094198272175959,0.03610698365527476,28.90999984741211,False,True,True,2,defensive
2007-11-27,-0.5128425263610881,0.03610698365527476,26.280000686645508,False,True,True,2,defensive
2007-11-28,-0.5254091822204517,0.03610698365527476,24.110000610351562,False,True,False,1,watch
2007-11-29,-0.5203658929592042,0.03610698365527476,23.969999313354492,False,True,False,1,watch
2007-11-30,-0.5247353580149111,0.03610698365527476,22.8700008392334,False,True,False,1,watch
2007-12-03,-0.5169897095446557,0.04373267326732666,23.610000610351562,False,True,False,1,watch
2007-12-04,-0.5163292949956277,0.04373267326732666,23.790000915527344,False,True,False,1,watch
2007-12-05,-0.5262292729422744,0.04373267326732666,22.530000686645508,False,True,False,1,watch
2007-12-06,-0.5298604295775077,0.04373267326732666,20.959999084472656,False,True,False,1,watch
2007-12-07,-0.5179061792740371,0.04373267326732666,20.850000381469727,False,True,False,1,watch
2007-12-10,-0.5236247883470474,0.04373267326732666,20.739999771118164,False,True,False,1,watch
2007-12-11,-0.5498407040414142,0.04373267326732666,23.59000015258789,False,True,False,1,watch
2007-12-12,-0.5460724457510399,0.04373267326732666,22.469999313354492,False,True,False,1,watch
2007-12-13,-0.5342608784040297,0.04373267326732666,22.559999465942383,False,True,False,1,watch
2007-12-14,-0.5112684907571413,0.04373267326732666,23.270000457763672,False,True,False,1,watch
2007-12-17,-0.533342217499669,0.04373267326732666,24.520000457763672,False,True,False,1,watch
2007-12-18,-0.5300394757995377,0.04373267326732666,22.639999389648438,False,True,False,1,watch
2007-12-19,-0.5227467698699447,0.04373267326732666,21.68000030517578,False,True,False,1,watch
2007-12-20,-0.5256584509445343,0.04373267326732666,20.579999923706055,False,True,False,1,watch
2007-12-21,-0.5493494768715798,0.04373267326732666,18.469999313354492,False,True,False,1,watch
2007-12-24,-0.5659407038066508,0.04373267326732666,18.600000381469727,False,True,False,1,watch
2007-12-26,-0.559893780212505,0.04373267326732666,18.65999984741211,False,True,False,1,watch
2007-12-27,-0.5670948515039348,0.04373267326732666,20.260000228881836,False,True,False,1,watch
2007-12-28,-0.5616666821283397,0.04373267326732666,20.739999771118164,False,True,False,1,watch
2007-12-31,-0.5634525229862007,0.04373267326732666,22.5,False,True,False,1,watch
2008-01-02,-0.5665910356631506,0.04108813392417532,23.170000076293945,False,True,False,1,watch
2008-01-03,-0.5761938083534566,0.04108813392417532,22.489999771118164,False,True,False,1,watch
2008-01-04,-0.558832360359036,0.04108813392417532,23.940000534057617,False,True,False,1,watch
2008-01-07,-0.5670950576207815,0.04108813392417532,23.790000915527344,False,True,False,1,watch
2008-01-08,-0.5572940015605284,0.04108813392417532,25.43000030517578,False,True,True,2,defensive
2008-01-09,-0.5536497590291776,0.04108813392417532,24.1200008392334,False,True,False,1,watch
2008-01-10,-0.5559513681982051,0.04108813392417532,23.450000762939453,False,True,False,1,watch
2008-01-11,-0.5605921244591312,0.04108813392417532,23.68000030517578,False,True,False,1,watch
2008-01-14,-0.5526410152417182,0.04108813392417532,22.899999618530273,False,True,False,1,watch
2008-01-15,-0.5632850819152943,0.04108813392417532,23.34000015258789,False,True,False,1,watch
2008-01-16,-0.5424232968433014,0.04108813392417532,24.3799991607666,False,True,False,1,watch
2008-01-17,-0.5593306965548204,0.04108813392417532,28.459999084472656,False,True,True,2,defensive
2008-01-18,-0.5473990000663574,0.04108813392417532,27.18000030517578,False,True,True,2,defensive
2008-01-22,-0.5505903596960745,0.04108813392417532,31.010000228881836,False,True,True,2,defensive
2008-01-23,-0.5437578523567952,0.04108813392417532,29.020000457763672,False,True,True,2,defensive
2008-01-24,-0.5432844417366688,0.04108813392417532,27.780000686645508,False,True,True,2,defensive
2008-01-25,-0.5506848264890776,0.04108813392417532,29.079999923706055,False,True,True,2,defensive
2008-01-28,-0.5462071915921044,0.04108813392417532,27.780000686645508,False,True,True,2,defensive
2008-01-29,-0.545723384080356,0.04108813392417532,27.31999969482422,False,True,True,2,defensive
2008-01-30,-0.5694089217561267,0.04108813392417532,27.6200008392334,False,True,True,2,defensive
2008-01-31,-0.5531768378724665,0.04108813392417532,26.200000762939453,False,True,True,2,defensive
2008-02-01,-0.5372459241981608,0.04294695655165981,24.020000457763672,False,True,False,1,watch
2008-02-04,-0.5158389915117928,0.04294695655165981,25.989999771118164,False,True,True,2,defensive
2008-02-05,-0.5210150754657389,0.04294695655165981,28.239999771118164,False,True,True,2,defensive
2008-02-06,-0.5235207358440969,0.04294695655165981,28.969999313354492,False,True,True,2,defensive
2008-02-07,-0.5195590461060348,0.04294695655165981,27.65999984741211,False,True,True,2,defensive
2008-02-08,-0.5300701485175681,0.04294695655165981,28.010000228881836,False,True,True,2,defensive
2008-02-11,-0.5268673872080617,0.04294695655165981,27.600000381469727,False,True,True,2,defensive
2008-02-12,-0.5310760853885444,0.04294695655165981,26.329999923706055,False,True,True,2,defensive
2008-02-13,-0.5379451219304853,0.04294695655165981,24.8799991607666,False,True,False,1,watch
2008-02-14,-0.5097451131682923,0.04294695655165981,25.540000915527344,False,True,True,2,defensive
2008-02-15,-0.5079066741107601,0.04294695655165981,25.020000457763672,False,True,True,2,defensive
2008-02-19,-0.5079220800320997,0.04294695655165981,25.59000015258789,False,True,True,2,defensive
2008-02-20,-0.5034380275335911,0.04294695655165981,24.399999618530273,False,True,False,1,watch
2008-02-21,-0.5066135498074249,0.04294695655165981,25.1200008392334,False,True,True,2,defensive
2008-02-22,-0.5070557410721179,0.04294695655165981,24.059999465942383,False,True,False,1,watch
2008-02-25,-0.5153186627104206,0.04294695655165981,23.030000686645508,False,True,False,1,watch
2008-02-26,-0.5153024697178239,0.04294695655165981,21.899999618530273,False,True,False,1,watch
2008-02-27,-0.5235724545710346,0.04294695655165981,22.690000534057617,False,True,False,1,watch
2008-02-28,-0.5255328254131196,0.04294695655165981,23.530000686645508,False,True,False,1,watch
2008-02-29,-0.5237670258946171,0.04294695655165981,26.540000915527344,False,True,True,2,defensive
2008-03-03,-0.5234764112637295,0.04142959270611968,26.280000686645508,False,True,True,2,defensive
2008-03-04,-0.5170796611569929,0.04142959270611968,25.520000457763672,False,True,True,2,defensive
2008-03-05,-0.5209413118797968,0.04142959270611968,24.600000381469727,False,True,False,1,watch
2008-03-06,-0.522046545973999,0.04142959270611968,27.549999237060547,False,True,True,2,defensive
2008-03-07,-0.5212929393877576,0.04142959270611968,27.489999771118164,False,True,True,2,defensive
2008-03-10,-0.5294420292356631,0.04142959270611968,29.3799991607666,False,True,True,2,defensive
2008-03-11,-0.5347632505673539,0.04142959270611968,26.360000610351562,False,True,True,2,defensive
2008-03-12,-0.530176547604611,0.04142959270611968,27.219999313354492,False,True,True,2,defensive
2008-03-13,-0.519566080915128,0.04142959270611968,27.290000915527344,False,True,True,2,defensive
2008-03-14,-0.5271573836252543,0.04142959270611968,31.15999984741211,False,True,True,2,defensive
2008-03-17,-0.5307704452215878,0.04142959270611968,32.2400016784668,False,True,True,2,defensive
2008-03-18,-0.5162547858987383,0.04142959270611968,25.790000915527344,False,True,True,2,defensive
2008-03-19,-0.5385327905191913,0.04142959270611968,29.84000015258789,False,True,True,2,defensive
2008-03-20,-0.5317531845732111,0.04142959270611968,26.6200008392334,False,True,True,2,defensive
2008-03-24,-0.5424263637568502,0.04142959270611968,25.729999542236328,False,True,True,2,defensive
2008-03-25,-0.5410018933804355,0.04142959270611968,25.719999313354492,False,True,True,2,defensive
2008-03-26,-0.538063822151686,0.04142959270611968,26.079999923706055,False,True,True,2,defensive
2008-03-27,-0.5348481304801298,0.04142959270611968,25.8799991607666,False,True,True,2,defensive
2008-03-28,-0.5330985842337418,0.04142959270611968,25.709999084472656,False,True,True,2,defensive
2008-03-31,-0.5317976702500558,0.04142959270611968,25.610000610351562,False,True,True,2,defensive
2008-04-01,-0.5487425266628182,0.03974903550134434,22.68000030517578,False,True,False,1,watch
2008-04-02,-0.5484518335674651,0.03974903550134434,23.43000030517578,False,True,False,1,watch
2008-04-03,-0.5463264859180177,0.03974903550134434,23.209999084472656,False,True,False,1,watch
2008-04-04,-0.5530055752629334,0.03974903550134434,22.450000762939453,False,True,False,1,watch
2008-04-07,-0.5375683650043257,0.03974903550134434,22.420000076293945,False,True,False,1,watch
2008-04-08,-0.5326921166805256,0.03974903550134434,22.360000610351562,False,True,False,1,watch
2008-04-09,-0.5337558470861175,0.03974903550134434,22.809999465942383,False,True,False,1,watch
2008-04-10,-0.5367133205914137,0.03974903550134434,21.979999542236328,False,True,False,1,watch
2008-04-11,-0.5377632006338551,0.03974903550134434,23.459999084472656,False,True,False,1,watch
2008-04-14,-0.5339992139254834,0.03974903550134434,23.81999969482422,False,True,False,1,watch
2008-04-15,-0.5336385356760122,0.03974903550134434,22.780000686645508,False,True,False,1,watch
2008-04-16,-0.532941719561384,0.03974903550134434,20.530000686645508,False,True,False,1,watch
2008-04-17,-0.5280104443764493,0.03974903550134434,20.3700008392334,False,True,False,1,watch
2008-04-18,-0.5304966028844328,0.03974903550134434,20.1299991607666,False,True,False,1,watch
2008-04-21,-0.5275560296075139,0.03974903550134434,20.5,False,True,False,1,watch
2008-04-22,-0.5069057255953816,0.03974903550134434,20.8700008392334,False,True,False,1,watch
2008-04-23,-0.5016517507330136,0.03974903550134434,20.260000228881836,False,True,False,1,watch
2008-04-24,-0.5080634700682265,0.03974903550134434,20.059999465942383,False,True,False,1,watch
2008-04-25,-0.5191395633287622,0.03974903550134434,19.59000015258789,False,True,False,1,watch
2008-04-28,-0.5136959936476941,0.03974903550134434,19.639999389648438,False,True,False,1,watch
2008-04-29,-0.5192261226198188,0.03974903550134434,20.239999771118164,False,True,False,1,watch
2008-04-30,-0.5265658874197844,0.03974903550134434,20.790000915527344,False,True,False,1,watch
2008-05-01,-0.5191386816034257,0.039037609759888126,18.8799991607666,False,True,False,1,watch
2008-05-02,-0.5083177394121413,0.039037609759888126,18.18000030517578,False,True,False,1,watch
2008-05-05,-0.506191935550409,0.039037609759888126,18.899999618530273,False,True,False,1,watch
2008-05-06,-0.5098456952806727,0.039037609759888126,18.209999084472656,False,True,False,1,watch
2008-05-07,-0.5052845357145778,0.039037609759888126,19.729999542236328,False,True,False,1,watch
2008-05-08,-0.5094688829309023,0.039037609759888126,19.399999618530273,False,True,False,1,watch
2008-05-09,-0.5076854392292656,0.039037609759888126,19.40999984741211,False,True,False,1,watch
2008-05-12,-0.5042455975643847,0.039037609759888126,17.790000915527344,False,True,False,1,watch
2008-05-13,-0.5006548015906697,0.039037609759888126,17.979999542236328,False,True,False,1,watch
2008-05-14,-0.5091855136264284,0.039037609759888126,17.65999984741211,False,True,False,1,watch
2008-05-15,-0.49367296619358636,0.039037609759888126,16.299999237060547,False,True,False,1,watch
2008-05-16,-0.49932850241675697,0.039037609759888126,16.469999313354492,False,True,False,1,watch
2008-05-19,-0.5025656324292688,0.039037609759888126,17.010000228881836,False,True,False,1,watch
2008-05-20,-0.5034767223498241,0.039037609759888126,17.579999923706055,False,True,False,1,watch
2008-05-21,-0.49622788781682753,0.039037609759888126,18.59000015258789,False,True,False,1,watch
2008-05-22,-0.4960675438540828,0.039037609759888126,18.049999237060547,False,True,False,1,watch
2008-05-23,-0.48671591092642325,0.039037609759888126,19.549999237060547,False,True,False,1,watch
2008-05-27,-0.49761855167485586,0.039037609759888126,19.639999389648438,False,True,False,1,watch
2008-05-28,-0.4818900976159226,0.039037609759888126,19.06999969482422,False,True,False,1,watch
2008-05-29,-0.49314890324056415,0.039037609759888126,18.139999389648438,False,True,False,1,watch
2008-05-30,-0.4844277922069027,0.039037609759888126,17.829999923706055,False,True,False,1,watch
2008-06-02,-0.49182109992031076,0.04088413823123993,19.829999923706055,False,True,False,1,watch
2008-06-03,-0.4928237272729757,0.04088413823123993,20.239999771118164,False,True,False,1,watch
2008-06-04,-0.47718840569804977,0.04088413823123993,20.799999237060547,False,True,False,1,watch
2008-06-05,-0.48011233633124634,0.04088413823123993,18.6299991607666,False,True,False,1,watch
2008-06-06,-0.498668093562117,0.04088413823123993,23.559999465942383,False,True,False,1,watch
2008-06-09,-0.5058114570132229,0.04088413823123993,23.1200008392334,False,True,False,1,watch
2008-06-10,-0.5219401483545647,0.04088413823123993,23.18000030517578,False,True,False,1,watch
2008-06-11,-0.5320586346932977,0.04088413823123993,24.1200008392334,False,True,False,1,watch
2008-06-12,-0.551371979107732,0.04088413823123993,23.329999923706055,False,True,False,1,watch
2008-06-13,-0.5444969585383086,0.04088413823123993,21.219999313354492,False,True,False,1,watch
2008-06-16,-0.5483847360330142,0.04088413823123993,20.950000762939453,False,True,False,1,watch
2008-06-17,-0.5549302373340208,0.04088413823123993,21.1299991607666,False,True,False,1,watch
2008-06-18,-0.5575617604594527,0.04088413823123993,22.239999771118164,False,True,False,1,watch
2008-06-19,-0.5605909531711772,0.04088413823123993,21.579999923706055,False,True,False,1,watch
2008-06-20,-0.5618898561071829,0.04088413823123993,22.8700008392334,False,True,False,1,watch
2008-06-23,-0.5571970076193195,0.04088413823123993,22.639999389648438,False,True,False,1,watch
2008-06-24,-0.5824645671226071,0.04088413823123993,22.420000076293945,False,True,False,1,watch
2008-06-25,-0.5845904782758898,0.04088413823123993,21.139999389648438,False,True,False,1,watch
2008-06-26,-0.5891185655058592,0.04088413823123993,23.93000030517578,False,True,False,1,watch
2008-06-27,-0.5931670803588422,0.04088413823123993,23.440000534057617,False,True,False,1,watch
2008-06-30,-0.5906943914306194,0.04088413823123993,23.950000762939453,False,True,False,1,watch
2008-07-01,-0.5895004733513197,0.04935966105947864,23.649999618530273,False,True,False,1,watch
2008-07-02,-0.5856205852515677,0.04935966105947864,25.920000076293945,False,True,True,2,defensive
2008-07-03,-0.5870919632662264,0.04935966105947864,24.780000686645508,False,True,False,1,watch
2008-07-07,-0.5887607811878071,0.04935966105947864,25.780000686645508,False,True,True,2,defensive
2008-07-08,-0.5672751494238087,0.04935966105947864,23.149999618530273,False,True,False,1,watch
2008-07-09,-0.552390325225072,0.04935966105947864,25.229999542236328,False,True,True,2,defensive
2008-07-10,-0.5531847784016851,0.04935966105947864,25.59000015258789,False,True,True,2,defensive
2008-07-11,-0.5306641026728501,0.04935966105947864,27.489999771118164,False,True,True,2,defensive
2008-07-14,-0.5325994811166649,0.04935966105947864,28.479999542236328,False,True,True,2,defensive
2008-07-15,-0.5252511786792046,0.04935966105947864,28.540000915527344,False,True,True,2,defensive
2008-07-16,-0.5492742261155187,0.04935966105947864,25.100000381469727,False,True,True,2,defensive
2008-07-17,-0.5446780345965956,0.04935966105947864,25.010000228881836,False,True,True,2,defensive
2008-07-18,-0.5390055037006279,0.04935966105947864,24.049999237060547,False,True,False,1,watch
2008-07-21,-0.5384717863844419,0.04935966105947864,23.049999237060547,False,True,False,1,watch
2008-07-22,-0.542394108173631,0.04935966105947864,21.18000030517578,False,True,False,1,watch
2008-07-23,-0.5322424135701926,0.04935966105947864,21.309999465942383,False,True,False,1,watch
2008-07-24,-0.5398011413221002,0.04935966105947864,23.440000534057617,False,True,False,1,watch
2008-07-25,-0.5534307369811751,0.04935966105947864,22.90999984741211,False,True,False,1,watch
2008-07-28,-0.5373453818818533,0.04935966105947864,24.229999542236328,False,True,False,1,watch
2008-07-29,-0.5527163745832508,0.04935966105947864,22.030000686645508,False,True,False,1,watch
2008-07-30,-0.519139710893329,0.04935966105947864,21.209999084472656,False,True,False,1,watch
2008-07-31,-0.5296867294678378,0.04935966105947864,22.940000534057617,False,True,False,1,watch
2008-08-01,-0.5409476997752978,0.054975120783418374,22.56999969482422,False,True,False,1,watch
2008-08-04,-0.5419968258675013,0.054975120783418374,23.489999771118164,False,True,False,1,watch
2008-08-05,-0.5449328422158148,0.054975120783418374,21.139999389648438,False,True,False,1,watch
2008-08-06,-0.5492101498942479,0.054975120783418374,20.229999542236328,False,True,False,1,watch
2008-08-07,-0.5252032842789186,0.054975120783418374,21.149999618530273,False,True,False,1,watch
2008-08-08,-0.5096611088012976,0.054975120783418374,20.65999984741211,False,True,False,1,watch
2008-08-11,-0.5175861915255241,0.054975120783418374,20.1200008392334,False,True,False,1,watch
2008-08-12,-0.5275662233048176,0.054975120783418374,21.170000076293945,False,True,False,1,watch
2008-08-13,-0.524595224046306,0.054975120783418374,21.549999237060547,False,True,False,1,watch
2008-08-14,-0.51417304416891,0.054975120783418374,20.34000015258789,False,True,False,1,watch
2008-08-15,-0.5002399877943282,0.054975120783418374,19.579999923706055,False,True,False,1,watch
2008-08-18,-0.5029328212699373,0.054975120783418374,20.979999542236328,False,True,False,1,watch
2008-08-19,-0.48652014835787794,0.054975120783418374,21.280000686645508,False,True,False,1,watch
2008-08-20,-0.4880398451570032,0.054975120783418374,20.420000076293945,False,True,False,1,watch
2008-08-21,-0.492887382942196,0.054975120783418374,19.81999969482422,False,True,False,1,watch
2008-08-22,-0.4717557658319592,0.054975120783418374,18.809999465942383,False,True,False,1,watch
2008-08-25,-0.4858233201641972,0.054975120783418374,20.969999313354492,False,True,False,1,watch
2008-08-26,-0.4859829298456753,0.054975120783418374,20.489999771118164,False,True,False,1,watch
2008-08-27,-0.4830507570385511,0.054975120783418374,19.760000228881836,False,True,False,1,watch
2008-08-28,-0.47931081485445354,0.054975120783418374,19.43000030517578,False,True,False,1,watch
2008-08-29,-0.47040452897825247,0.054975120783418374,20.649999618530273,False,True,False,1,watch
2008-09-02,-0.47090264815444904,0.053080171620912386,21.989999771118164,False,True,False,1,watch
2008-09-03,-0.4652982479730065,0.053080171620912386,21.43000030517578,False,True,False,1,watch
2008-09-04,-0.477255733003857,0.053080171620912386,24.030000686645508,False,True,False,1,watch
2008-09-05,-0.4770223327749858,0.053080171620912386,23.059999465942383,False,True,False,1,watch
2008-09-08,-0.45574539550868653,0.053080171620912386,22.639999389648438,False,True,False,1,watch
2008-09-09,-0.4790645543059726,0.053080171620912386,25.469999313354492,False,True,True,2,defensive
2008-09-10,-0.4841763836474512,0.053080171620912386,24.520000457763672,False,True,False,1,watch
2008-09-11,-0.4830044819419417,0.053080171620912386,24.389999389648438,False,True,False,1,watch
2008-09-12,-0.47699946465175486,0.053080171620912386,25.65999984741211,False,True,True,2,defensive
2008-09-15,-0.5587327128182138,0.053080171620912386,31.700000762939453,False,True,True,2,defensive
2008-09-16,-0.5577139619492839,0.053080171620912386,30.299999237060547,False,True,True,2,defensive
2008-09-17,-0.5458869261520881,0.053080171620912386,36.220001220703125,False,True,True,2,defensive
2008-09-18,-0.5675389658461362,0.053080171620912386,33.099998474121094,False,True,True,2,defensive
2008-09-19,-0.6184324188350122,0.053080171620912386,32.06999969482422,False,True,True,2,defensive
2008-09-22,-0.6106339552963936,0.053080171620912386,33.849998474121094,False,True,True,2,defensive
2008-09-23,-0.6126492561046255,0.053080171620912386,35.720001220703125,False,True,True,2,defensive
2008-09-24,-0.6098137549473083,0.053080171620912386,35.189998626708984,False,True,True,2,defensive
2008-09-25,-0.6095978121789615,0.053080171620912386,32.81999969482422,False,True,True,2,defensive
2008-09-26,-0.6050207186066151,0.053080171620912386,34.7400016784668,False,True,True,2,defensive
2008-09-29,-0.6652208219053576,0.053080171620912386,46.720001220703125,False,True,True,2,defensive
2008-09-30,-0.6947749259418026,0.053080171620912386,39.38999938964844,False,True,True,2,defensive
2008-10-01,-0.6856631710974499,0.04953319875136075,39.810001373291016,False,True,True,2,defensive
2008-10-02,-0.6850698357675342,0.04953319875136075,45.2599983215332,False,True,True,2,defensive
2008-10-03,-0.6871866585009143,0.04953319875136075,45.13999938964844,False,True,True,2,defensive
2008-10-06,-0.7009115939516721,0.04953319875136075,52.04999923706055,False,True,True,2,defensive
2008-10-07,-0.6743199051928763,0.04953319875136075,53.68000030517578,False,True,True,2,defensive
2008-10-08,-0.638901387278327,0.04953319875136075,57.529998779296875,False,True,True,2,defensive
2008-10-09,-0.5645678600287092,0.04953319875136075,63.91999816894531,False,True,True,2,defensive
2008-10-10,-0.5519518539540271,0.04953319875136075,69.94999694824219,False,True,True,2,defensive
2008-10-13,-0.5233045043318048,0.04953319875136075,54.9900016784668,False,True,True,2,defensive
2008-10-14,-0.509686524872828,0.04953319875136075,55.130001068115234,False,True,True,2,defensive
2008-10-15,-0.5086601069435044,0.04953319875136075,69.25,False,True,True,2,defensive
2008-10-16,-0.5132164936895972,0.04953319875136075,67.61000061035156,False,True,True,2,defensive
2008-10-17,-0.5127662968214973,0.04953319875136075,70.33000183105469,False,True,True,2,defensive
2008-10-20,-0.4794100778853399,0.04953319875136075,52.970001220703125,False,True,True,2,defensive
2008-10-21,-0.48042081016039473,0.04953319875136075,53.11000061035156,False,True,True,2,defensive
2008-10-22,-0.49992416325689204,0.04953319875136075,69.6500015258789,False,True,True,2,defensive
2008-10-23,-0.49429311393402686,0.04953319875136075,67.80000305175781,False,True,True,2,defensive
2008-10-24,-0.46269653297670355,0.04953319875136075,79.12999725341797,False,True,True,2,defensive
2008-10-27,-0.4594284317068041,0.04953319875136075,80.05999755859375,False,True,True,2,defensive
2008-10-28,-0.48088368333283427,0.04953319875136075,66.95999908447266,False,True,True,2,defensive
2008-10-29,-0.4792372665657904,0.04953319875136075,69.95999908447266,False,True,True,2,defensive
2008-10-30,-0.4868744449291885,0.04953319875136075,62.900001525878906,False,True,True,2,defensive
2008-10-31,-0.4856708267426754,0.04953319875136075,59.88999938964844,False,True,True,2,defensive
2008-11-03,-0.4823843692906263,0.03731057889956513,53.68000030517578,False,True,True,2,defensive
2008-11-04,-0.450407849035825,0.03731057889956513,47.72999954223633,False,True,True,2,defensive
2008-11-05,-0.45849122794042857,0.03731057889956513,54.560001373291016,False,True,True,2,defensive
2008-11-06,-0.43722272963807146,0.03731057889956513,63.68000030517578,False,True,True,2,defensive
2008-11-07,-0.4402525426013545,0.03731057889956513,56.099998474121094,False,True,True,2,defensive
2008-11-10,-0.4409074679555823,0.03731057889956513,59.97999954223633,False,True,True,2,defensive
2008-11-11,-0.44084066864766014,0.03731057889956513,61.439998626708984,False,True,True,2,defensive
2008-11-12,-0.44997824882962906,0.03731057889956513,66.45999908447266,False,True,True,2,defensive
2008-11-13,-0.4749798665553469,0.03731057889956513,59.83000183105469,False,True,True,2,defensive
2008-11-14,-0.4884618602866352,0.03731057889956513,66.30999755859375,False,True,True,2,defensive
2008-11-17,-0.49797258549137474,0.03731057889956513,69.1500015258789,False,True,True,2,defensive
2008-11-18,-0.4855722669380216,0.03731057889956513,67.63999938964844,False,True,True,2,defensive
2008-11-19,-0.5071380326192967,0.03731057889956513,74.26000213623047,False,True,True,2,defensive
2008-11-20,-0.5304195837358058,0.03731057889956513,80.86000061035156,False,True,True,2,defensive
2008-11-21,-0.5401476403211283,0.03731057889956513,72.66999816894531,False,True,True,2,defensive
2008-11-24,-0.5526696203785166,0.03731057889956513,64.69999694824219,False,True,True,2,defensive
2008-11-25,-0.530490996765332,0.03731057889956513,60.900001525878906,False,True,True,2,defensive
2008-11-26,-0.5263022569578106,0.03731057889956513,54.91999816894531,False,True,True,2,defensive
2008-11-28,-0.5196401315642285,0.03731057889956513,55.279998779296875,False,True,True,2,defensive
2008-12-01,-0.5493409622046878,0.010999174706166848,68.51000213623047,False,False,True,1,watch
2008-12-02,-0.5462776468615786,0.010999174706166848,62.97999954223633,False,False,True,1,watch
2008-12-03,-0.5439898277160552,0.010999174706166848,60.720001220703125,False,False,True,1,watch
2008-12-04,-0.5438375303551203,0.010999174706166848,63.63999938964844,False,False,True,1,watch
2008-12-05,-0.5493682549284673,0.010999174706166848,59.93000030517578,False,False,True,1,watch
2008-12-08,-0.5494233463263788,0.010999174706166848,58.4900016784668,False,False,True,1,watch
2008-12-09,-0.5488939958174348,0.010999174706166848,58.90999984741211,False,False,True,1,watch
2008-12-10,-0.5504165482743503,0.010999174706166848,55.72999954223633,False,False,True,1,watch
2008-12-11,-0.5464308562872905,0.010999174706166848,55.779998779296875,False,False,True,1,watch
2008-12-12,-0.5465013302897258,0.010999174706166848,54.279998779296875,False,False,True,1,watch
2008-12-15,-0.5470367281386794,0.010999174706166848,56.7599983215332,False,False,True,1,watch
2008-12-16,-0.5123418767175564,0.010999174706166848,52.369998931884766,False,False,True,1,watch
2008-12-17,-0.5059766984742445,0.010999174706166848,49.84000015258789,False,False,True,1,watch
2008-12-18,-0.5062096875130155,0.010999174706166848,47.34000015258789,False,False,True,1,watch
2008-12-19,-0.5071833236322366,0.010999174706166848,44.93000030517578,False,False,True,1,watch
2008-12-22,-0.5041276045092237,0.010999174706166848,44.560001373291016,False,False,True,1,watch
2008-12-23,-0.5045924609886087,0.010999174706166848,45.02000045776367,False,False,True,1,watch
2008-12-24,-0.5050471961617058,0.010999174706166848,44.209999084472656,False,False,True,1,watch
2008-12-26,-0.5067704210919837,0.010999174706166848,43.380001068115234,False,False,True,1,watch
2008-12-29,-0.5065753460066933,0.010999174706166848,43.900001525878906,False,False,True,1,watch
2008-12-30,-0.5012243958652901,0.010999174706166848,41.630001068115234,False,False,True,1,watch
2008-12-31,-0.5001434397552972,0.010999174706166848,40.0,False,False,True,1,watch
2009-01-02,-0.5042398472242815,-0.0002222800255385904,39.189998626708984,False,False,True,1,watch
2009-01-05,-0.4943120298154516,-0.0002222800255385904,39.08000183105469,False,False,True,1,watch
2009-01-06,-0.49450217640097943,-0.0002222800255385904,38.560001373291016,False,False,True,1,watch
2009-01-07,-0.49389107382814035,-0.0002222800255385904,43.38999938964844,False,False,True,1,watch
2009-01-08,-0.4957707057574646,-0.0002222800255385904,42.560001373291016,False,False,True,1,watch
2009-01-09,-0.49513350473248746,-0.0002222800255385904,42.81999969482422,False,False,True,1,watch
2009-01-12,-0.4968775493235846,-0.0002222800255385904,45.84000015258789,False,False,True,1,watch
2009-01-13,-0.4956754101558815,-0.0002222800255385904,43.27000045776367,False,False,True,1,watch
2009-01-14,-0.49911015051686625,-0.0002222800255385904,49.13999938964844,False,False,True,1,watch
2009-01-15,-0.5009804177439475,-0.0002222800255385904,51.0,False,False,True,1,watch
2009-01-16,-0.49867602520370935,-0.0002222800255385904,46.11000061035156,False,False,True,1,watch
2009-01-20,-0.4921467428722562,-0.0002222800255385904,56.650001525878906,False,False,True,1,watch
2009-01-21,-0.5031326679065,-0.0002222800255385904,46.41999816894531,False,False,True,1,watch
2009-01-22,-0.4936953129321436,-0.0002222800255385904,47.290000915527344,False,False,True,1,watch
2009-01-23,-0.4836970850234939,-0.0002222800255385904,47.27000045776367,False,False,True,1,watch
2009-01-26,-0.484321721155536,-0.0002222800255385904,45.689998626708984,False,False,True,1,watch
2009-01-27,-0.4732629633978867,-0.0002222800255385904,42.25,False,False,True,1,watch
2009-01-28,-0.4758832793430873,-0.0002222800255385904,39.65999984741211,False,False,True,1,watch
2009-01-29,-0.44427132050338936,-0.0002222800255385904,42.630001068115234,False,False,True,1,watch
2009-01-30,-0.4433144766671035,-0.0002222800255385904,44.84000015258789,False,False,True,1,watch
2009-02-02,-0.4429255792937047,-0.0011358601902212717,45.52000045776367,False,False,True,1,watch
2009-02-03,-0.4441211818707051,-0.0011358601902212717,43.060001373291016,False,False,True,1,watch
2009-02-04,-0.44326955052238576,-0.0011358601902212717,43.849998474121094,False,False,True,1,watch
2009-02-05,-0.443667551147814,-0.0011358601902212717,43.72999954223633,False,False,True,1,watch
2009-02-06,-0.42241621598196477,-0.0011358601902212717,43.369998931884766,False,False,True,1,watch
2009-02-09,-0.41088701301064373,-0.0011358601902212717,43.63999938964844,False,False,True,1,watch
2009-02-10,-0.4224745099714296,-0.0011358601902212717,46.66999816894531,False,False,True,1,watch
2009-02-11,-0.4170520986601201,-0.0011358601902212717,44.529998779296875,False,False,True,1,watch
2009-02-12,-0.4156790314461034,-0.0011358601902212717,41.25,False,False,True,1,watch
2009-02-13,-0.3943883398881783,-0.0011358601902212717,42.93000030517578,False,False,True,1,watch
2009-02-17,-0.41220772220481716,-0.0011358601902212717,48.65999984741211,False,False,True,1,watch
2009-02-18,-0.420956323599126,-0.0011358601902212717,48.459999084472656,False,False,True,1,watch
2009-02-19,-0.43490082682574005,-0.0011358601902212717,47.08000183105469,False,False,True,1,watch
2009-02-20,-0.4405885096245956,-0.0011358601902212717,49.29999923706055,False,False,True,1,watch
2009-02-23,-0.4447126787275388,-0.0011358601902212717,52.619998931884766,False,False,True,1,watch
2009-02-24,-0.4463214171526793,-0.0011358601902212717,45.4900016784668,False,False,True,1,watch
2009-02-25,-0.44681673428984026,-0.0011358601902212717,44.66999816894531,False,False,True,1,watch
2009-02-26,-0.4399590671623881,-0.0011358601902212717,44.65999984741211,False,False,True,1,watch
2009-02-27,-0.43693222256340075,-0.0011358601902212717,46.349998474121094,False,False,True,1,watch
2009-03-02,-0.462639152146803,8.463140671510772e-05,52.650001525878906,False,False,True,1,watch
2009-03-03,-0.46071819241567413,8.463140671510772e-05,50.93000030517578,False,False,True,1,watch
2009-03-04,-0.4504806247731796,8.463140671510772e-05,47.560001373291016,False,False,True,1,watch
2009-03-05,-0.4646792101920373,8.463140671510772e-05,50.16999816894531,False,False,True,1,watch
2009-03-06,-0.4841466409496833,8.463140671510772e-05,49.33000183105469,False,False,True,1,watch
2009-03-09,-0.48507984753073724,8.463140671510772e-05,49.68000030517578,False,False,True,1,watch
2009-03-10,-0.49850270801688623,8.463140671510772e-05,44.369998931884766,False,False,True,1,watch
2009-03-11,-0.49647390194155716,8.463140671510772e-05,43.61000061035156,False,False,True,1,watch
2009-03-12,-0.4843708324810786,8.463140671510772e-05,41.18000030517578,False,False,True,1,watch
2009-03-13,-0.48496249631699734,8.463140671510772e-05,42.36000061035156,False,False,True,1,watch
2009-03-16,-0.4817726081321551,8.463140671510772e-05,43.7400016784668,False,False,True,1,watch
2009-03-17,-0.5049304113819639,8.463140671510772e-05,40.79999923706055,False,False,True,1,watch
2009-03-18,-0.46493261902044375,8.463140671510772e-05,40.060001373291016,False,False,True,1,watch
2009-03-19,-0.48434357687056073,8.463140671510772e-05,43.68000030517578,False,False,True,1,watch
2009-03-20,-0.477464541205406,8.463140671510772e-05,45.88999938964844,False,False,True,1,watch
2009-03-23,-0.4768903210575973,8.463140671510772e-05,43.22999954223633,False,False,True,1,watch
2009-03-24,-0.4801749001724124,8.463140671510772e-05,42.93000030517578,False,False,True,1,watch
2009-03-25,-0.48193336597800135,8.463140671510772e-05,42.25,False,False,True,1,watch
2009-03-26,-0.4564307905389212,8.463140671510772e-05,40.36000061035156,False,False,True,1,watch
2009-03-27,-0.4466481234518255,8.463140671510772e-05,41.040000915527344,False,False,True,1,watch
2009-03-30,-0.44482567145691343,8.463140671510772e-05,45.540000915527344,False,False,True,1,watch
2009-03-31,-0.4505125005938893,8.463140671510772e-05,44.13999938964844,False,False,True,1,watch
2009-04-01,-0.4249987218731496,-0.004464787676623838,42.279998779296875,False,False,True,1,watch
2009-04-02,-0.3721017058921562,-0.004464787676623838,42.040000915527344,False,False,True,1,watch
2009-04-03,-0.36132429820568407,-0.004464787676623838,39.70000076293945,False,False,True,1,watch
2009-04-06,-0.34461854493781474,-0.004464787676623838,40.93000030517578,False,False,True,1,watch
2009-04-07,-0.35829312481569464,-0.004464787676623838,40.38999938964844,False,False,True,1,watch
2009-04-08,-0.36028396262515183,-0.004464787676623838,38.849998474121094,False,False,True,1,watch
2009-04-09,-0.37507070165674683,-0.004464787676623838,36.529998779296875,False,False,True,1,watch
2009-04-13,-0.30687100625049774,-0.004464787676623838,37.810001373291016,False,False,True,1,watch
2009-04-14,-0.3184740034435185,-0.004464787676623838,37.66999816894531,False,False,True,1,watch
2009-04-15,-0.32291240233843277,-0.004464787676623838,36.16999816894531,False,False,True,1,watch
2009-04-16,-0.3149182378130036,-0.004464787676623838,35.790000915527344,False,False,True,1,watch
2009-04-17,-0.3052610684062218,-0.004464787676623838,33.939998626708984,False,False,True,1,watch
2009-04-20,-0.321551867031174,-0.004464787676623838,39.18000030517578,False,False,True,1,watch
2009-04-21,-0.31925048340829126,-0.004464787676623838,37.13999938964844,False,False,True,1,watch
2009-04-22,-0.31767473813558544,-0.004464787676623838,38.099998474121094,False,False,True,1,watch
2009-04-23,-0.3166905668267516,-0.004464787676623838,37.150001525878906,False,False,True,1,watch
2009-04-24,-0.32061020996818734,-0.004464787676623838,36.81999969482422,False,False,True,1,watch
2009-04-27,-0.3179347818711909,-0.004464787676623838,38.31999969482422,False,False,True,1,watch
2009-04-28,-0.3704262894832804,-0.004464787676623838,37.95000076293945,False,False,True,1,watch
2009-04-29,-0.37349220914755416,-0.004464787676623838,36.08000183105469,False,False,True,1,watch
2009-04-30,-0.3654408377313829,-0.004464787676623838,36.5,False,False,True,1,watch
2009-05-01,-0.36560815761556836,-0.005763244243767063,35.29999923706055,False,False,True,1,watch
2009-05-04,-0.35808895391095563,-0.005763244243767063,34.529998779296875,False,False,True,1,watch
2009-05-05,-0.3582748652247021,-0.005763244243767063,33.36000061035156,False,False,True,1,watch
2009-05-06,-0.3575046743054781,-0.005763244243767063,32.45000076293945,False,False,True,1,watch
2009-05-07,-0.34120098388046954,-0.005763244243767063,33.439998626708984,False,False,True,1,watch
2009-05-08,-0.3353121300617252,-0.005763244243767063,32.04999923706055,False,False,True,1,watch
2009-05-11,-0.3552833722979072,-0.005763244243767063,32.869998931884766,False,False,True,1,watch
2009-05-12,-0.3510547574850218,-0.005763244243767063,31.799999237060547,False,False,True,1,watch
2009-05-13,-0.34281738489671326,-0.005763244243767063,33.650001525878906,False,False,True,1,watch
2009-05-14,-0.3480399837083841,-0.005763244243767063,31.3700008392334,False,False,True,1,watch
2009-05-15,-0.34697675220404245,-0.005763244243767063,33.119998931884766,False,False,True,1,watch
2009-05-18,-0.354082236518363,-0.005763244243767063,30.239999771118164,False,False,True,1,watch
2009-05-19,-0.35384347469829686,-0.005763244243767063,28.799999237060547,False,False,True,1,watch
2009-05-20,-0.35452516180966914,-0.005763244243767063,29.030000686645508,False,False,True,1,watch
2009-05-21,-0.3279749474979141,-0.005763244243767063,31.350000381469727,False,False,True,1,watch
2009-05-22,-0.32639722031782825,-0.005763244243767063,32.630001068115234,False,False,True,1,watch
2009-05-26,-0.3194327563311152,-0.005763244243767063,30.6200008392334,False,False,True,1,watch
2009-05-27,-0.3055791007930219,-0.005763244243767063,32.36000061035156,False,False,True,1,watch
2009-05-28,-0.2932014159708478,-0.005763244243767063,31.670000076293945,False,False,True,1,watch
2009-05-29,-0.27458125793300103,-0.005763244243767063,28.920000076293945,False,False,True,1,watch
2009-06-01,-0.2570014505491904,-0.01015761495855172,30.040000915527344,False,False,True,1,watch
2009-06-02,-0.27118627553523644,-0.01015761495855172,29.6299991607666,False,False,True,1,watch
2009-06-03,-0.2751033361576733,-0.01015761495855172,31.020000457763672,False,False,True,1,watch
2009-06-04,-0.27643140617560624,-0.01015761495855172,30.18000030517578,False,False,True,1,watch
2009-06-05,-0.28943789955415783,-0.01015761495855172,29.6200008392334,False,False,True,1,watch
2009-06-08,-0.26889925338278275,-0.01015761495855172,29.770000457763672,False,False,True,1,watch
2009-06-09,-0.30478668098835265,-0.01015761495855172,28.270000457763672,False,False,True,1,watch
2009-06-10,-0.3035659131359552,-0.01015761495855172,28.459999084472656,False,False,True,1,watch
2009-06-11,-0.3009112492357169,-0.01015761495855172,28.110000610351562,False,False,True,1,watch
2009-06-12,-0.2940283185892328,-0.01015761495855172,28.149999618530273,False,False,True,1,watch
2009-06-15,-0.30166336322201215,-0.01015761495855172,30.809999465942383,False,False,True,1,watch
2009-06-16,-0.30998392884236586,-0.01015761495855172,32.68000030517578,False,False,True,1,watch
2009-06-17,-0.3098458367551336,-0.01015761495855172,31.540000915527344,False,False,True,1,watch
2009-06-18,-0.31150485854412013,-0.01015761495855172,30.030000686645508,False,False,True,1,watch
2009-06-19,-0.2776736368429278,-0.01015761495855172,27.989999771118164,False,False,True,1,watch
2009-06-22,-0.2917098807736923,-0.01015761495855172,31.170000076293945,False,False,True,1,watch
2009-06-23,-0.29102702134261427,-0.01015761495855172,30.579999923706055,False,False,True,1,watch
2009-06-24,-0.3124228081633836,-0.01015761495855172,29.049999237060547,False,False,True,1,watch
2009-06-25,-0.2482447075211607,-0.01015761495855172,26.360000610351562,False,False,True,1,watch
2009-06-26,-0.25065505324083054,-0.01015761495855172,25.93000030517578,False,False,True,1,watch
2009-06-29,-0.2617383810848301,-0.01015761495855172,25.350000381469727,False,False,True,1,watch
2009-06-30,-0.2570212087663699,-0.01015761495855172,26.350000381469727,False,False,True,1,watch
2009-07-01,-0.24571509446380504,-0.012291746182109153,26.219999313354492,False,False,True,1,watch
2009-07-02,-0.25109200658498193,-0.012291746182109153,27.950000762939453,False,False,True,1,watch
2009-07-06,-0.25714997436609804,-0.012291746182109153,29.0,False,False,True,1,watch
2009-07-07,-0.27239817156623347,-0.012291746182109153,30.850000381469727,False,False,True,1,watch
2009-07-08,-0.27942069491124166,-0.012291746182109153,31.299999237060547,False,False,True,1,watch
2009-07-09,-0.25198207689742236,-0.012291746182109153,29.780000686645508,False,False,True,1,watch
2009-07-10,-0.25703978454146825,-0.012291746182109153,29.020000457763672,False,False,True,1,watch
2009-07-13,-0.25799945541717234,-0.012291746182109153,26.309999465942383,False,False,True,1,watch
2009-07-14,-0.21176059160944796,-0.012291746182109153,25.020000457763672,False,False,True,1,watch
2009-07-15,-0.2356009402384767,-0.012291746182109153,25.889999389648438,False,False,True,1,watch
2009-07-16,-0.24181036711499973,-0.012291746182109153,25.420000076293945,False,False,True,1,watch
2009-07-17,-0.2095572275136208,-0.012291746182109153,24.34000015258789,False,False,False,0,normal
2009-07-20,-0.20979791094186748,-0.012291746182109153,24.399999618530273,False,False,False,0,normal
2009-07-21,-0.220309830972872,-0.012291746182109153,23.8700008392334,False,False,False,0,normal
2009-07-22,-0.21769419908650253,-0.012291746182109153,23.469999313354492,False,False,False,0,normal
2009-07-23,-0.23688159212785878,-0.012291746182109153,23.43000030517578,False,False,False,0,normal
2009-07-24,-0.23328373003940847,-0.012291746182109153,23.09000015258789,False,False,False,0,normal
2009-07-27,-0.28933366461436494,-0.012291746182109153,24.280000686645508,False,False,False,0,normal
2009-07-28,-0.2910354492140572,-0.012291746182109153,25.010000228881836,False,False,True,1,watch
2009-07-29,-0.3012452038082516,-0.012291746182109153,25.610000610351562,False,False,True,1,watch
2009-07-30,-0.2911396933879466,-0.012291746182109153,25.399999618530273,False,False,True,1,watch
2009-07-31,-0.2784284943290696,-0.012291746182109153,25.920000076293945,False,False,True,1,watch
2009-08-03,-0.2829502484437856,-0.01958761003762277,25.559999465942383,False,False,True,1,watch
2009-08-04,-0.2997912326292309,-0.01958761003762277,24.889999389648438,False,False,False,0,normal
2009-08-05,-0.2862862416987163,-0.01958761003762277,24.899999618530273,False,False,False,0,normal
2009-08-06,-0.28619331838007844,-0.01958761003762277,25.670000076293945,False,False,True,1,watch
2009-08-07,-0.293824517347381,-0.01958761003762277,24.760000228881836,False,False,False,0,normal
2009-08-10,-0.3099170580201026,-0.01958761003762277,24.989999771118164,False,False,False,0,normal
2009-08-11,-0.3069999834709886,-0.01958761003762277,25.989999771118164,False,False,True,1,watch
2009-08-12,-0.3058599759730259,-0.01958761003762277,25.450000762939453,False,False,True,1,watch
2009-08-13,-0.3008414084826116,-0.01958761003762277,24.709999084472656,False,False,False,0,normal
2009-08-14,-0.3027082433216029,-0.01958761003762277,24.270000457763672,False,False,False,0,normal
2009-08-17,-0.32724422119065805,-0.01958761003762277,27.889999389648438,False,False,True,1,watch
2009-08-18,-0.3141632392661654,-0.01958761003762277,26.18000030517578,False,False,True,1,watch
2009-08-19,-0.3088473298828399,-0.01958761003762277,26.260000228881836,False,False,True,1,watch
2009-08-20,-0.29861666377052454,-0.01958761003762277,25.09000015258789,False,False,True,1,watch
2009-08-21,-0.3140154446613563,-0.01958761003762277,25.010000228881836,False,False,True,1,watch
2009-08-24,-0.3089222174473715,-0.01958761003762277,25.139999389648438,False,False,True,1,watch
2009-08-25,-0.3068475901658251,-0.01958761003762277,24.920000076293945,False,False,False,0,normal
2009-08-26,-0.2814796971872702,-0.01958761003762277,24.950000762939453,False,False,False,0,normal
2009-08-27,-0.2737727832475218,-0.01958761003762277,24.68000030517578,False,False,False,0,normal
2009-08-28,-0.2786419075194876,-0.01958761003762277,24.760000228881836,False,False,False,0,normal
2009-08-31,-0.27912664283167493,-0.01958761003762277,26.010000228881836,False,False,True,1,watch
2009-09-01,-0.26412891685661355,-0.014838355663267633,29.149999618530273,False,False,True,1,watch
2009-09-02,-0.26521052570281,-0.014838355663267633,28.899999618530273,False,False,True,1,watch
2009-09-03,-0.2756417791015734,-0.014838355663267633,27.100000381469727,False,False,True,1,watch
2009-09-04,-0.277950823794213,-0.014838355663267633,25.260000228881836,False,False,True,1,watch
2009-09-08,-0.28082952253167015,-0.014838355663267633,25.6200008392334,False,False,True,1,watch
2009-09-09,-0.27992541993004594,-0.014838355663267633,24.31999969482422,False,False,False,0,normal
2009-09-10,-0.28229503881657575,-0.014838355663267633,23.549999237060547,False,False,False,0,normal
2009-09-11,-0.28346344162641013,-0.014838355663267633,24.149999618530273,False,False,False,0,normal
2009-09-14,-0.2843452856895399,-0.014838355663267633,23.860000610351562,False,False,False,0,normal
2009-09-15,-0.32165202304036244,-0.014838355663267633,23.420000076293945,False,False,False,0,normal
2009-09-16,-0.3269422281785856,-0.014838355663267633,23.690000534057617,False,False,False,0,normal
2009-09-17,-0.3141290263502869,-0.014838355663267633,23.649999618530273,False,False,False,0,normal
2009-09-18,-0.3114246666086289,-0.014838355663267633,23.920000076293945,False,False,False,0,normal
2009-09-21,-0.29971244304123457,-0.014838355663267633,24.059999465942383,False,False,False,0,normal
2009-09-22,-0.3014854258461982,-0.014838355663267633,23.079999923706055,False,False,False,0,normal
2009-09-23,-0.3040307045422105,-0.014838355663267633,23.489999771118164,False,False,False,0,normal
2009-09-24,-0.283433778347627,-0.014838355663267633,24.950000762939453,False,False,False,0,normal
2009-09-25,-0.289848586752668,-0.014838355663267633,25.610000610351562,False,False,True,1,watch
2009-09-28,-0.27072846418059754,-0.014838355663267633,24.8799991607666,False,False,False,0,normal
2009-09-29,-0.3141763246158854,-0.014838355663267633,25.190000534057617,False,False,True,1,watch
2009-09-30,-0.31894743559410826,-0.014838355663267633,25.610000610351562,False,False,True,1,watch
2009-10-01,-0.3147809420534618,-0.01377942862886472,28.270000457763672,False,False,True,1,watch
2009-10-02,-0.34955352615446167,-0.01377942862886472,28.68000030517578,False,False,True,1,watch
2009-10-05,-0.3666799152640602,-0.01377942862886472,26.84000015258789,False,False,True,1,watch
2009-10-06,-0.42260168958216116,-0.01377942862886472,25.700000762939453,False,False,True,1,watch
2009-10-07,-0.38380122698319324,-0.01377942862886472,24.68000030517578,False,False,False,0,normal
2009-10-08,-0.38739089648835406,-0.01377942862886472,24.18000030517578,False,False,False,0,normal
2009-10-09,-0.38058505671518883,-0.01377942862886472,23.1200008392334,False,False,False,0,normal
2009-10-12,-0.3741727413209518,-0.01377942862886472,23.010000228881836,False,False,False,0,normal
2009-10-13,-0.3774788172445974,-0.01377942862886472,22.989999771118164,False,False,False,0,normal
2009-10-14,-0.3938007921043416,-0.01377942862886472,22.860000610351562,False,False,False,0,normal
2009-10-15,-0.39402870327842454,-0.01377942862886472,21.719999313354492,False,False,False,0,normal
2009-10-16,-0.4095861958453572,-0.01377942862886472,21.43000030517578,False,False,False,0,normal
2009-10-19,-0.40843522037844693,-0.01377942862886472,21.489999771118164,False,False,False,0,normal
2009-10-20,-0.4119121429042308,-0.01377942862886472,20.899999618530273,False,False,False,0,normal
2009-10-21,-0.39601290839303216,-0.01377942862886472,22.219999313354492,False,False,False,0,normal
2009-10-22,-0.3836676973354384,-0.01377942862886472,20.690000534057617,False,False,False,0,normal
2009-10-23,-0.37159879071159546,-0.01377942862886472,22.270000457763672,False,False,False,0,normal
2009-10-26,-0.34636695847209853,-0.01377942862886472,24.309999465942383,False,False,False,0,normal
2009-10-27,-0.35592648922551956,-0.01377942862886472,24.829999923706055,False,False,False,0,normal
2009-10-28,-0.34716758048871144,-0.01377942862886472,27.90999984741211,False,False,True,1,watch
2009-10-29,-0.36068616427410877,-0.01377942862886472,24.760000228881836,False,False,False,0,normal
2009-10-30,-0.3780018728829324,-0.01377942862886472,30.690000534057617,False,False,True,1,watch
2009-11-02,-0.4261089718254359,-0.002239682942003385,29.780000686645508,False,False,True,1,watch
2009-11-03,-0.42521073723440933,-0.002239682942003385,28.809999465942383,False,False,True,1,watch
2009-11-04,-0.4264873846293368,-0.002239682942003385,27.719999313354492,False,False,True,1,watch
2009-11-05,-0.42476963463358774,-0.002239682942003385,25.43000030517578,False,False,True,1,watch
2009-11-06,-0.4244141980164166,-0.002239682942003385,24.190000534057617,False,False,False,0,normal
2009-11-09,-0.42443572368463167,-0.002239682942003385,23.149999618530273,False,False,False,0,normal
2009-11-10,-0.42454240806785903,-0.002239682942003385,22.84000015258789,False,False,False,0,normal
2009-11-11,-0.41950799359965196,-0.002239682942003385,23.040000915527344,False,False,False,0,normal
2009-11-12,-0.41565029243697454,-0.002239682942003385,24.239999771118164,False,False,False,0,normal
2009-11-13,-0.4173762240768949,-0.002239682942003385,23.360000610351562,False,False,False,0,normal
2009-11-16,-0.39615900001693777,-0.002239682942003385,22.889999389648438,False,False,False,0,normal
2009-11-17,-0.3935307213357479,-0.002239682942003385,22.40999984741211,False,False,False,0,normal
2009-11-18,-0.39126876852109527,-0.002239682942003385,21.6299991607666,False,False,False,0,normal
2009-11-19,-0.34274355968878284,-0.002239682942003385,22.6299991607666,False,False,False,0,normal
2009-11-20,-0.3401606180517826,-0.002239682942003385,22.190000534057617,False,False,False,0,normal
2009-11-23,-0.33098789755721153,-0.002239682942003385,21.15999984741211,False,False,False,0,normal
2009-11-24,-0.3366705545587144,-0.002239682942003385,20.469999313354492,False,False,False,0,normal
2009-11-25,-0.3494008414476264,-0.002239682942003385,20.479999542236328,False,False,False,0,normal
2009-11-27,-0.3539538414662232,-0.002239682942003385,24.739999771118164,False,False,False,0,normal
2009-11-30,-0.32431595468959695,-0.002239682942003385,24.510000228881836,False,False,False,0,normal
2009-12-01,-0.33584688947209196,0.019145871744709275,21.920000076293945,False,False,False,0,normal
2009-12-02,-0.33703837643859114,0.019145871744709275,21.1200008392334,False,False,False,0,normal
2009-12-03,-0.3175501234788089,0.019145871744709275,22.459999084472656,False,False,False,0,normal
2009-12-04,-0.3186009720702386,0.019145871744709275,21.25,False,False,False,0,normal
2009-12-07,-0.33831940041530095,0.019145871744709275,22.100000381469727,False,False,False,0,normal
2009-12-08,-0.3462395948200958,0.019145871744709275,23.690000534057617,False,False,False,0,normal
2009-12-09,-0.3287655728926,0.019145871744709275,22.65999984741211,False,False,False,0,normal
2009-12-10,-0.3317084198195639,0.019145871744709275,22.31999969482422,False,False,False,0,normal
2009-12-11,-0.34495735594648375,0.019145871744709275,21.59000015258789,False,False,False,0,normal
2009-12-14,-0.3423346218329965,0.019145871744709275,21.149999618530273,False,False,False,0,normal
2009-12-15,-0.32946605167922627,0.019145871744709275,21.489999771118164,False,False,False,0,normal
2009-12-16,-0.32835141291673187,0.019145871744709275,20.540000915527344,False,False,False,0,normal
2009-12-17,-0.33262814769131743,0.019145871744709275,22.510000228881836,False,False,False,0,normal
2009-12-18,-0.3258398711710723,0.019145871744709275,21.68000030517578,False,False,False,0,normal
2009-12-21,-0.3532216179800712,0.019145871744709275,20.489999771118164,False,False,False,0,normal
2009-12-22,-0.35143739577612637,0.019145871744709275,19.540000915527344,False,False,False,0,normal
2009-12-23,-0.31980901055314814,0.019145871744709275,19.709999084472656,False,False,False,0,normal
2009-12-24,-0.3182606459168211,0.019145871744709275,19.469999313354492,False,False,False,0,normal
2009-12-28,-0.32931344483723857,0.019145871744709275,19.93000030517578,False,False,False,0,normal
2009-12-29,-0.3440998306457574,0.019145871744709275,20.010000228881836,False,False,False,0,normal
2009-12-30,-0.3112043394072987,0.019145871744709275,19.959999084472656,False,False,False,0,normal
2009-12-31,-0.3076047671036896,0.019145871744709275,21.68000030517578,False,False,False,0,normal
2010-01-04,-0.3057142301212457,0.028141231232083674,20.040000915527344,False,False,False,0,normal
2010-01-05,-0.3029406214495872,0.028141231232083674,19.350000381469727,False,False,False,0,normal
2010-01-06,-0.2977372831648287,0.028141231232083674,19.15999984741211,False,False,False,0,normal
2010-01-07,-0.2961847081731625,0.028141231232083674,19.059999465942383,False,False,False,0,normal
2010-01-08,-0.2956707857493567,0.028141231232083674,18.1299991607666,False,False,False,0,normal
2010-01-11,-0.31092660262711863,0.028141231232083674,17.549999237060547,False,False,False,0,normal
2010-01-12,-0.32288626701031814,0.028141231232083674,18.25,False,False,False,0,normal
2010-01-13,-0.32585918340492415,0.028141231232083674,17.850000381469727,False,False,False,0,normal
2010-01-14,-0.29902933829482337,0.028141231232083674,17.6299991607666,False,False,False,0,normal
2010-01-15,-0.30179102526231505,0.028141231232083674,17.90999984741211,False,False,False,0,normal
2010-01-19,-0.3033590294475354,0.028141231232083674,17.579999923706055,False,False,False,0,normal
2010-01-20,-0.34950421158765393,0.028141231232083674,18.68000030517578,False,False,False,0,normal
2010-01-21,-0.35440650147785185,0.028141231232083674,22.270000457763672,False,False,False,0,normal
2010-01-22,-0.3371300266355679,0.028141231232083674,27.309999465942383,False,False,True,1,watch
2010-01-25,-0.33741933673049185,0.028141231232083674,25.40999984741211,False,False,True,1,watch
2010-01-26,-0.34565728786696476,0.028141231232083674,24.549999237060547,False,False,False,0,normal
2010-01-27,-0.3471047072413471,0.028141231232083674,23.139999389648438,False,False,False,0,normal
2010-01-28,-0.3460599422685974,0.028141231232083674,23.729999542236328,False,False,False,0,normal
2010-01-29,-0.3544614403268291,0.028141231232083674,24.6200008392334,False,False,False,0,normal
2010-02-01,-0.3684151265705458,0.026211113889767157,22.59000015258789,False,False,False,0,normal
2010-02-02,-0.3581930523781678,0.026211113889767157,21.479999542236328,False,False,False,0,normal
2010-02-03,-0.3431159800856199,0.026211113889767157,21.600000381469727,False,False,False,0,normal
2010-02-04,-0.3799084708122682,0.026211113889767157,26.079999923706055,False,False,True,1,watch
2010-02-05,-0.40902748214454854,0.026211113889767157,26.110000610351562,False,False,True,1,watch
2010-02-08,-0.4099394272738275,0.026211113889767157,26.510000228881836,False,False,True,1,watch
2010-02-09,-0.41917534448096677,0.026211113889767157,26.0,False,False,True,1,watch
2010-02-10,-0.3860888754433373,0.026211113889767157,25.399999618530273,False,False,True,1,watch
2010-02-11,-0.39538123760079974,0.026211113889767157,23.959999084472656,False,False,False,0,normal
2010-02-12,-0.4016120042046157,0.026211113889767157,22.729999542236328,False,False,False,0,normal
2010-02-16,-0.380971763335914,0.026211113889767157,22.25,False,False,False,0,normal
2010-02-17,-0.3919659306871333,0.026211113889767157,21.719999313354492,False,False,False,0,normal
2010-02-18,-0.3882523285594001,0.026211113889767157,20.6299991607666,False,False,False,0,normal
2010-02-19,-0.38654541189376385,0.026211113889767157,20.020000457763672,False,False,False,0,normal
2010-02-22,-0.3874188679233464,0.026211113889767157,19.940000534057617,False,False,False,0,normal
2010-02-23,-0.4023334071026377,0.026211113889767157,21.3700008392334,False,False,False,0,normal
2010-02-24,-0.3761186572848165,0.026211113889767157,20.270000457763672,False,False,False,0,normal
2010-02-25,-0.3749480924081554,0.026211113889767157,20.100000381469727,False,False,False,0,normal
2010-02-26,-0.3680409848320099,0.026211113889767157,19.5,False,False,False,0,normal
2010-03-01,-0.3792065775195166,0.02151336357866529,19.260000228881836,False,False,False,0,normal
2010-03-02,-0.3765308535923618,0.02151336357866529,19.059999465942383,False,False,False,0,normal
2010-03-03,-0.3871269249839387,0.02151336357866529,18.829999923706055,False,False,False,0,normal
2010-03-04,-0.38001646817902396,0.02151336357866529,18.719999313354492,False,False,False,0,normal
2010-03-05,-0.41284321145612807,0.02151336357866529,17.420000076293945,False,False,False,0,normal
2010-03-08,-0.44263010516503654,0.02151336357866529,17.790000915527344,False,False,False,0,normal
2010-03-09,-0.44058034892928527,0.02151336357866529,17.920000076293945,False,False,False,0,normal
2010-03-10,-0.4364659587880957,0.02151336357866529,18.56999969482422,False,False,False,0,normal
2010-03-11,-0.41532002040634747,0.02151336357866529,18.059999465942383,False,False,False,0,normal
2010-03-12,-0.3725865218671257,0.02151336357866529,17.579999923706055,False,False,False,0,normal
2010-03-15,-0.3697465358977951,0.02151336357866529,18.0,False,False,False,0,normal
2010-03-16,-0.3569987704100043,0.02151336357866529,17.690000534057617,False,False,False,0,normal
2010-03-17,-0.3534547636302317,0.02151336357866529,16.90999984741211,False,False,False,0,normal
2010-03-18,-0.35940943865344355,0.02151336357866529,16.6200008392334,False,False,False,0,normal
2010-03-19,-0.3599590066375486,0.02151336357866529,16.969999313354492,False,False,False,0,normal
2010-03-22,-0.37614788917185643,0.02151336357866529,16.8700008392334,False,False,False,0,normal
2010-03-23,-0.3797191391564153,0.02151336357866529,16.350000381469727,False,False,False,0,normal
2010-03-24,-0.3522781169471503,0.02151336357866529,17.549999237060547,False,False,False,0,normal
2010-03-25,-0.354242925657335,0.02151336357866529,18.399999618530273,False,False,False,0,normal
2010-03-26,-0.3601633958260057,0.02151336357866529,17.770000457763672,False,False,False,0,normal
2010-03-29,-0.4037575377693903,0.02151336357866529,17.59000015258789,False,False,False,0,normal
2010-03-30,-0.405204894612505,0.02151336357866529,17.1299991607666,False,False,False,0,normal
2010-03-31,-0.4104170132067581,0.02151336357866529,17.59000015258789,False,False,False,0,normal
2010-04-01,-0.411804853735944,0.022861714393279886,17.469999313354492,False,False,False,0,normal
2010-04-05,-0.4201766264527109,0.022861714393279886,17.020000457763672,False,False,False,0,normal
2010-04-06,-0.42276134285838296,0.022861714393279886,16.229999542236328,False,False,False,0,normal
2010-04-07,-0.4323310787662715,0.022861714393279886,16.6200008392334,False,False,False,0,normal
2010-04-08,-0.43543344056149297,0.022861714393279886,16.479999542236328,False,False,False,0,normal
2010-04-09,-0.42853679867268385,0.022861714393279886,16.139999389648438,False,False,False,0,normal
2010-04-12,-0.42834307872156585,0.022861714393279886,15.579999923706055,False,False,False,0,normal
2010-04-13,-0.4151850709118026,0.022861714393279886,16.200000762939453,False,False,False,0,normal
2010-04-14,-0.42178020683552525,0.022861714393279886,15.59000015258789,False,False,False,0,normal
2010-04-15,-0.44529793873642765,0.022861714393279886,15.890000343322754,False,False,False,0,normal
2010-04-16,-0.4525837543994679,0.022861714393279886,18.360000610351562,False,False,False,0,normal
2010-04-19,-0.45282522532993963,0.022861714393279886,17.34000015258789,False,False,False,0,normal
2010-04-20,-0.4460794009499181,0.022861714393279886,15.729999542236328,False,False,False,0,normal
2010-04-21,-0.44624780648464213,0.022861714393279886,16.31999969482422,False,False,False,0,normal
2010-04-22,-0.4439790895960163,0.022861714393279886,16.469999313354492,False,False,False,0,normal
2010-04-23,-0.44614866626439525,0.022861714393279886,16.6200008392334,False,False,False,0,normal
2010-04-26,-0.4488810784424288,0.022861714393279886,17.469999313354492,False,False,False,0,normal
2010-04-27,-0.4856664365498551,0.022861714393279886,22.809999465942383,False,False,False,0,normal
2010-04-28,-0.49038430607214106,0.022861714393279886,21.079999923706055,False,False,False,0,normal
2010-04-29,-0.4582189521222893,0.022861714393279886,18.440000534057617,False,False,False,0,normal
2010-04-30,-0.47493281909108853,0.022861714393279886,22.049999237060547,False,False,False,0,normal
2010-05-03,-0.4630407795812078,0.022067707525304403,20.190000534057617,False,False,False,0,normal
2010-05-04,-0.49974120661945787,0.022067707525304403,23.84000015258789,False,False,False,0,normal
2010-05-05,-0.502578740932638,0.022067707525304403,24.90999984741211,False,False,False,0,normal
2010-05-06,-0.5725095943377617,0.022067707525304403,32.79999923706055,False,False,True,1,watch
2010-05-07,-0.528345297465306,0.022067707525304403,40.95000076293945,False,False,True,1,watch
2010-05-10,-0.5757465633571895,0.022067707525304403,28.84000015258789,False,False,True,1,watch
2010-05-11,-0.574810559171721,0.022067707525304403,28.31999969482422,False,False,True,1,watch
2010-05-12,-0.5906911233693981,0.022067707525304403,25.520000457763672,False,False,True,1,watch
2010-05-13,-0.5983869680519571,0.022067707525304403,26.68000030517578,False,False,True,1,watch
2010-05-14,-0.6157194993278607,0.022067707525304403,31.239999771118164,False,False,True,1,watch
2010-05-17,-0.6236061923384442,0.022067707525304403,30.84000015258789,False,False,True,1,watch
2010-05-18,-0.6322558316413299,0.022067707525304403,33.54999923706055,False,False,True,1,watch
2010-05-19,-0.6324797574284234,0.022067707525304403,35.31999969482422,False,False,True,1,watch
2010-05-20,-0.659313095039546,0.022067707525304403,45.790000915527344,False,False,True,1,watch
2010-05-21,-0.6529443523281591,0.022067707525304403,40.099998474121094,False,False,True,1,watch
2010-05-24,-0.6395291590588602,0.022067707525304403,38.31999969482422,False,False,True,1,watch
2010-05-25,-0.6511493858338454,0.022067707525304403,34.61000061035156,False,False,True,1,watch
2010-05-26,-0.6454589924392133,0.022067707525304403,35.02000045776367,False,False,True,1,watch
2010-05-27,-0.6739339933863426,0.022067707525304403,29.68000030517578,False,False,True,1,watch
2010-05-28,-0.6715496178931298,0.022067707525304403,32.06999969482422,False,False,True,1,watch
2010-06-01,-0.6756111644534352,0.020035489292185682,35.540000915527344,False,False,True,1,watch
2010-06-02,-0.6989069889227182,0.020035489292185682,30.170000076293945,False,False,True,1,watch
2010-06-03,-0.6974472364781557,0.020035489292185682,29.459999084472656,False,False,True,1,watch
2010-06-04,-0.7236014314366974,0.020035489292185682,35.47999954223633,False,False,True,1,watch
2010-06-07,-0.7254595323976581,0.020035489292185682,36.56999969482422,False,False,True,1,watch
2010-06-08,-0.731698754265936,0.020035489292185682,33.70000076293945,False,False,True,1,watch
2010-06-09,-0.7277259898667641,0.020035489292185682,33.72999954223633,False,False,True,1,watch
2010-06-10,-0.7370762194340124,0.020035489292185682,30.56999969482422,False,False,True,1,watch
2010-06-11,-0.7308485960706288,0.020035489292185682,28.790000915527344,False,False,True,1,watch
2010-06-14,-0.7416331975508429,0.020035489292185682,28.579999923706055,False,False,True,1,watch
2010-06-15,-0.7300620362810875,0.020035489292185682,25.8700008392334,False,False,True,1,watch
2010-06-16,-0.7296893307627891,0.020035489292185682,25.920000076293945,False,False,True,1,watch
2010-06-17,-0.7277754304158532,0.020035489292185682,25.049999237060547,False,False,True,1,watch
2010-06-18,-0.72456423879123,0.020035489292185682,23.950000762939453,False,False,False,0,normal
2010-06-21,-0.7302422727455724,0.020035489292185682,24.8799991607666,False,False,False,0,normal
2010-06-22,-0.7330927165195864,0.020035489292185682,27.049999237060547,False,False,True,1,watch
2010-06-23,-0.7332196613274684,0.020035489292185682,26.90999984741211,False,False,True,1,watch
2010-06-24,-0.7200120387986924,0.020035489292185682,29.739999771118164,False,False,True,1,watch
2010-06-25,-0.7205415970367917,0.020035489292185682,28.530000686645508,False,False,True,1,watch
2010-06-28,-0.7188065039989074,0.020035489292185682,29.0,False,False,True,1,watch
2010-06-29,-0.7210051564117462,0.020035489292185682,34.130001068115234,False,False,True,1,watch
2010-06-30,-0.7232415688514786,0.020035489292185682,34.540000915527344,False,False,True,1,watch
2010-07-01,-0.7205891659306316,0.011215605940686268,32.86000061035156,False,False,True,1,watch
2010-07-02,-0.7148329942182942,0.011215605940686268,30.1200008392334,False,False,True,1,watch
2010-07-06,-0.70766360843042,0.011215605940686268,29.649999618530273,False,False,True,1,watch
2010-07-07,-0.7157565985958345,0.011215605940686268,26.84000015258789,False,False,True,1,watch
2010-07-08,-0.7186078380310941,0.011215605940686268,25.709999084472656,False,False,True,1,watch
2010-07-09,-0.7195953862870222,0.011215605940686268,24.979999542236328,False,False,False,0,normal
2010-07-12,-0.7198692928855015,0.011215605940686268,24.43000030517578,False,False,False,0,normal
2010-07-13,-0.7254831426387017,0.011215605940686268,24.559999465942383,False,False,False,0,normal
2010-07-14,-0.7177773302040327,0.011215605940686268,24.889999389648438,False,False,False,0,normal
2010-07-15,-0.7157017100654413,0.011215605940686268,25.139999389648438,False,False,True,1,watch
2010-07-16,-0.7080959406156113,0.011215605940686268,26.25,False,False,True,1,watch
2010-07-19,-0.708344815500579,0.011215605940686268,25.969999313354492,False,False,True,1,watch
2010-07-20,-0.707167708842991,0.011215605940686268,23.93000030517578,False,False,False,0,normal
2010-07-21,-0.7107925920642579,0.011215605940686268,25.639999389648438,False,False,True,1,watch
2010-07-22,-0.7176455687778427,0.011215605940686268,24.6299991607666,False,False,False,0,normal
2010-07-23,-0.7262531723837821,0.011215605940686268,23.469999313354492,False,False,False,0,normal
2010-07-26,-0.7288450475159413,0.011215605940686268,22.729999542236328,False,False,False,0,normal
2010-07-27,-0.7249915529587478,0.011215605940686268,23.190000534057617,False,False,False,0,normal
2010-07-28,-0.72558106875929,0.011215605940686268,24.25,False,False,False,0,normal
2010-07-29,-0.7252590457106906,0.011215605940686268,24.1299991607666,False,False,False,0,normal
2010-07-30,-0.7153265216981142,0.011215605940686268,23.5,False,False,False,0,normal
2010-08-02,-0.7461963630961699,0.013407784804821077,22.010000228881836,False,False,False,0,normal
2010-08-03,-0.7500503398952179,0.013407784804821077,22.6299991607666,False,False,False,0,normal
2010-08-04,-0.7504371604430928,0.013407784804821077,22.209999084472656,False,False,False,0,normal
2010-08-05,-0.7495362589223579,0.013407784804821077,22.100000381469727,False,False,False,0,normal
2010-08-06,-0.7484409977414103,0.013407784804821077,21.739999771118164,False,False,False,0,normal
2010-08-09,-0.7490533729237514,0.013407784804821077,22.139999389648438,False,False,False,0,normal
2010-08-10,-0.7482744628713521,0.013407784804821077,22.3700008392334,False,False,False,0,normal
2010-08-11,-0.7566045020434652,0.013407784804821077,25.389999389648438,False,False,True,1,watch
2010-08-12,-0.7536485713466092,0.013407784804821077,25.729999542236328,False,False,True,1,watch
2010-08-13,-0.7519211543165624,0.013407784804821077,26.239999771118164,False,False,True,1,watch
2010-08-16,-0.7285599066577237,0.013407784804821077,26.100000381469727,False,False,True,1,watch
2010-08-17,-0.7317535622443496,0.013407784804821077,24.329999923706055,False,False,False,0,normal
2010-08-18,-0.7326081175940792,0.013407784804821077,24.59000015258789,False,False,False,0,normal
2010-08-19,-0.7370018220460303,0.013407784804821077,26.440000534057617,False,False,True,1,watch
2010-08-20,-0.7338108074030483,0.013407784804821077,25.489999771118164,False,False,True,1,watch
2010-08-23,-0.7331264620793818,0.013407784804821077,25.65999984741211,False,False,True,1,watch
2010-08-24,-0.7354240014935947,0.013407784804821077,27.459999084472656,False,False,True,1,watch
2010-08-25,-0.7354197651439193,0.013407784804821077,26.700000762939453,False,False,True,1,watch
2010-08-26,-0.7386638511653328,0.013407784804821077,27.3700008392334,False,False,True,1,watch
2010-08-27,-0.7362380975897991,0.013407784804821077,24.450000762939453,False,False,False,0,normal
2010-08-30,-0.737963327709332,0.013407784804821077,27.209999084472656,False,False,True,1,watch
2010-08-31,-0.7335048739136927,0.013407784804821077,26.049999237060547,False,False,True,1,watch
2010-09-01,-0.7461178314757343,0.011501775395112546,23.889999389648438,False,False,False,0,normal
2010-09-02,-0.7433789825763477,0.011501775395112546,23.190000534057617,False,False,False,0,normal
2010-09-03,-0.7451938402748678,0.011501775395112546,21.309999465942383,False,False,False,0,normal
2010-09-07,-0.7497430582473186,0.011501775395112546,23.799999237060547,False,False,False,0,normal
2010-09-08,-0.7480908368210957,0.011501775395112546,23.25,False,False,False,0,normal
2010-09-09,-0.7415386124990014,0.011501775395112546,22.809999465942383,False,False,False,0,normal
2010-09-10,-0.7356324730480837,0.011501775395112546,21.989999771118164,False,False,False,0,normal
2010-09-13,-0.7296682146188214,0.011501775395112546,21.209999084472656,False,False,False,0,normal
2010-09-14,-0.7098598499264657,0.011501775395112546,21.559999465942383,False,False,False,0,normal
2010-09-15,-0.7296633589326971,0.011501775395112546,22.100000381469727,False,False,False,0,normal
2010-09-16,-0.711399217476268,0.011501775395112546,21.719999313354492,False,False,False,0,normal
2010-09-17,-0.7123365226095831,0.011501775395112546,22.010000228881836,False,False,False,0,normal
2010-09-20,-0.6989398130877872,0.011501775395112546,21.5,False,False,False,0,normal
2010-09-21,-0.6947600343665808,0.011501775395112546,22.350000381469727,False,False,False,0,normal
2010-09-22,-0.6885434607972084,0.011501775395112546,22.510000228881836,False,False,False,0,normal
2010-09-23,-0.6886977193805088,0.011501775395112546,23.8700008392334,False,False,False,0,normal
2010-09-24,-0.6913456825455023,0.011501775395112546,21.709999084472656,False,False,False,0,normal
2010-09-27,-0.688468590499359,0.011501775395112546,22.540000915527344,False,False,False,0,normal
2010-09-28,-0.671223348363774,0.011501775395112546,22.600000381469727,False,False,False,0,normal
2010-09-29,-0.6733479522179365,0.011501775395112546,23.25,False,False,False,0,normal
2010-09-30,-0.6820551964523823,0.011501775395112546,23.700000762939453,False,False,False,0,normal
2010-10-01,-0.6828109232120854,0.011183122472331775,22.5,False,False,False,0,normal
2010-10-04,-0.6858520452349013,0.011183122472331775,23.530000686645508,False,False,False,0,normal
2010-10-05,-0.6666243254269208,0.011183122472331775,21.760000228881836,False,False,False,0,normal
2010-10-06,-0.6638391804725019,0.011183122472331775,21.489999771118164,False,False,False,0,normal
2010-10-07,-0.6588316100960946,0.011183122472331775,21.559999465942383,False,False,False,0,normal
2010-10-08,-0.6556664910872961,0.011183122472331775,20.709999084472656,False,False,False,0,normal
2010-10-11,-0.6562227572980049,0.011183122472331775,18.959999084472656,False,False,False,0,normal
2010-10-12,-0.6249164196842472,0.011183122472331775,18.93000030517578,False,False,False,0,normal
2010-10-13,-0.6225808508973534,0.011183122472331775,19.06999969482422,False,False,False,0,normal
2010-10-14,-0.6045789997941645,0.011183122472331775,19.8799991607666,False,False,False,0,normal
2010-10-15,-0.6026121897878529,0.011183122472331775,19.030000686645508,False,False,False,0,normal
2010-10-18,-0.579151158935764,0.011183122472331775,19.09000015258789,False,False,False,0,normal
2010-10-19,-0.5898473701088714,0.011183122472331775,20.6299991607666,False,False,False,0,normal
2010-10-20,-0.5891383010665693,0.011183122472331775,19.790000915527344,False,False,False,0,normal
2010-10-21,-0.5888403177611569,0.011183122472331775,19.270000457763672,False,False,False,0,normal
2010-10-22,-0.5872563245921488,0.011183122472331775,18.780000686645508,False,False,False,0,normal
2010-10-25,-0.5888791155618214,0.011183122472331775,19.850000381469727,False,False,False,0,normal
2010-10-26,-0.5800893429414772,0.011183122472331775,20.219999313354492,False,False,False,0,normal
2010-10-27,-0.5757435878068667,0.011183122472331775,20.709999084472656,False,False,False,0,normal
2010-10-28,-0.567960222852498,0.011183122472331775,20.8799991607666,False,False,False,0,normal
2010-10-29,-0.56480467368613,0.011183122472331775,21.200000762939453,False,False,False,0,normal
2010-11-01,-0.5848845597299185,0.011666951489314625,21.829999923706055,False,False,False,0,normal
2010-11-02,-0.5718617558474951,0.011666951489314625,21.56999969482422,False,False,False,0,normal
2010-11-03,-0.5639083563349587,0.011666951489314625,19.559999465942383,False,False,False,0,normal
2010-11-04,-0.5373504300214544,0.011666951489314625,18.520000457763672,False,False,False,0,normal
2010-11-05,-0.5297069248849808,0.011666951489314625,18.260000228881836,False,False,False,0,normal
2010-11-08,-0.5307061056489355,0.011666951489314625,18.290000915527344,False,False,False,0,normal
2010-11-09,-0.5050824793264015,0.011666951489314625,19.079999923706055,False,False,False,0,normal
2010-11-10,-0.5107801777124743,0.011666951489314625,18.469999313354492,False,False,False,0,normal
2010-11-11,-0.5031628707585499,0.011666951489314625,18.639999389648438,False,False,False,0,normal
2010-11-12,-0.48755599426437213,0.011666951489314625,20.610000610351562,False,False,False,0,normal
2010-11-15,-0.47021717506135013,0.011666951489314625,20.200000762939453,False,False,False,0,normal
2010-11-16,-0.49168482286631937,0.011666951489314625,22.579999923706055,False,False,False,0,normal
2010-11-17,-0.4859672862969914,0.011666951489314625,21.760000228881836,False,False,False,0,normal
2010-11-18,-0.4756819649893305,0.011666951489314625,18.75,False,False,False,0,normal
2010-11-19,-0.47505166960620965,0.011666951489314625,18.040000915527344,False,False,False,0,normal
2010-11-22,-0.48476750407613567,0.011666951489314625,18.3700008392334,False,False,False,0,normal
2010-11-23,-0.4836815178008365,0.011666951489314625,20.6299991607666,False,False,False,0,normal
2010-11-24,-0.5008405204311233,0.011666951489314625,19.559999465942383,False,False,False,0,normal
2010-11-26,-0.49760343114239153,0.011666951489314625,22.219999313354492,False,False,False,0,normal
2010-11-29,-0.4856237389375347,0.011666951489314625,21.530000686645508,False,False,False,0,normal
2010-11-30,-0.4829208784397696,0.011666951489314625,23.540000915527344,False,False,False,0,normal
2010-12-01,-0.5077170801337645,0.01084544776600338,21.360000610351562,False,False,False,0,normal
2010-12-02,-0.5093639219181991,0.01084544776600338,19.389999389648438,False,False,False,0,normal
2010-12-03,-0.5086108655610505,0.01084544776600338,18.010000228881836,False,False,False,0,normal
2010-12-06,-0.5087640007836115,0.01084544776600338,18.020000457763672,False,False,False,0,normal
2010-12-07,-0.5008165686106046,0.01084544776600338,17.989999771118164,False,False,False,0,normal
2010-12-08,-0.4896740328238277,0.01084544776600338,17.739999771118164,False,False,False,0,normal
2010-12-09,-0.48540727365431224,0.01084544776600338,17.25,False,False,False,0,normal
2010-12-10,-0.4846844692728806,0.01084544776600338,17.610000610351562,False,False,False,0,normal
2010-12-13,-0.4840512527439925,0.01084544776600338,17.549999237060547,False,False,False,0,normal
2010-12-14,-0.4768420824295393,0.01084544776600338,17.610000610351562,False,False,False,0,normal
2010-12-15,-0.4650181509055194,0.01084544776600338,17.940000534057617,False,False,False,0,normal
2010-12-16,-0.45912076335211915,0.01084544776600338,17.389999389648438,False,False,False,0,normal
2010-12-17,-0.43982279689778975,0.01084544776600338,16.110000610351562,False,False,False,0,normal
2010-12-20,-0.44336115345441557,0.01084544776600338,16.40999984741211,False,False,False,0,normal
2010-12-21,-0.43477857183747703,0.01084544776600338,16.489999771118164,False,False,False,0,normal
2010-12-22,-0.44077002744120497,0.01084544776600338,15.449999809265137,False,False,False,0,normal
2010-12-23,-0.4386191990203278,0.01084544776600338,16.469999313354492,False,False,False,0,normal
2010-12-27,-0.4384731681087997,0.01084544776600338,17.670000076293945,False,False,False,0,normal
2010-12-28,-0.41207092615260515,0.01084544776600338,17.520000457763672,False,False,False,0,normal
2010-12-29,-0.4096129486377279,0.01084544776600338,17.280000686645508,False,False,False,0,normal
2010-12-30,-0.4095888627390039,0.01084544776600338,17.520000457763672,False,False,False,0,normal
2010-12-31,-0.3899073172189929,0.01084544776600338,17.75,False,False,False,0,normal
2011-01-03,-0.3928801420983361,0.01437793022217937,17.610000610351562,False,False,False,0,normal
2011-01-04,-0.3865073330475577,0.01437793022217937,17.3799991607666,False,False,False,0,normal
2011-01-05,-0.36092886142622577,0.01437793022217937,17.020000457763672,False,False,False,0,normal
2011-01-06,-0.33515030039219507,0.01437793022217937,17.399999618530273,False,False,False,0,normal
2011-01-07,-0.33649140141861755,0.01437793022217937,17.139999389648438,False,False,False,0,normal
2011-01-10,-0.2963455921643528,0.01437793022217937,17.540000915527344,False,False,False,0,normal
2011-01-11,-0.2901938521099025,0.01437793022217937,16.889999389648438,False,False,False,0,normal
2011-01-12,-0.2825623482798147,0.01437793022217937,16.239999771118164,False,False,False,0,normal
2011-01-13,-0.25593080348979197,0.01437793022217937,16.389999389648438,False,False,False,0,normal
2011-01-14,-0.2550768722586085,0.01437793022217937,15.460000038146973,False,False,False,0,normal
2011-01-18,-0.251776922393568,0.01437793022217937,15.869999885559082,False,False,False,0,normal
2011-01-19,-0.26006503197274394,0.01437793022217937,17.309999465942383,False,False,False,0,normal
2011-01-20,-0.2635711691749057,0.01437793022217937,17.989999771118164,False,False,False,0,normal
2011-01-21,-0.2596854009255892,0.01437793022217937,18.469999313354492,False,False,False,0,normal
2011-01-24,-0.2562738082346152,0.01437793022217937,17.649999618530273,False,False,False,0,normal
2011-01-25,-0.26018401158736865,0.01437793022217937,17.59000015258789,False,False,False,0,normal
2011-01-26,-0.26155958665107676,0.01437793022217937,16.639999389648438,False,False,False,0,normal
2011-01-27,-0.28081271941058117,0.01437793022217937,16.149999618530273,False,False,False,0,normal
2011-01-28,-0.2826548463238582,0.01437793022217937,20.040000915527344,False,False,False,0,normal
2011-01-31,-0.27987690677544114,0.01437793022217937,19.530000686645508,False,False,False,0,normal
2011-02-01,-0.2781679391266569,0.017007834915029774,17.6299991607666,False,False,False,0,normal
2011-02-02,-0.2568178157251128,0.017007834915029774,17.299999237060547,False,False,False,0,normal
2011-02-03,-0.2443250099959249,0.017007834915029774,16.690000534057617,False,False,False,0,normal
2011-02-04,-0.24856164198446268,0.017007834915029774,15.930000305175781,False,False,False,0,normal
2011-02-07,-0.24411091619305325,0.017007834915029774,16.280000686645508,False,False,False,0,normal
2011-02-08,-0.24636804247782385,0.017007834915029774,15.8100004196167,False,False,False,0,normal
2011-02-09,-0.24996490608072167,0.017007834915029774,15.869999885559082,False,False,False,0,normal
2011-02-10,-0.24324723359140052,0.017007834915029774,16.09000015258789,False,False,False,0,normal
2011-02-11,-0.22607004973247705,0.017007834915029774,15.6899995803833,False,False,False,0,normal
2011-02-14,-0.22422207164637545,0.017007834915029774,15.949999809265137,False,False,False,0,normal
2011-02-15,-0.23160876412942352,0.017007834915029774,16.3700008392334,False,False,False,0,normal
2011-02-16,-0.23094419260743365,0.017007834915029774,16.719999313354492,False,False,False,0,normal
2011-02-17,-0.22998877993145123,0.017007834915029774,16.59000015258789,False,False,False,0,normal
2011-02-18,-0.22900807828361294,0.017007834915029774,16.43000030517578,False,False,False,0,normal
2011-02-22,-0.26743063770018227,0.017007834915029774,20.799999237060547,False,False,False,0,normal
2011-02-23,-0.28517226019256153,0.017007834915029774,22.1299991607666,False,False,False,0,normal
2011-02-24,-0.28703841544515274,0.017007834915029774,21.31999969482422,False,False,False,0,normal
2011-02-25,-0.28051976854359134,0.017007834915029774,19.219999313354492,False,False,False,0,normal
2011-02-28,-0.27016284213417724,0.017007834915029774,18.350000381469727,False,False,False,0,normal
2011-03-01,-0.27643239562264604,0.02124898173333145,21.010000228881836,False,False,False,0,normal
2011-03-02,-0.27551772986301115,0.02124898173333145,20.700000762939453,False,False,False,0,normal
2011-03-03,-0.28896284827624347,0.02124898173333145,18.600000381469727,False,False,False,0,normal
2011-03-04,-0.2985076266123806,0.02124898173333145,19.059999465942383,False,False,False,0,normal
2011-03-07,-0.29396325315753724,0.02124898173333145,20.65999984741211,False,False,False,0,normal
2011-03-08,-0.30366365617492397,0.02124898173333145,19.81999969482422,False,False,False,0,normal
2011-03-09,-0.30551152721719227,0.02124898173333145,20.219999313354492,False,False,False,0,normal
2011-03-10,-0.3378724154113746,0.02124898173333145,21.8799991607666,False,False,False,0,normal
2011-03-11,-0.3409208877001255,0.02124898173333145,20.079999923706055,False,False,False,0,normal
2011-03-14,-0.3576017139478393,0.02124898173333145,21.1299991607666,False,False,False,0,normal
2011-03-15,-0.3738405525395497,0.02124898173333145,24.31999969482422,False,False,False,0,normal
2011-03-16,-0.423260561204097,0.02124898173333145,29.399999618530273,False,False,True,1,watch
2011-03-17,-0.42781116995697016,0.02124898173333145,26.3700008392334,False,False,True,1,watch
2011-03-18,-0.4251367348873495,0.02124898173333145,24.440000534057617,False,False,False,0,normal
2011-03-21,-0.46472208785418745,0.02124898173333145,20.610000610351562,False,False,False,0,normal
2011-03-22,-0.4668835835427637,0.02124898173333145,20.209999084472656,False,False,False,0,normal
2011-03-23,-0.46804330132324967,0.02124898173333145,19.170000076293945,False,False,False,0,normal
2011-03-24,-0.4888270046081773,0.02124898173333145,18.0,False,False,False,0,normal
2011-03-25,-0.5090034774618742,0.02124898173333145,17.90999984741211,False,False,False,0,normal
2011-03-28,-0.4789642872458082,0.02124898173333145,19.440000534057617,False,False,False,0,normal
2011-03-29,-0.48354798793924997,0.02124898173333145,18.15999984741211,False,False,False,0,normal
2011-03-30,-0.4904366646175355,0.02124898173333145,17.709999084472656,False,False,False,0,normal
2011-03-31,-0.49217663290121494,0.02124898173333145,17.739999771118164,False,False,False,0,normal
2011-04-01,-0.48801308579362707,0.02619241510354109,17.399999618530273,False,False,False,0,normal
2011-04-04,-0.48753493228993044,0.02619241510354109,17.5,False,False,False,0,normal
2011-04-05,-0.46669116641367164,0.02619241510354109,17.25,False,False,False,0,normal
2011-04-06,-0.44819829851257637,0.02619241510354109,16.899999618530273,False,False,False,0,normal
2011-04-07,-0.4515133594555167,0.02619241510354109,17.110000610351562,False,False,False,0,normal
2011-04-08,-0.4426087273985482,0.02619241510354109,17.8700008392334,False,False,False,0,normal
2011-04-11,-0.4005627809751298,0.02619241510354109,16.59000015258789,False,False,False,0,normal
2011-04-12,-0.41253900135231564,0.02619241510354109,17.09000015258789,False,False,False,0,normal
2011-04-13,-0.411772640820974,0.02619241510354109,16.920000076293945,False,False,False,0,normal
2011-04-14,-0.412921281592057,0.02619241510354109,16.270000457763672,False,False,False,0,normal
2011-04-15,-0.4149696107781886,0.02619241510354109,15.319999694824219,False,False,False,0,normal
2011-04-18,-0.41119317354546603,0.02619241510354109,16.959999084472656,False,False,False,0,normal
2011-04-19,-0.40964735939016184,0.02619241510354109,15.829999923706055,False,False,False,0,normal
2011-04-20,-0.41289405828571585,0.02619241510354109,15.069999694824219,False,False,False,0,normal
2011-04-21,-0.41306746759072804,0.02619241510354109,14.6899995803833,False,False,False,0,normal
2011-04-25,-0.42073957709413473,0.02619241510354109,15.770000457763672,False,False,False,0,normal
2011-04-26,-0.4233568400508635,0.02619241510354109,15.619999885559082,False,False,False,0,normal
2011-04-27,-0.43677343599494056,0.02619241510354109,15.350000381469727,False,False,False,0,normal
2011-04-28,-0.44299094790319354,0.02619241510354109,14.619999885559082,False,False,False,0,normal
2011-04-29,-0.44178243960418734,0.02619241510354109,14.75,False,False,False,0,normal
2011-05-02,-0.4516093750638857,0.030772344447868694,15.989999771118164,False,True,False,1,watch
2011-05-03,-0.4533877881425354,0.030772344447868694,16.700000762939453,False,True,False,1,watch
2011-05-04,-0.45725659617710207,0.030772344447868694,17.079999923706055,False,True,False,1,watch
2011-05-05,-0.46801483635761293,0.030772344447868694,18.200000762939453,False,True,False,1,watch
2011-05-06,-0.48350869448222084,0.030772344447868694,18.399999618530273,False,True,False,1,watch
2011-05-09,-0.4952915722497842,0.030772344447868694,17.15999984741211,False,True,False,1,watch
2011-05-10,-0.5017214491582691,0.030772344447868694,15.90999984741211,False,True,False,1,watch
2011-05-11,-0.5096216405076934,0.030772344447868694,16.950000762939453,False,True,False,1,watch
2011-05-12,-0.5049739774761735,0.030772344447868694,16.030000686645508,False,True,False,1,watch
2011-05-13,-0.5117108798458398,0.030772344447868694,17.06999969482422,False,True,False,1,watch
2011-05-16,-0.5208826544176697,0.030772344447868694,18.239999771118164,False,True,False,1,watch
2011-05-17,-0.5167313991466204,0.030772344447868694,17.549999237060547,False,True,False,1,watch
2011-05-18,-0.5249699911412283,0.030772344447868694,16.229999542236328,False,True,False,1,watch
2011-05-19,-0.5246300795641866,0.030772344447868694,15.520000457763672,False,True,False,1,watch
2011-05-20,-0.5198396589422939,0.030772344447868694,17.43000030517578,False,True,False,1,watch
2011-05-23,-0.5148863288318902,0.030772344447868694,18.270000457763672,False,True,False,1,watch
2011-05-24,-0.5155061197336888,0.030772344447868694,17.81999969482422,False,True,False,1,watch
2011-05-25,-0.5121693734616728,0.030772344447868694,17.06999969482422,False,True,False,1,watch
2011-05-26,-0.501958187072066,0.030772344447868694,16.09000015258789,False,True,False,1,watch
2011-05-27,-0.4963386506318748,0.030772344447868694,15.979999542236328,False,True,False,1,watch
2011-05-31,-0.5051943616556734,0.030772344447868694,15.449999809265137,False,True,False,1,watch
2011-06-01,-0.5326151846198258,0.034589718808965,18.299999237060547,False,True,False,1,watch
2011-06-02,-0.5083547144820868,0.034589718808965,18.09000015258789,False,True,False,1,watch
2011-06-03,-0.5159301394735212,0.034589718808965,17.950000762939453,False,True,False,1,watch
2011-06-06,-0.4938508834525994,0.034589718808965,18.489999771118164,False,True,False,1,watch
2011-06-07,-0.49613195557429446,0.034589718808965,18.06999969482422,False,True,False,1,watch
2011-06-08,-0.4982163085675813,0.034589718808965,18.790000915527344,False,True,False,1,watch
2011-06-09,-0.49566753405145403,0.034589718808965,17.770000457763672,False,True,False,1,watch
2011-06-10,-0.49787065867058894,0.034589718808965,18.860000610351562,False,True,False,1,watch
2011-06-13,-0.49755194947318954,0.034589718808965,19.610000610351562,False,True,False,1,watch
2011-06-14,-0.5157281951357876,0.034589718808965,18.260000228881836,False,True,False,1,watch
2011-06-15,-0.5414514371693068,0.034589718808965,21.31999969482422,False,True,False,1,watch
2011-06-16,-0.5464097394096044,0.034589718808965,22.729999542236328,False,True,False,1,watch
2011-06-17,-0.5452305167333147,0.034589718808965,21.850000381469727,False,True,False,1,watch
2011-06-20,-0.5442994342175825,0.034589718808965,19.989999771118164,False,True,False,1,watch
2011-06-21,-0.5548528485601882,0.034589718808965,18.860000610351562,False,True,False,1,watch
2011-06-22,-0.5785096062496169,0.034589718808965,18.520000457763672,False,True,False,1,watch
2011-06-23,-0.5789153198132948,0.034589718808965,19.290000915527344,False,True,False,1,watch
2011-06-24,-0.5604500144886041,0.034589718808965,21.100000381469727,False,True,False,1,watch
2011-06-27,-0.5666621425445395,0.034589718808965,20.559999465942383,False,True,False,1,watch
2011-06-28,-0.575660351866349,0.034589718808965,19.170000076293945,False,True,False,1,watch
2011-06-29,-0.5797946778533564,0.034589718808965,17.270000457763672,False,True,False,1,watch
2011-06-30,-0.5590630272850179,0.034589718808965,16.520000457763672,False,True,False,1,watch
2011-07-01,-0.5540064905822389,0.03502318150636041,15.869999885559082,False,True,False,1,watch
2011-07-05,-0.5549388612364742,0.03502318150636041,16.059999465942383,False,True,False,1,watch
2011-07-06,-0.5689559077255627,0.03502318150636041,16.34000015258789,False,True,False,1,watch
2011-07-07,-0.5722190587166988,0.03502318150636041,15.949999809265137,False,True,False,1,watch
2011-07-08,-0.5835326034160477,0.03502318150636041,15.949999809265137,False,True,False,1,watch
2011-07-11,-0.6108123494538787,0.03502318150636041,18.389999389648438,False,True,False,1,watch
2011-07-12,-0.6002269053231536,0.03502318150636041,19.8700008392334,False,True,False,1,watch
2011-07-13,-0.59463085419145,0.03502318150636041,19.90999984741211,False,True,False,1,watch
2011-07-14,-0.5769909353625818,0.03502318150636041,20.799999237060547,False,True,False,1,watch
2011-07-15,-0.5702611155738144,0.03502318150636041,19.530000686645508,False,True,False,1,watch
2011-07-18,-0.5482794596409816,0.03502318150636041,20.950000762939453,False,True,False,1,watch
2011-07-19,-0.43839187028424365,0.03502318150636041,19.209999084472656,False,True,False,1,watch
2011-07-20,-0.42602127125473127,0.03502318150636041,19.09000015258789,False,True,False,1,watch
2011-07-21,-0.4388691720338036,0.03502318150636041,17.559999465942383,False,True,False,1,watch
2011-07-22,-0.42050105646345254,0.03502318150636041,17.520000457763672,False,True,False,1,watch
2011-07-25,-0.38228493386606566,0.03502318150636041,19.350000381469727,False,True,False,1,watch
2011-07-26,-0.3746932327564592,0.03502318150636041,20.229999542236328,False,True,False,1,watch
2011-07-27,-0.3612998107990203,0.03502318150636041,22.979999542236328,False,True,False,1,watch
2011-07-28,-0.35366646663211354,0.03502318150636041,23.739999771118164,False,True,False,1,watch
2011-07-29,-0.36258786371562635,0.03502318150636041,25.25,False,True,True,2,defensive
2011-08-01,-0.3655072051523062,0.035798809769996165,23.65999984741211,False,True,False,1,watch
2011-08-02,-0.428100757154971,0.035798809769996165,24.790000915527344,False,True,False,1,watch
2011-08-03,-0.4252775482446062,0.035798809769996165,23.3799991607666,False,True,False,1,watch
2011-08-04,-0.532350693997314,0.035798809769996165,31.65999984741211,False,True,True,2,defensive
2011-08-05,-0.49711227260995494,0.035798809769996165,32.0,False,True,True,2,defensive
2011-08-08,-0.5710801409566633,0.035798809769996165,48.0,False,True,True,2,defensive
2011-08-09,-0.5202969716053574,0.035798809769996165,35.060001373291016,False,True,True,2,defensive
2011-08-10,-0.5649770037145311,0.035798809769996165,42.9900016784668,False,True,True,2,defensive
2011-08-11,-0.6275689872065633,0.035798809769996165,39.0,False,True,True,2,defensive
2011-08-12,-0.6099744096910062,0.035798809769996165,36.36000061035156,False,True,True,2,defensive
2011-08-15,-0.6178105475384983,0.035798809769996165,31.8700008392334,False,True,True,2,defensive
2011-08-16,-0.6195577547136575,0.035798809769996165,32.849998474121094,False,True,True,2,defensive
2011-08-17,-0.6149978807027126,0.035798809769996165,31.579999923706055,False,True,True,2,defensive
2011-08-18,-0.6265490476863576,0.035798809769996165,42.66999816894531,False,True,True,2,defensive
2011-08-19,-0.6266145965514248,0.035798809769996165,43.04999923706055,False,True,True,2,defensive
2011-08-22,-0.6273443193173723,0.035798809769996165,42.439998626708984,False,True,True,2,defensive
2011-08-23,-0.6360197180234899,0.035798809769996165,36.27000045776367,False,True,True,2,defensive
2011-08-24,-0.64416211331806,0.035798809769996165,35.900001525878906,False,True,True,2,defensive
2011-08-25,-0.6476957018520062,0.035798809769996165,39.7599983215332,False,True,True,2,defensive
2011-08-26,-0.6378709826873551,0.035798809769996165,35.59000015258789,False,True,True,2,defensive
2011-08-29,-0.6433151643207231,0.035798809769996165,32.279998779296875,False,True,True,2,defensive
2011-08-30,-0.636135808276897,0.035798809769996165,32.88999938964844,False,True,True,2,defensive
2011-08-31,-0.63441250899384,0.035798809769996165,31.6200008392334,False,True,True,2,defensive
2011-09-01,-0.6414833832906951,0.0375499603070808,31.81999969482422,False,True,True,2,defensive
2011-09-02,-0.651625008827056,0.0375499603070808,33.91999816894531,False,True,True,2,defensive
2011-09-06,-0.6542751605315121,0.0375499603070808,37.0,False,True,True,2,defensive
2011-09-07,-0.6649398979311284,0.0375499603070808,33.380001068115234,False,True,True,2,defensive
2011-09-08,-0.6659306166182583,0.0375499603070808,34.31999969482422,False,True,True,2,defensive
2011-09-09,-0.6663444066705798,0.0375499603070808,38.52000045776367,False,True,True,2,defensive
2011-09-12,-0.6658844418119586,0.0375499603070808,38.59000015258789,False,True,True,2,defensive
2011-09-13,-0.6665505115847923,0.0375499603070808,36.90999984741211,False,True,True,2,defensive
2011-09-14,-0.6579541984481201,0.0375499603070808,34.599998474121094,False,True,True,2,defensive
2011-09-15,-0.6626349600432436,0.0375499603070808,31.969999313354492,False,True,True,2,defensive
2011-09-16,-0.6585656774918272,0.0375499603070808,30.979999542236328,False,True,True,2,defensive
2011-09-19,-0.6591514637889497,0.0375499603070808,32.72999954223633,False,True,True,2,defensive
2011-09-20,-0.6586014058661236,0.0375499603070808,32.86000061035156,False,True,True,2,defensive
2011-09-21,-0.6701740164688045,0.0375499603070808,37.31999969482422,False,True,True,2,defensive
2011-09-22,-0.6836778299303529,0.0375499603070808,41.349998474121094,False,True,True,2,defensive
2011-09-23,-0.6833616811170474,0.0375499603070808,41.25,False,True,True,2,defensive
2011-09-26,-0.6881184899706102,0.0375499603070808,39.02000045776367,False,True,True,2,defensive
2011-09-27,-0.6899388966402213,0.0375499603070808,37.709999084472656,False,True,True,2,defensive
2011-09-28,-0.6843392363619678,0.0375499603070808,41.08000183105469,False,True,True,2,defensive
2011-09-29,-0.6818017917096535,0.0375499603070808,38.84000015258789,False,True,True,2,defensive
2011-09-30,-0.6884819167760734,0.0375499603070808,42.959999084472656,False,True,True,2,defensive
2011-10-03,-0.6961321092464718,0.03812621692818685,45.45000076293945,False,True,True,2,defensive
2011-10-04,-0.7024138009753318,0.03812621692818685,40.81999969482422,False,True,True,2,defensive
2011-10-05,-0.7037783604631155,0.03812621692818685,37.810001373291016,False,True,True,2,defensive
2011-10-06,-0.70937458272812,0.03812621692818685,36.27000045776367,False,True,True,2,defensive
2011-10-07,-0.7036963881383225,0.03812621692818685,36.20000076293945,False,True,True,2,defensive
2011-10-10,-0.7147201920020206,0.03812621692818685,33.02000045776367,False,True,True,2,defensive
2011-10-11,-0.714508524996694,0.03812621692818685,32.86000061035156,False,True,True,2,defensive
2011-10-12,-0.7212226780691856,0.03812621692818685,31.260000228881836,False,True,True,2,defensive
2011-10-13,-0.7207714656978018,0.03812621692818685,30.700000762939453,False,True,True,2,defensive
2011-10-14,-0.7235604465001378,0.03812621692818685,28.239999771118164,False,True,True,2,defensive
2011-10-17,-0.7258946237225206,0.03812621692818685,33.38999938964844,False,True,True,2,defensive
2011-10-18,-0.7263171325580465,0.03812621692818685,31.559999465942383,False,True,True,2,defensive
2011-10-19,-0.724232341291965,0.03812621692818685,34.439998626708984,False,True,True,2,defensive
2011-10-20,-0.7225970324526785,0.03812621692818685,34.779998779296875,False,True,True,2,defensive
2011-10-21,-0.7220662770296059,0.03812621692818685,31.31999969482422,False,True,True,2,defensive
2011-10-24,-0.7209214010614634,0.03812621692818685,29.260000228881836,False,True,True,2,defensive
2011-10-25,-0.7247698827467289,0.03812621692818685,32.220001220703125,False,True,True,2,defensive
2011-10-26,-0.7249948571258266,0.03812621692818685,29.860000610351562,False,True,True,2,defensive
2011-10-27,-0.7356500721045348,0.03812621692818685,25.459999084472656,False,True,True,2,defensive
2011-10-28,-0.7353523721557399,0.03812621692818685,24.530000686645508,False,True,False,1,watch
2011-10-31,-0.7393220927432537,0.03812621692818685,29.959999084472656,False,True,True,2,defensive
2011-11-01,-0.7503162771542575,0.035222681306640524,34.77000045776367,False,True,True,2,defensive
2011-11-02,-0.7520893644206943,0.035222681306640524,32.7400016784668,False,True,True,2,defensive
2011-11-03,-0.7533495139823835,0.035222681306640524,30.5,False,True,True,2,defensive
2011-11-04,-0.7520821316741647,0.035222681306640524,30.15999984741211,False,True,True,2,defensive
2011-11-07,-0.7506351379551524,0.035222681306640524,29.850000381469727,False,True,True,2,defensive
2011-11-08,-0.7525715701388468,0.035222681306640524,27.479999542236328,False,True,True,2,defensive
2011-11-09,-0.7550726913742125,0.035222681306640524,36.15999984741211,False,True,True,2,defensive
2011-11-10,-0.7555822498218241,0.035222681306640524,32.810001373291016,False,True,True,2,defensive
2011-11-11,-0.7557162405414923,0.035222681306640524,30.040000915527344,False,True,True,2,defensive
2011-11-14,-0.756072032147234,0.035222681306640524,31.1299991607666,False,True,True,2,defensive
2011-11-15,-0.7546715064179951,0.035222681306640524,31.219999313354492,False,True,True,2,defensive
2011-11-16,-0.7548829856209945,0.035222681306640524,33.5099983215332,False,True,True,2,defensive
2011-11-17,-0.7548777408190281,0.035222681306640524,34.5099983215332,False,True,True,2,defensive
2011-11-18,-0.7622646494088019,0.035222681306640524,32.0,False,True,True,2,defensive
2011-11-21,-0.7607746328411614,0.035222681306640524,32.90999984741211,False,True,True,2,defensive
2011-11-22,-0.7660965022676227,0.035222681306640524,31.969999313354492,False,True,True,2,defensive
2011-11-23,-0.7822742332083285,0.035222681306640524,33.97999954223633,False,True,True,2,defensive
2011-11-25,-0.7804170963766554,0.035222681306640524,34.470001220703125,False,True,True,2,defensive
2011-11-28,-0.7732101399256558,0.035222681306640524,32.130001068115234,False,True,True,2,defensive
2011-11-29,-0.773242021281891,0.035222681306640524,30.639999389648438,False,True,True,2,defensive
2011-11-30,-0.7793120124988029,0.035222681306640524,27.799999237060547,False,True,True,2,defensive
2011-12-01,-0.7785053825619661,0.03451432214581729,27.40999984741211,False,True,True,2,defensive
2011-12-02,-0.7824116427738004,0.03451432214581729,27.520000457763672,False,True,True,2,defensive
2011-12-05,-0.7824635532143348,0.03451432214581729,27.84000015258789,False,True,True,2,defensive
2011-12-06,-0.7816895242251595,0.03451432214581729,28.1299991607666,False,True,True,2,defensive
2011-12-07,-0.7814226902546526,0.03451432214581729,28.670000076293945,False,True,True,2,defensive
2011-12-08,-0.7779189884655826,0.03451432214581729,30.59000015258789,False,True,True,2,defensive
2011-12-09,-0.7796360056940328,0.03451432214581729,26.3799991607666,False,True,True,2,defensive
2011-12-12,-0.7698413028309904,0.03451432214581729,25.670000076293945,False,True,True,2,defensive
2011-12-13,-0.7863214900585193,0.03451432214581729,25.40999984741211,False,True,True,2,defensive
2011-12-14,-0.7830991469797054,0.03451432214581729,26.040000915527344,False,True,True,2,defensive
2011-12-15,-0.8100775855302382,0.03451432214581729,25.110000610351562,False,True,True,2,defensive
2011-12-16,-0.8018054570200517,0.03451432214581729,24.290000915527344,False,True,False,1,watch
2011-12-19,-0.7875174011057716,0.03451432214581729,24.920000076293945,False,True,False,1,watch
2011-12-20,-0.8044680399613953,0.03451432214581729,23.219999313354492,False,True,False,1,watch
2011-12-21,-0.7996008607492066,0.03451432214581729,21.43000030517578,False,True,False,1,watch
2011-12-22,-0.7974472878885411,0.03451432214581729,21.15999984741211,False,True,False,1,watch
2011-12-23,-0.8023009618529093,0.03451432214581729,20.729999542236328,False,True,False,1,watch
2011-12-27,-0.8025238459556577,0.03451432214581729,21.90999984741211,False,True,False,1,watch
2011-12-28,-0.8047667076582214,0.03451432214581729,23.520000457763672,False,True,False,1,watch
2011-12-29,-0.8037129130896546,0.03451432214581729,22.649999618530273,False,True,False,1,watch
2011-12-30,-0.8030817032774946,0.03451432214581729,23.399999618530273,False,True,False,1,watch
2012-01-03,-0.8078895738870202,0.03062066838419386,22.969999313354492,False,True,False,1,watch
2012-01-04,-0.8040045618982024,0.03062066838419386,22.219999313354492,False,True,False,1,watch
2012-01-05,-0.8131417470065688,0.03062066838419386,21.479999542236328,False,True,False,1,watch
2012-01-06,-0.8117445951075974,0.03062066838419386,20.6299991607666,False,True,False,1,watch
2012-01-09,-0.8172168498753556,0.03062066838419386,21.06999969482422,False,True,False,1,watch
2012-01-10,-0.8201902112555477,0.03062066838419386,20.690000534057617,False,True,False,1,watch
2012-01-11,-0.8176231291383387,0.03062066838419386,21.049999237060547,False,True,False,1,watch
2012-01-12,-0.8115809671697964,0.03062066838419386,20.469999313354492,False,True,False,1,watch
2012-01-13,-0.8112256939020057,0.03062066838419386,20.90999984741211,False,True,False,1,watch
2012-01-17,-0.8058135858792711,0.03062066838419386,22.200000762939453,False,True,False,1,watch
2012-01-18,-0.8059309334258119,0.03062066838419386,20.889999389648438,False,True,False,1,watch
2012-01-19,-0.8063857778866523,0.03062066838419386,19.8700008392334,False,True,False,1,watch
2012-01-20,-0.8050546745898601,0.03062066838419386,18.280000686645508,False,True,False,1,watch
2012-01-23,-0.802548916507892,0.03062066838419386,18.670000076293945,False,True,False,1,watch
2012-01-24,-0.8114788565160594,0.03062066838419386,18.90999984741211,False,True,False,1,watch
2012-01-25,-0.8090614873337003,0.03062066838419386,18.309999465942383,False,True,False,1,watch
2012-01-26,-0.8117122108162692,0.03062066838419386,18.56999969482422,False,True,False,1,watch
2012-01-27,-0.8112522673576774,0.03062066838419386,18.530000686645508,False,True,False,1,watch
2012-01-30,-0.8106591200171043,0.03062066838419386,19.399999618530273,False,True,False,1,watch
2012-01-31,-0.7993056379094271,0.03062066838419386,19.440000534057617,False,True,False,1,watch
2012-02-01,-0.7862707224059492,0.030087663379855023,18.549999237060547,False,True,False,1,watch
2012-02-02,-0.7907279082862828,0.030087663379855023,17.979999542236328,False,True,False,1,watch
2012-02-03,-0.7873260567574248,0.030087663379855023,17.100000381469727,False,True,False,1,watch
2012-02-06,-0.7855760104838687,0.030087663379855023,17.760000228881836,False,True,False,1,watch
2012-02-07,-0.7931761962450783,0.030087663379855023,17.649999618530273,False,True,False,1,watch
2012-02-08,-0.7973302865990672,0.030087663379855023,18.15999984741211,False,True,False,1,watch
2012-02-09,-0.7873739034102786,0.030087663379855023,18.6299991607666,False,True,False,1,watch
2012-02-10,-0.7772811684493259,0.030087663379855023,20.790000915527344,False,True,False,1,watch
2012-02-13,-0.7736411833785937,0.030087663379855023,19.040000915527344,False,True,False,1,watch
2012-02-14,-0.7739972005780466,0.030087663379855023,19.540000915527344,False,True,False,1,watch
2012-02-15,-0.76803517905386,0.030087663379855023,21.139999389648438,False,True,False,1,watch
2012-02-16,-0.7764451966470057,0.030087663379855023,19.219999313354492,False,True,False,1,watch
2012-02-17,-0.7766565582132243,0.030087663379855023,17.780000686645508,False,True,False,1,watch
2012-02-21,-0.7728313344205523,0.030087663379855023,18.190000534057617,False,True,False,1,watch
2012-02-22,-0.7721404602137921,0.030087663379855023,18.190000534057617,False,True,False,1,watch
2012-02-23,-0.7725156631945008,0.030087663379855023,16.799999237060547,False,True,False,1,watch
2012-02-24,-0.7675405720592207,0.030087663379855023,17.309999465942383,False,True,False,1,watch
2012-02-27,-0.760149308079242,0.030087663379855023,18.190000534057617,False,True,False,1,watch
2012-02-28,-0.7613550223356575,0.030087663379855023,17.959999084472656,False,True,False,1,watch
2012-02-29,-0.7623925927945746,0.030087663379855023,18.43000030517578,False,True,False,1,watch
2012-03-01,-0.7621928022753439,0.028981784423473878,17.260000228881836,False,False,False,0,normal
2012-03-02,-0.7601342404305088,0.028981784423473878,17.290000915527344,False,False,False,0,normal
2012-03-05,-0.758477044486105,0.028981784423473878,18.049999237060547,False,False,False,0,normal
2012-03-06,-0.7526784081359988,0.028981784423473878,20.8700008392334,False,False,False,0,normal
2012-03-07,-0.7526553970793209,0.028981784423473878,19.06999969482422,False,False,False,0,normal
2012-03-08,-0.7310573107081887,0.028981784423473878,17.950000762939453,False,False,False,0,normal
2012-03-09,-0.7325028243730709,0.028981784423473878,17.110000610351562,False,False,False,0,normal
2012-03-12,-0.7165591376884463,0.028981784423473878,15.640000343322754,False,False,False,0,normal
2012-03-13,-0.6990753956098585,0.028981784423473878,14.800000190734863,False,False,False,0,normal
2012-03-14,-0.6663283732828841,0.028981784423473878,15.3100004196167,False,False,False,0,normal
2012-03-15,-0.6578648017887057,0.028981784423473878,15.420000076293945,False,False,False,0,normal
2012-03-16,-0.6583684517777169,0.028981784423473878,14.470000267028809,False,False,False,0,normal
2012-03-19,-0.6619562826438661,0.028981784423473878,15.039999961853027,False,False,False,0,normal
2012-03-20,-0.65793136576681,0.028981784423473878,15.579999923706055,False,False,False,0,normal
2012-03-21,-0.6372796220944504,0.028981784423473878,15.130000114440918,False,False,False,0,normal
2012-03-22,-0.6344818250938298,0.028981784423473878,15.569999694824219,False,False,False,0,normal
2012-03-23,-0.6299354695512753,0.028981784423473878,14.819999694824219,False,False,False,0,normal
2012-03-26,-0.6239926880307238,0.028981784423473878,14.260000228881836,False,False,False,0,normal
2012-03-27,-0.6251786691197307,0.028981784423473878,15.59000015258789,False,False,False,0,normal
2012-03-28,-0.6184058101101847,0.028981784423473878,15.470000267028809,False,False,False,0,normal
2012-03-29,-0.6158212730083125,0.028981784423473878,15.479999542236328,False,False,False,0,normal
2012-03-30,-0.611396269621749,0.028981784423473878,15.5,False,False,False,0,normal
2012-04-02,-0.6076959812418863,0.025828752813320977,15.640000343322754,False,False,False,0,normal
2012-04-03,-0.5835095124822892,0.025828752813320977,15.65999984741211,False,False,False,0,normal
2012-04-04,-0.5876906947054259,0.025828752813320977,16.440000534057617,False,False,False,0,normal
2012-04-05,-0.601176460147301,0.025828752813320977,16.700000762939453,False,False,False,0,normal
2012-04-09,-0.6440454872290471,0.025828752813320977,18.809999465942383,False,False,False,0,normal
2012-04-10,-0.6503142446129137,0.025828752813320977,20.389999389648438,False,False,False,0,normal
2012-04-11,-0.6649181140031614,0.025828752813320977,20.020000457763672,False,False,False,0,normal
2012-04-12,-0.6646027162123537,0.025828752813320977,17.200000762939453,False,False,False,0,normal
2012-04-13,-0.6764788047617852,0.025828752813320977,19.549999237060547,False,False,False,0,normal
2012-04-16,-0.6788540530235639,0.025828752813320977,19.549999237060547,False,False,False,0,normal
2012-04-17,-0.673738055387527,0.025828752813320977,18.459999084472656,False,False,False,0,normal
2012-04-18,-0.6758323944793535,0.025828752813320977,18.639999389648438,False,False,False,0,normal
2012-04-19,-0.6716012732688589,0.025828752813320977,18.360000610351562,False,False,False,0,normal
2012-04-20,-0.6567981591424018,0.025828752813320977,17.440000534057617,False,False,False,0,normal
2012-04-23,-0.6540671512826687,0.025828752813320977,18.969999313354492,False,False,False,0,normal
2012-04-24,-0.6504541716943966,0.025828752813320977,18.100000381469727,False,False,False,0,normal
2012-04-25,-0.6375293327696142,0.025828752813320977,16.81999969482422,False,False,False,0,normal
2012-04-26,-0.6292922164384759,0.025828752813320977,16.239999771118164,False,False,False,0,normal
2012-04-27,-0.6338875614749082,0.025828752813320977,16.31999969482422,False,False,False,0,normal
2012-04-30,-0.6240711105015307,0.025828752813320977,17.149999618530273,False,False,False,0,normal
2012-05-01,-0.5882910667769566,0.022731633741348567,16.600000381469727,False,False,False,0,normal
2012-05-02,-0.5962971901037369,0.022731633741348567,16.8799991607666,False,False,False,0,normal
2012-05-03,-0.60029566322318,0.022731633741348567,17.559999465942383,False,False,False,0,normal
2012-05-04,-0.5946678650934716,0.022731633741348567,19.15999984741211,False,False,False,0,normal
2012-05-07,-0.5953220210452548,0.022731633741348567,18.940000534057617,False,False,False,0,normal
2012-05-08,-0.5789093095047986,0.022731633741348567,19.049999237060547,False,False,False,0,normal
2012-05-09,-0.5854885947771331,0.022731633741348567,20.079999923706055,False,False,False,0,normal
2012-05-10,-0.5850220339215022,0.022731633741348567,18.829999923706055,False,False,False,0,normal
2012-05-11,-0.5711191689913531,0.022731633741348567,19.889999389648438,False,False,False,0,normal
2012-05-14,-0.5869129709960237,0.022731633741348567,21.8700008392334,False,False,False,0,normal
2012-05-15,-0.587321500615986,0.022731633741348567,21.969999313354492,False,False,False,0,normal
2012-05-16,-0.5864090835564978,0.022731633741348567,22.270000457763672,False,False,False,0,normal
2012-05-17,-0.6040090109503445,0.022731633741348567,24.489999771118164,False,False,False,0,normal
2012-05-18,-0.5998189875363793,0.022731633741348567,25.100000381469727,False,False,True,1,watch
2012-05-21,-0.595462519024378,0.022731633741348567,22.010000228881836,False,False,False,0,normal
2012-05-22,-0.5926178755048173,0.022731633741348567,22.479999542236328,False,False,False,0,normal
2012-05-23,-0.5874826595784425,0.022731633741348567,22.329999923706055,False,False,False,0,normal
2012-05-24,-0.5917354808542954,0.022731633741348567,21.540000915527344,False,False,False,0,normal
2012-05-25,-0.5833026316032868,0.022731633741348567,21.760000228881836,False,False,False,0,normal
2012-05-29,-0.5787123902637098,0.022731633741348567,21.030000686645508,False,False,False,0,normal
2012-05-30,-0.6008268710688389,0.022731633741348567,24.139999389648438,False,False,False,0,normal
2012-05-31,-0.6057426381508197,0.022731633741348567,24.059999465942383,False,False,False,0,normal
2012-06-01,-0.6354600596828083,0.01737942937466075,26.65999984741211,False,False,True,1,watch
2012-06-04,-0.6318711265172268,0.01737942937466075,26.1200008392334,False,False,True,1,watch
2012-06-05,-0.6352192067016166,0.01737942937466075,24.68000030517578,False,False,False,0,normal
2012-06-06,-0.6570331594727113,0.01737942937466075,22.15999984741211,False,False,False,0,normal
2012-06-07,-0.6568179962539094,0.01737942937466075,21.719999313354492,False,False,False,0,normal
2012-06-08,-0.6581187754413437,0.01737942937466075,21.229999542236328,False,False,False,0,normal
2012-06-11,-0.6508693143380604,0.01737942937466075,23.559999465942383,False,False,False,0,normal
2012-06-12,-0.6556352806763591,0.01737942937466075,22.09000015258789,False,False,False,0,normal
2012-06-13,-0.6446770384835434,0.01737942937466075,24.270000457763672,False,False,False,0,normal
2012-06-14,-0.6443641659528652,0.01737942937466075,21.68000030517578,False,False,False,0,normal
2012-06-15,-0.6345585077596954,0.01737942937466075,21.110000610351562,False,False,False,0,normal
2012-06-18,-0.6328423239190201,0.01737942937466075,18.31999969482422,False,False,False,0,normal
2012-06-19,-0.6407750129727884,0.01737942937466075,18.3799991607666,False,False,False,0,normal
2012-06-20,-0.636937391541201,0.01737942937466075,17.239999771118164,False,False,False,0,normal
2012-06-21,-0.6283129804555159,0.01737942937466075,20.079999923706055,False,False,False,0,normal
2012-06-22,-0.6325280132397864,0.01737942937466075,18.110000610351562,False,False,False,0,normal
2012-06-25,-0.6451214032217444,0.01737942937466075,20.3799991607666,False,False,False,0,normal
2012-06-26,-0.6420063266087943,0.01737942937466075,19.719999313354492,False,False,False,0,normal
2012-06-27,-0.6375294866047105,0.01737942937466075,19.450000762939453,False,False,False,0,normal
2012-06-28,-0.6424493873729545,0.01737942937466075,19.709999084472656,False,False,False,0,normal
2012-06-29,-0.6533756673946106,0.01737942937466075,17.079999923706055,False,False,False,0,normal
2012-07-02,-0.6465776479115323,0.01653870448297634,16.799999237060547,False,False,False,0,normal
2012-07-03,-0.651598274480967,0.01653870448297634,16.65999984741211,False,False,False,0,normal
2012-07-05,-0.6565251980258201,0.01653870448297634,17.5,False,False,False,0,normal
2012-07-06,-0.6593649972507746,0.01653870448297634,17.100000381469727,False,False,False,0,normal
2012-07-09,-0.6642284488473752,0.01653870448297634,17.979999542236328,False,False,False,0,normal
2012-07-10,-0.6607125908778629,0.01653870448297634,18.719999313354492,False,False,False,0,normal
2012-07-11,-0.6607806581802467,0.01653870448297634,17.950000762939453,False,False,False,0,normal
2012-07-12,-0.6704943429298771,0.01653870448297634,18.329999923706055,False,False,False,0,normal
2012-07-13,-0.6603182660611826,0.01653870448297634,16.739999771118164,False,False,False,0,normal
2012-07-16,-0.6585419659741388,0.01653870448297634,17.110000610351562,False,False,False,0,normal
2012-07-17,-0.6562715481009818,0.01653870448297634,16.479999542236328,False,False,False,0,normal
2012-07-18,-0.6556755897408866,0.01653870448297634,16.15999984741211,False,False,False,0,normal
2012-07-19,-0.6561120041992686,0.01653870448297634,15.449999809265137,False,False,False,0,normal
2012-07-20,-0.645186269542729,0.01653870448297634,16.270000457763672,False,False,False,0,normal
2012-07-23,-0.6811198708774807,0.01653870448297634,18.6200008392334,False,False,False,0,normal
2012-07-24,-0.6842571990901427,0.01653870448297634,20.469999313354492,False,False,False,0,normal
2012-07-25,-0.6843058884791035,0.01653870448297634,19.34000015258789,False,False,False,0,normal
2012-07-26,-0.6934918548755385,0.01653870448297634,17.530000686645508,False,False,False,0,normal
2012-07-27,-0.7076750331337539,0.01653870448297634,16.700000762939453,False,False,False,0,normal
2012-07-30,-0.7086116675774594,0.01653870448297634,18.030000686645508,False,False,False,0,normal
2012-07-31,-0.7077257697853667,0.01653870448297634,18.93000030517578,False,False,False,0,normal
2012-08-01,-0.7114213343548444,0.014175114798464783,18.959999084472656,False,False,False,0,normal
2012-08-02,-0.7106798335803456,0.014175114798464783,17.56999969482422,False,False,False,0,normal
2012-08-03,-0.7230348087554044,0.014175114798464783,15.640000343322754,False,False,False,0,normal
2012-08-06,-0.7262615347974303,0.014175114798464783,15.949999809265137,False,False,False,0,normal
2012-08-07,-0.7248661996630725,0.014175114798464783,15.989999771118164,False,False,False,0,normal
2012-08-08,-0.7310963869594653,0.014175114798464783,15.319999694824219,False,False,False,0,normal
2012-08-09,-0.7379721086837892,0.014175114798464783,15.279999732971191,False,False,False,0,normal
2012-08-10,-0.7651081950405244,0.014175114798464783,14.739999771118164,False,False,False,0,normal
2012-08-13,-0.7610826991599227,0.014175114798464783,13.699999809265137,False,False,False,0,normal
2012-08-14,-0.7506824012748341,0.014175114798464783,14.850000381469727,False,False,False,0,normal
2012-08-15,-0.739459874535545,0.014175114798464783,14.630000114440918,False,False,False,0,normal
2012-08-16,-0.7361893507106873,0.014175114798464783,14.289999961853027,False,False,False,0,normal
2012-08-17,-0.7330700678038143,0.014175114798464783,13.449999809265137,False,False,False,0,normal
2012-08-20,-0.7332203421207963,0.014175114798464783,14.020000457763672,False,False,False,0,normal
2012-08-21,-0.7274994579402049,0.014175114798464783,15.020000457763672,False,False,False,0,normal
2012-08-22,-0.7147321078067592,0.014175114798464783,15.109999656677246,False,False,False,0,normal
2012-08-23,-0.7215853305653882,0.014175114798464783,15.960000038146973,False,False,False,0,normal
2012-08-24,-0.7211280403971213,0.014175114798464783,15.180000305175781,False,False,False,0,normal
2012-08-27,-0.7220483203055945,0.014175114798464783,16.350000381469727,False,False,False,0,normal
2012-08-28,-0.7220986343721826,0.014175114798464783,16.489999771118164,False,False,False,0,normal
2012-08-29,-0.7188834594792878,0.014175114798464783,17.059999465942383,False,False,False,0,normal
2012-08-30,-0.7198653130446104,0.014175114798464783,17.829999923706055,False,False,False,0,normal
2012-08-31,-0.7006244583202759,0.014175114798464783,17.469999313354492,False,False,False,0,normal
2012-09-04,-0.7080616699714005,0.016859349154821235,17.979999542236328,False,False,False,0,normal
2012-09-05,-0.7055478308620559,0.016859349154821235,17.739999771118164,False,False,False,0,normal
2012-09-06,-0.7204264848506928,0.016859349154821235,15.600000381469727,False,False,False,0,normal
2012-09-07,-0.7196121931419858,0.016859349154821235,14.380000114440918,False,False,False,0,normal
2012-09-10,-0.718759377613139,0.016859349154821235,16.280000686645508,False,False,False,0,normal
2012-09-11,-0.7224130586406107,0.016859349154821235,16.40999984741211,False,False,False,0,normal
2012-09-12,-0.7179829841301133,0.016859349154821235,15.800000190734863,False,False,False,0,normal
2012-09-13,-0.7156562120369203,0.016859349154821235,14.050000190734863,False,False,False,0,normal
2012-09-14,-0.6933787149957064,0.016859349154821235,14.510000228881836,False,False,False,0,normal
2012-09-17,-0.6947784735819176,0.016859349154821235,14.59000015258789,False,False,False,0,normal
2012-09-18,-0.6947824937090559,0.016859349154821235,14.180000305175781,False,False,False,0,normal
2012-09-19,-0.6928272082232707,0.016859349154821235,13.880000114440918,False,False,False,0,normal
2012-09-20,-0.6862569876211752,0.016859349154821235,14.069999694824219,False,False,False,0,normal
2012-09-21,-0.6856540764459198,0.016859349154821235,13.979999542236328,False,False,False,0,normal
2012-09-24,-0.6851746089789126,0.016859349154821235,14.149999618530273,False,False,False,0,normal
2012-09-25,-0.6779416628917408,0.016859349154821235,15.430000305175781,False,False,False,0,normal
2012-09-26,-0.6849307149216034,0.016859349154821235,16.809999465942383,False,False,False,0,normal
2012-09-27,-0.6950941663500088,0.016859349154821235,14.84000015258789,False,False,False,0,normal
2012-09-28,-0.6985132690049638,0.016859349154821235,15.729999542236328,False,False,False,0,normal
2012-10-01,-0.6986416037010282,0.019497168982819613,16.31999969482422,False,False,False,0,normal
2012-10-02,-0.6988207079782826,0.019497168982819613,15.710000038146973,False,False,False,0,normal
2012-10-03,-0.6978026313017119,0.019497168982819613,15.430000305175781,False,False,False,0,normal
2012-10-04,-0.7007367760419676,0.019497168982819613,14.550000190734863,False,False,False,0,normal
2012-10-05,-0.677379586550698,0.019497168982819613,14.329999923706055,False,False,False,0,normal
2012-10-08,-0.6798077459393678,0.019497168982819613,15.109999656677246,False,False,False,0,normal
2012-10-09,-0.6390471333534445,0.019497168982819613,16.3700008392334,False,False,False,0,normal
2012-10-10,-0.6472464824337077,0.019497168982819613,16.290000915527344,False,False,False,0,normal
2012-10-11,-0.6431866013333731,0.019497168982819613,15.59000015258789,False,False,False,0,normal
2012-10-12,-0.6186608759678203,0.019497168982819613,16.139999389648438,False,False,False,0,normal
2012-10-15,-0.6183264422240977,0.019497168982819613,15.270000457763672,False,False,False,0,normal
2012-10-16,-0.6274431931914941,0.019497168982819613,15.220000267028809,False,False,False,0,normal
2012-10-17,-0.6286000355633875,0.019497168982819613,15.069999694824219,False,False,False,0,normal
2012-10-18,-0.6169534133042713,0.019497168982819613,15.029999732971191,False,False,False,0,normal
2012-10-19,-0.6264396998851429,0.019497168982819613,17.059999465942383,False,False,False,0,normal
2012-10-22,-0.627238421890675,0.019497168982819613,16.6200008392334,False,False,False,0,normal
2012-10-23,-0.6549154943224361,0.019497168982819613,18.829999923706055,False,False,False,0,normal
2012-10-24,-0.6473302941169939,0.019497168982819613,18.329999923706055,False,False,False,0,normal
2012-10-25,-0.6415483021538417,0.019497168982819613,18.1200008392334,False,False,False,0,normal
2012-10-26,-0.6333723385565885,0.019497168982819613,17.809999465942383,False,False,False,0,normal
2012-10-31,-0.6442242135058308,0.019497168982819613,18.600000381469727,False,False,False,0,normal
2012-11-01,-0.6443851203617359,0.021556780595369363,16.690000534057617,False,False,False,0,normal
2012-11-02,-0.6229959153927369,0.021556780595369363,17.59000015258789,False,False,False,0,normal
2012-11-05,-0.6191651616265926,0.021556780595369363,18.420000076293945,False,False,False,0,normal
2012-11-06,-0.6300372549499302,0.021556780595369363,17.579999923706055,False,False,False,0,normal
2012-11-07,-0.6520274110712565,0.021556780595369363,19.079999923706055,False,False,False,0,normal
2012-11-08,-0.6548450479998609,0.021556780595369363,18.489999771118164,False,False,False,0,normal
2012-11-09,-0.6647823125305092,0.021556780595369363,18.610000610351562,False,False,False,0,normal
2012-11-12,-0.6616560362913801,0.021556780595369363,16.68000030517578,False,False,False,0,normal
2012-11-13,-0.6609472254283727,0.021556780595369363,16.649999618530273,False,False,False,0,normal
2012-11-14,-0.6459448545851743,0.021556780595369363,17.920000076293945,False,False,False,0,normal
2012-11-15,-0.6467136656595972,0.021556780595369363,17.989999771118164,False,False,False,0,normal
2012-11-16,-0.6479688384413147,0.021556780595369363,16.40999984741211,False,False,False,0,normal
2012-11-19,-0.6409396422566156,0.021556780595369363,15.239999771118164,False,False,False,0,normal
2012-11-20,-0.6340245628457761,0.021556780595369363,15.079999923706055,False,False,False,0,normal
2012-11-21,-0.6438671262575102,0.021556780595369363,15.3100004196167,False,False,False,0,normal
2012-11-23,-0.6340841002977683,0.021556780595369363,15.140000343322754,False,False,False,0,normal
2012-11-26,-0.6317692268802108,0.021556780595369363,15.5,False,False,False,0,normal
2012-11-27,-0.6368083777157628,0.021556780595369363,15.920000076293945,False,False,False,0,normal
2012-11-28,-0.6344892599977484,0.021556780595369363,15.510000228881836,False,False,False,0,normal
2012-11-29,-0.6258583069895794,0.021556780595369363,15.0600004196167,False,False,False,0,normal
2012-11-30,-0.6230379044726783,0.021556780595369363,15.869999885559082,False,False,False,0,normal
2012-12-03,-0.6175472036856177,0.017960197033926262,16.639999389648438,False,False,False,0,normal
2012-12-04,-0.6179075272796128,0.017960197033926262,17.1200008392334,False,False,False,0,normal
2012-12-05,-0.6125578631986242,0.017960197033926262,16.459999084472656,False,False,False,0,normal
2012-12-06,-0.5859496328480982,0.017960197033926262,16.579999923706055,False,False,False,0,normal
2012-12-07,-0.5884563179638388,0.017960197033926262,15.899999618530273,False,False,False,0,normal
2012-12-10,-0.5879473416515736,0.017960197033926262,16.049999237060547,False,False,False,0,normal
2012-12-11,-0.5939190537976506,0.017960197033926262,15.569999694824219,False,False,False,0,normal
2012-12-12,-0.5845604445080855,0.017960197033926262,15.949999809265137,False,False,False,0,normal
2012-12-13,-0.56031788643745,0.017960197033926262,16.559999465942383,False,False,False,0,normal
2012-12-14,-0.5630603344817495,0.017960197033926262,17.0,False,False,False,0,normal
2012-12-17,-0.5745400694877623,0.017960197033926262,16.34000015258789,False,False,False,0,normal
2012-12-18,-0.5832385828164213,0.017960197033926262,15.569999694824219,False,False,False,0,normal
2012-12-19,-0.5839720925026428,0.017960197033926262,17.360000610351562,False,False,False,0,normal
2012-12-20,-0.5843239359585037,0.017960197033926262,17.670000076293945,False,False,False,0,normal
2012-12-21,-0.5928473642786977,0.017960197033926262,17.84000015258789,False,False,False,0,normal
2012-12-24,-0.5999733071913903,0.017960197033926262,17.84000015258789,False,False,False,0,normal
2012-12-26,-0.608709402379178,0.017960197033926262,19.479999542236328,False,False,False,0,normal
2012-12-27,-0.6042351535927856,0.017960197033926262,19.469999313354492,False,False,False,0,normal
2012-12-28,-0.6086254580027544,0.017960197033926262,22.719999313354492,False,False,False,0,normal
2012-12-31,-0.6295161728581982,0.017960197033926262,18.020000457763672,False,False,False,0,normal
2013-01-02,-0.63983386005043,0.017595049796895523,14.680000305175781,False,False,False,0,normal
2013-01-03,-0.6385328005168144,0.017595049796895523,14.5600004196167,False,False,False,0,normal
2013-01-04,-0.6324210274690539,0.017595049796895523,13.829999923706055,False,False,False,0,normal
2013-01-07,-0.6335182024821562,0.017595049796895523,13.789999961853027,False,False,False,0,normal
2013-01-08,-0.6361060467360047,0.017595049796895523,13.619999885559082,False,False,False,0,normal
2013-01-09,-0.6358358594447846,0.017595049796895523,13.8100004196167,False,False,False,0,normal
2013-01-10,-0.6359670540578606,0.017595049796895523,13.489999771118164,False,False,False,0,normal
2013-01-11,-0.6302251666868238,0.017595049796895523,13.359999656677246,False,False,False,0,normal
2013-01-14,-0.6518320897464808,0.017595049796895523,13.520000457763672,False,False,False,0,normal
2013-01-15,-0.650608906726359,0.017595049796895523,13.550000190734863,False,False,False,0,normal
2013-01-16,-0.6527163187165335,0.017595049796895523,13.420000076293945,False,False,False,0,normal
2013-01-17,-0.6367533066863923,0.017595049796895523,13.569999694824219,False,False,False,0,normal
2013-01-18,-0.6295989717361681,0.017595049796895523,12.460000038146973,False,False,False,0,normal
2013-01-22,-0.6257158015786022,0.017595049796895523,12.430000305175781,False,False,False,0,normal
2013-01-23,-0.6256119777541206,0.017595049796895523,12.460000038146973,False,False,False,0,normal
2013-01-24,-0.6271837794590024,0.017595049796895523,12.6899995803833,False,False,False,0,normal
2013-01-25,-0.6326059346108529,0.017595049796895523,12.890000343322754,False,False,False,0,normal
2013-01-28,-0.6516389181532162,0.017595049796895523,13.569999694824219,False,False,False,0,normal
2013-01-29,-0.6537535635005387,0.017595049796895523,13.3100004196167,False,False,False,0,normal
2013-01-30,-0.6515735170593451,0.017595049796895523,14.319999694824219,False,False,False,0,normal
2013-01-31,-0.6554357967834633,0.017595049796895523,14.279999732971191,False,False,False,0,normal
2013-02-01,-0.6636311535952856,0.01684061762098299,12.899999618530273,False,False,False,0,normal
2013-02-04,-0.6732468449334277,0.01684061762098299,14.670000076293945,False,False,False,0,normal
2013-02-05,-0.6795546824610608,0.01684061762098299,13.720000267028809,False,False,False,0,normal
2013-02-06,-0.6675208115499041,0.01684061762098299,13.40999984741211,False,False,False,0,normal
2013-02-07,-0.6634267106940875,0.01684061762098299,13.5,False,False,False,0,normal
2013-02-08,-0.65299401023306,0.01684061762098299,13.020000457763672,False,False,False,0,normal
2013-02-11,-0.653666753286534,0.01684061762098299,12.9399995803833,False,False,False,0,normal
2013-02-12,-0.6567637775752115,0.01684061762098299,12.640000343322754,False,False,False,0,normal
2013-02-13,-0.6535075656037034,0.01684061762098299,12.979999542236328,False,False,False,0,normal
2013-02-14,-0.6487145784866009,0.01684061762098299,12.65999984741211,False,False,False,0,normal
2013-02-15,-0.64357828048826,0.01684061762098299,12.460000038146973,False,False,False,0,normal
2013-02-19,-0.656515103429621,0.01684061762098299,12.3100004196167,False,False,False,0,normal
2013-02-20,-0.6527658138926629,0.01684061762098299,14.680000305175781,False,False,False,0,normal
2013-02-21,-0.6654972749806329,0.01684061762098299,15.220000267028809,False,False,False,0,normal
2013-02-22,-0.6546472213451919,0.01684061762098299,14.170000076293945,False,False,False,0,normal
2013-02-25,-0.6827019702269955,0.01684061762098299,18.989999771118164,False,False,False,0,normal
2013-02-26,-0.6840615714432154,0.01684061762098299,16.8700008392334,False,False,False,0,normal
2013-02-27,-0.6817228744494914,0.01684061762098299,14.729999542236328,False,False,False,0,normal
2013-02-28,-0.6756394670764756,0.01684061762098299,15.510000228881836,False,False,False,0,normal
2013-03-01,-0.6699034242514936,0.020181404902574807,15.359999656677246,False,False,False,0,normal
2013-03-04,-0.678032322822405,0.020181404902574807,14.010000228881836,False,False,False,0,normal
2013-03-05,-0.6633110835172265,0.020181404902574807,13.479999542236328,False,False,False,0,normal
2013-03-06,-0.6623679440784404,0.020181404902574807,13.529999732971191,False,False,False,0,normal
2013-03-07,-0.6449723645630645,0.020181404902574807,13.0600004196167,False,False,False,0,normal
2013-03-08,-0.658316569332757,0.020181404902574807,12.59000015258789,False,False,False,0,normal
2013-03-11,-0.6570346395484854,0.020181404902574807,11.5600004196167,False,False,False,0,normal
2013-03-12,-0.6684079274892006,0.020181404902574807,12.270000457763672,False,False,False,0,normal
2013-03-13,-0.6699154748700099,0.020181404902574807,11.829999923706055,False,False,False,0,normal
2013-03-14,-0.6656961685383325,0.020181404902574807,11.300000190734863,False,False,False,0,normal
2013-03-15,-0.6732913560229279,0.020181404902574807,11.300000190734863,False,False,False,0,normal
2013-03-18,-0.6806573198024779,0.020181404902574807,13.359999656677246,False,False,False,0,normal
2013-03-19,-0.6775787755094541,0.020181404902574807,14.390000343322754,False,False,False,0,normal
2013-03-20,-0.6493574146173339,0.020181404902574807,12.670000076293945,False,False,False,0,normal
2013-03-21,-0.6410862789922407,0.020181404902574807,13.989999771118164,False,False,False,0,normal
2013-03-22,-0.6355616552097723,0.020181404902574807,13.569999694824219,False,False,False,0,normal
2013-03-25,-0.633037281468018,0.020181404902574807,13.739999771118164,False,False,False,0,normal
2013-03-26,-0.6251902151038972,0.020181404902574807,12.770000457763672,False,False,False,0,normal
2013-03-27,-0.6333335571564327,0.020181404902574807,13.149999618530273,False,False,False,0,normal
2013-03-28,-0.6352280838658354,0.020181404902574807,12.699999809265137,False,False,False,0,normal
2013-04-01,-0.6393352789954193,0.015187472411246183,13.579999923706055,False,False,False,0,normal
2013-04-02,-0.6475438737071919,0.015187472411246183,12.779999732971191,False,False,False,0,normal
2013-04-03,-0.6652805224680923,0.015187472411246183,14.210000038146973,False,False,False,0,normal
2013-04-04,-0.6458979852497373,0.015187472411246183,13.890000343322754,False,False,False,0,normal
2013-04-05,-0.6520478273443548,0.015187472411246183,13.920000076293945,False,False,False,0,normal
2013-04-08,-0.6540407346421618,0.015187472411246183,13.1899995803833,False,False,False,0,normal
2013-04-09,-0.6530237084641827,0.015187472411246183,12.84000015258789,False,False,False,0,normal
2013-04-10,-0.6661816655086792,0.015187472411246183,12.359999656677246,False,False,False,0,normal
2013-04-11,-0.6658915502034816,0.015187472411246183,12.239999771118164,False,False,False,0,normal
2013-04-12,-0.664110425670477,0.015187472411246183,12.0600004196167,False,False,False,0,normal
2013-04-15,-0.6592886986125376,0.015187472411246183,17.270000457763672,False,False,False,0,normal
2013-04-16,-0.6635374906195944,0.015187472411246183,13.960000038146973,False,False,False,0,normal
2013-04-17,-0.6643141980840267,0.015187472411246183,16.510000228881836,False,False,False,0,normal
2013-04-18,-0.6654929810095026,0.015187472411246183,17.559999465942383,False,False,False,0,normal
2013-04-19,-0.6663910340612939,0.015187472411246183,14.970000267028809,False,False,False,0,normal
2013-04-22,-0.6657932438107709,0.015187472411246183,14.390000343322754,False,False,False,0,normal
2013-04-23,-0.6631328482626851,0.015187472411246183,13.479999542236328,False,False,False,0,normal
2013-04-24,-0.6732669316590374,0.015187472411246183,13.609999656677246,False,False,False,0,normal
2013-04-25,-0.6766534617385627,0.015187472411246183,13.619999885559082,False,False,False,0,normal
2013-04-26,-0.674168433875814,0.015187472411246183,13.609999656677246,False,False,False,0,normal
2013-04-29,-0.6664315213406997,0.015187472411246183,13.710000038146973,False,False,False,0,normal
2013-04-30,-0.6592639840485182,0.015187472411246183,13.520000457763672,False,False,False,0,normal
2013-05-01,-0.6664786520554202,0.01138808047576867,14.489999771118164,False,False,False,0,normal
2013-05-02,-0.6658103032804961,0.01138808047576867,13.59000015258789,False,False,False,0,normal
2013-05-03,-0.6587931781756444,0.01138808047576867,12.850000381469727,False,False,False,0,normal
2013-05-06,-0.6620512946346956,0.01138808047576867,12.65999984741211,False,False,False,0,normal
2013-05-07,-0.6619583711346996,0.01138808047576867,12.829999923706055,False,False,False,0,normal
2013-05-08,-0.6596241299035569,0.01138808047576867,12.65999984741211,False,False,False,0,normal
2013-05-09,-0.6542260090967773,0.01138808047576867,13.130000114440918,False,False,False,0,normal
2013-05-10,-0.6318960596413596,0.01138808047576867,12.59000015258789,False,False,False,0,normal
2013-05-13,-0.6125342332207189,0.01138808047576867,12.550000190734863,False,False,False,0,normal
2013-05-14,-0.6437412844076927,0.01138808047576867,12.770000457763672,False,False,False,0,normal
2013-05-15,-0.6380710293221322,0.01138808047576867,12.8100004196167,False,False,False,0,normal
2013-05-16,-0.64351682063277,0.01138808047576867,13.069999694824219,False,False,False,0,normal
2013-05-17,-0.6486746603888164,0.01138808047576867,12.449999809265137,False,False,False,0,normal
2013-05-20,-0.6479340487583831,0.01138808047576867,13.020000457763672,False,False,False,0,normal
2013-05-21,-0.6443231049805812,0.01138808047576867,13.369999885559082,False,False,False,0,normal
2013-05-22,-0.6000517943850422,0.01138808047576867,13.819999694824219,False,False,False,0,normal
2013-05-23,-0.6036080520272138,0.01138808047576867,14.069999694824219,False,False,False,0,normal
2013-05-24,-0.6044019009810483,0.01138808047576867,13.989999771118164,False,False,False,0,normal
2013-05-28,-0.5938991113339184,0.01138808047576867,14.479999542236328,False,False,False,0,normal
2013-05-29,-0.5976373691420052,0.01138808047576867,14.829999923706055,False,False,False,0,normal
2013-05-30,-0.6026641856133669,0.01138808047576867,14.529999732971191,False,False,False,0,normal
2013-05-31,-0.5797809454994604,0.01138808047576867,16.299999237060547,False,False,False,0,normal
2013-06-03,-0.5721946013580446,0.013903888279197085,16.280000686645508,False,False,False,0,normal
2013-06-04,-0.5574082202769869,0.013903888279197085,16.270000457763672,False,False,False,0,normal
2013-06-05,-0.5718076921334703,0.013903888279197085,17.5,False,False,False,0,normal
2013-06-06,-0.5707830622290281,0.013903888279197085,16.6299991607666,False,False,False,0,normal
2013-06-07,-0.5848130772063302,0.013903888279197085,15.140000343322754,False,False,False,0,normal
2013-06-10,-0.5858747459921141,0.013903888279197085,15.4399995803833,False,False,False,0,normal
2013-06-11,-0.5944938527446038,0.013903888279197085,17.06999969482422,False,False,False,0,normal
2013-06-12,-0.5496630263104219,0.013903888279197085,18.59000015258789,False,False,False,0,normal
2013-06-13,-0.47748123230299555,0.013903888279197085,16.40999984741211,False,False,False,0,normal
2013-06-14,-0.4647915653260303,0.013903888279197085,17.149999618530273,False,False,False,0,normal
2013-06-17,-0.4697938072787129,0.013903888279197085,16.799999237060547,False,False,False,0,normal
2013-06-18,-0.46795990638062707,0.013903888279197085,16.610000610351562,False,False,False,0,normal
2013-06-19,-0.4342548381289587,0.013903888279197085,16.639999389648438,False,False,False,0,normal
2013-06-20,-0.33867538671369213,0.013903888279197085,20.489999771118164,False,False,False,0,normal
2013-06-21,-0.338455707578683,0.013903888279197085,18.899999618530273,False,False,False,0,normal
2013-06-24,-0.34350450926464127,0.013903888279197085,20.110000610351562,False,False,False,0,normal
2013-06-25,-0.3536095506222497,0.013903888279197085,18.469999313354492,False,False,False,0,normal
2013-06-26,-0.34088412541677265,0.013903888279197085,17.209999084472656,False,False,False,0,normal
2013-06-27,-0.32651085846360645,0.013903888279197085,16.860000610351562,False,False,False,0,normal
2013-06-28,-0.32805264972508535,0.013903888279197085,16.860000610351562,False,False,False,0,normal
2013-07-01,-0.3210321970788991,0.017157935271568725,16.3700008392334,False,False,False,0,normal
2013-07-02,-0.32462707922094053,0.017157935271568725,16.440000534057617,False,False,False,0,normal
2013-07-03,-0.2805994196827162,0.017157935271568725,16.200000762939453,False,False,False,0,normal
2013-07-05,-0.30354581258114177,0.017157935271568725,14.890000343322754,False,False,False,0,normal
2013-07-08,-0.2936962751333507,0.017157935271568725,14.779999732971191,False,False,False,0,normal
2013-07-09,-0.2899770744763711,0.017157935271568725,14.350000381469727,False,False,False,0,normal
2013-07-10,-0.29141657406770627,0.017157935271568725,14.210000038146973,False,False,False,0,normal
2013-07-11,-0.25953356605058386,0.017157935271568725,14.010000228881836,False,False,False,0,normal
2013-07-12,-0.25870557057508276,0.017157935271568725,13.84000015258789,False,False,False,0,normal
2013-07-15,-0.2562242924224325,0.017157935271568725,13.789999961853027,False,False,False,0,normal
2013-07-16,-0.25829616773206987,0.017157935271568725,14.420000076293945,False,False,False,0,normal
2013-07-17,-0.25465053552213923,0.017157935271568725,13.779999732971191,False,False,False,0,normal
2013-07-18,-0.2606155824716784,0.017157935271568725,13.770000457763672,False,False,False,0,normal
2013-07-19,-0.2522258828954141,0.017157935271568725,12.539999961853027,False,False,False,0,normal
2013-07-22,-0.2518831090832164,0.017157935271568725,12.289999961853027,False,False,False,0,normal
2013-07-23,-0.2486778294895304,0.017157935271568725,12.65999984741211,False,False,False,0,normal
2013-07-24,-0.23683768991905693,0.017157935271568725,13.180000305175781,False,False,False,0,normal
2013-07-25,-0.23074452949963933,0.017157935271568725,12.970000267028809,False,False,False,0,normal
2013-07-26,-0.22741253023457145,0.017157935271568725,12.720000267028809,False,False,False,0,normal
2013-07-29,-0.2157435704574914,0.017157935271568725,13.390000343322754,False,False,False,0,normal
2013-07-30,-0.20426959913105536,0.017157935271568725,13.390000343322754,False,False,False,0,normal
2013-07-31,-0.20682844473629056,0.017157935271568725,13.449999809265137,False,False,False,0,normal
2013-08-01,-0.22902205466152756,0.01885471805415806,12.9399995803833,False,False,False,0,normal
2013-08-02,-0.22933356704700342,0.01885471805415806,11.979999542236328,False,False,False,0,normal
2013-08-05,-0.22587132452943406,0.01885471805415806,11.84000015258789,False,False,False,0,normal
2013-08-06,-0.22767496583178212,0.01885471805415806,12.720000267028809,False,False,False,0,normal
2013-08-07,-0.22690359735439986,0.01885471805415806,12.979999542236328,False,False,False,0,normal
2013-08-08,-0.22385584753460888,0.01885471805415806,12.729999542236328,False,False,False,0,normal
2013-08-09,-0.21258485661946527,0.01885471805415806,13.40999984741211,False,False,False,0,normal
2013-08-12,-0.21832700698547985,0.01885471805415806,12.8100004196167,False,False,False,0,normal
2013-08-13,-0.2086134686040833,0.01885471805415806,12.3100004196167,False,False,False,0,normal
2013-08-14,-0.20642264076122163,0.01885471805415806,13.039999961853027,False,False,False,0,normal
2013-08-15,-0.17450557809905104,0.01885471805415806,14.729999542236328,False,False,False,0,normal
2013-08-16,-0.15580203523590097,0.01885471805415806,14.369999885559082,False,False,False,0,normal
2013-08-19,-0.14896483925869505,0.01885471805415806,15.100000381469727,False,False,False,0,normal
2013-08-20,-0.137031612265366,0.01885471805415806,14.90999984741211,False,False,False,0,normal
2013-08-21,-0.0951114981602368,0.01885471805415806,15.9399995803833,False,False,False,0,normal
2013-08-22,-0.06554359381670191,0.01885471805415806,14.760000228881836,False,False,False,0,normal
2013-08-23,-0.040870915681429795,0.01885471805415806,13.979999542236328,False,False,False,0,normal
2013-08-26,-0.04115810851362,0.01885471805415806,14.989999771118164,False,False,False,0,normal
2013-08-27,-0.07622733142209387,0.01885471805415806,16.770000457763672,False,False,False,0,normal
2013-08-28,-0.08043601416137218,0.01885471805415806,16.489999771118164,False,False,False,0,normal
2013-08-29,-0.07628619755855658,0.01885471805415806,16.809999465942383,False,False,False,0,normal
2013-08-30,-0.07651867195652655,0.01885471805415806,17.010000228881836,False,False,False,0,normal
2013-09-03,-0.08215322844233118,0.01538809488600279,16.610000610351562,False,False,False,0,normal
2013-09-04,-0.07902049071720485,0.01538809488600279,15.880000114440918,False,False,False,0,normal
2013-09-05,-0.07820790397932198,0.01538809488600279,15.770000457763672,False,False,False,0,normal
2013-09-06,-0.07878735607378692,0.01538809488600279,15.850000381469727,False,False,False,0,normal
2013-09-09,-0.05857456455556372,0.01538809488600279,15.630000114440918,False,False,False,0,normal
2013-09-10,-0.0647807470489442,0.01538809488600279,14.529999732971191,False,False,False,0,normal
2013-09-11,-0.029355219257090212,0.01538809488600279,13.819999694824219,False,False,False,0,normal
2013-09-12,-0.029178082318359822,0.01538809488600279,14.289999961853027,False,False,False,0,normal
2013-09-13,-0.02600641341753884,0.01538809488600279,14.15999984741211,False,False,False,0,normal
2013-09-16,-0.03225530081067439,0.01538809488600279,14.380000114440918,False,False,False,0,normal
2013-09-17,-0.02659505624005911,0.01538809488600279,14.529999732971191,False,False,False,0,normal
2013-09-18,0.0009817134212829267,0.01538809488600279,13.59000015258789,False,False,False,0,normal
2013-09-19,0.002826438097869499,0.01538809488600279,13.15999984741211,False,False,False,0,normal
2013-09-20,0.01020152759381868,0.01538809488600279,13.119999885559082,False,False,False,0,normal
2013-09-23,-0.0024662836540816275,0.01538809488600279,14.3100004196167,False,False,False,0,normal
2013-09-24,0.001569443503117515,0.01538809488600279,14.079999923706055,False,False,False,0,normal
2013-09-25,0.01758646184206605,0.01538809488600279,14.010000228881836,False,False,False,0,normal
2013-09-26,0.014030264961666495,0.01538809488600279,14.0600004196167,False,False,False,0,normal
2013-09-27,0.009795639931383148,0.01538809488600279,15.460000038146973,False,False,False,0,normal
2013-09-30,-0.006908233705329723,0.01538809488600279,16.600000381469727,False,False,False,0,normal
2013-10-01,-0.006633335631624979,0.010947341081747997,15.539999961853027,False,False,False,0,normal
2013-10-02,-0.006699460549827863,0.010947341081747997,16.600000381469727,False,False,False,0,normal
2013-10-03,0.01771531101983044,0.010947341081747997,17.670000076293945,False,False,False,0,normal
2013-10-04,0.03148729157670552,0.010947341081747997,16.739999771118164,False,False,False,0,normal
2013-10-07,0.02499637782502492,0.010947341081747997,19.40999984741211,False,False,False,0,normal
2013-10-08,0.01657734106338307,0.010947341081747997,20.34000015258789,False,False,False,0,normal
2013-10-09,0.010678371048022196,0.010947341081747997,19.600000381469727,False,False,False,0,normal
2013-10-10,0.011243601414735401,0.010947341081747997,16.479999542236328,False,False,False,0,normal
2013-10-11,0.04781237536273946,0.010947341081747997,15.720000267028809,False,False,False,0,normal
2013-10-14,0.04358651301127346,0.010947341081747997,16.06999969482422,False,False,False,0,normal
2013-10-15,0.08052748721465652,0.010947341081747997,18.65999984741211,False,False,False,0,normal
2013-10-16,0.10751271059570844,0.010947341081747997,14.710000038146973,False,False,False,0,normal
2013-10-17,0.14209905392709027,0.010947341081747997,13.479999542236328,False,False,False,0,normal
2013-10-18,0.1254220921336921,0.010947341081747997,13.039999961853027,False,False,False,0,normal
2013-10-21,0.08921431624558494,0.010947341081747997,13.15999984741211,False,False,False,0,normal
2013-10-22,0.09650773076244623,0.010947341081747997,13.329999923706055,False,False,False,0,normal
2013-10-23,0.09834288991265559,0.010947341081747997,13.420000076293945,False,False,False,0,normal
2013-10-24,0.09596679764968612,0.010947341081747997,13.199999809265137,False,False,False,0,normal
2013-10-25,0.07426503749200628,0.010947341081747997,13.09000015258789,False,False,False,0,normal
2013-10-28,-0.00454637758979419,0.010947341081747997,13.3100004196167,False,False,False,0,normal
2013-10-29,0.003406438879958475,0.010947341081747997,13.40999984741211,False,False,False,0,normal
2013-10-30,0.023892672574074878,0.010947341081747997,13.649999618530273,False,False,False,0,normal
2013-10-31,0.03857942918440087,0.010947341081747997,13.75,False,False,False,0,normal
2013-11-01,0.023580198718654546,0.00876799143491147,13.279999732971191,False,False,False,0,normal
2013-11-04,0.013571130036264947,0.00876799143491147,12.930000305175781,False,False,False,0,normal
2013-11-05,0.03259671916692545,0.00876799143491147,13.270000457763672,False,False,False,0,normal
2013-11-06,0.0308940394929977,0.00876799143491147,12.670000076293945,False,False,False,0,normal
2013-11-07,0.0041025407776633036,0.00876799143491147,13.90999984741211,False,False,False,0,normal
2013-11-08,-0.05514169768190096,0.00876799143491147,12.899999618530273,False,False,False,0,normal
2013-11-11,0.012058398507645328,0.00876799143491147,12.529999732971191,False,False,False,0,normal
2013-11-12,-0.001605093610911592,0.00876799143491147,12.819999694824219,False,False,False,0,normal
2013-11-13,0.002815779628062474,0.00876799143491147,12.520000457763672,False,False,False,0,normal
2013-11-14,0.007456854417080733,0.00876799143491147,12.369999885559082,False,False,False,0,normal
2013-11-15,-0.025229889262352426,0.00876799143491147,12.1899995803833,False,False,False,0,normal
2013-11-18,-0.0312802941006287,0.00876799143491147,13.100000381469727,False,False,False,0,normal
2013-11-19,-0.029926697655940505,0.00876799143491147,13.390000343322754,False,False,False,0,normal
2013-11-20,-0.010934459678105898,0.00876799143491147,13.399999618530273,False,False,False,0,normal
2013-11-21,-0.008340484721336075,0.00876799143491147,12.65999984741211,False,False,False,0,normal
2013-11-22,0.01314608924037983,0.00876799143491147,12.260000228881836,False,False,False,0,normal
2013-11-25,0.00860679854572001,0.00876799143491147,12.789999961853027,False,False,False,0,normal
2013-11-26,0.007634470326936292,0.00876799143491147,12.8100004196167,False,False,False,0,normal
2013-11-27,0.004547486529578552,0.00876799143491147,12.979999542236328,False,False,False,0,normal
2013-11-29,-0.008573449565080564,0.00876799143491147,13.699999809265137,False,False,False,0,normal
2013-12-02,-0.002475424646917595,0.012328701961954458,14.229999542236328,False,False,False,0,normal
2013-12-03,-0.00752587026146176,0.012328701961954458,14.550000190734863,False,False,False,0,normal
2013-12-04,-0.011831136562526325,0.012328701961954458,14.699999809265137,False,False,False,0,normal
2013-12-05,-0.008843927781839893,0.012328701961954458,15.079999923706055,False,False,False,0,normal
2013-12-06,0.00332491587625896,0.012328701961954458,13.789999961853027,False,False,False,0,normal
2013-12-09,0.05307575117851432,0.012328701961954458,13.489999771118164,False,False,False,0,normal
2013-12-10,0.04328756550945754,0.012328701961954458,13.90999984741211,False,False,False,0,normal
2013-12-11,0.05976144113752207,0.012328701961954458,15.420000076293945,False,False,False,0,normal
2013-12-12,0.06779295558226271,0.012328701961954458,15.539999961853027,False,False,False,0,normal
2013-12-13,0.07425079795256273,0.012328701961954458,15.760000228881836,False,False,False,0,normal
2013-12-16,0.06744333775443204,0.012328701961954458,16.030000686645508,False,False,False,0,normal
2013-12-17,0.06455701407230098,0.012328701961954458,16.209999084472656,False,False,False,0,normal
2013-12-18,0.0419874424351367,0.012328701961954458,13.800000190734863,False,False,False,0,normal
2013-12-19,0.050231095061043174,0.012328701961954458,14.149999618530273,False,False,False,0,normal
2013-12-20,0.06838502504277628,0.012328701961954458,13.789999961853027,False,False,False,0,normal
2013-12-23,0.017200011345715444,0.012328701961954458,13.039999961853027,False,False,False,0,normal
2013-12-24,0.011443179385061494,0.012328701961954458,12.479999542236328,False,False,False,0,normal
2013-12-26,-0.008169759731851271,0.012328701961954458,12.329999923706055,False,False,False,0,normal
2013-12-27,-0.013826743690142805,0.012328701961954458,12.460000038146973,False,False,False,0,normal
2013-12-30,-0.03672673560404019,0.012328701961954458,13.5600004196167,False,False,False,0,normal
2013-12-31,-0.061947437527480484,0.012328701961954458,13.720000267028809,False,False,False,0,normal
2014-01-02,-0.07555510226196621,0.015128383667573297,14.229999542236328,False,False,False,0,normal
2014-01-03,-0.0698679121645106,0.015128383667573297,13.760000228881836,False,False,False,0,normal
2014-01-06,-0.020692750196116577,0.015128383667573297,13.550000190734863,False,False,False,0,normal
2014-01-07,-0.012855166139884097,0.015128383667573297,12.920000076293945,False,False,False,0,normal
2014-01-08,-0.01259180813593087,0.015128383667573297,12.869999885559082,False,False,False,0,normal
2014-01-09,-0.014927826982631849,0.015128383667573297,12.890000343322754,False,False,False,0,normal
2014-01-10,0.000888050820347423,0.015128383667573297,12.140000343322754,False,False,False,0,normal
2014-01-13,-0.012818083998585252,0.015128383667573297,13.279999732971191,False,False,False,0,normal
2014-01-14,-0.02511981572782333,0.015128383667573297,12.279999732971191,False,False,False,0,normal
2014-01-15,-0.025620889584244504,0.015128383667573297,12.279999732971191,False,False,False,0,normal
2014-01-16,-0.030363204989775718,0.015128383667573297,12.529999732971191,False,False,False,0,normal
2014-01-17,-0.023620874267300845,0.015128383667573297,12.4399995803833,False,False,False,0,normal
2014-01-21,-0.02836797827883783,0.015128383667573297,12.869999885559082,False,False,False,0,normal
2014-01-22,-0.02981931450307176,0.015128383667573297,12.84000015258789,False,False,False,0,normal
2014-01-23,-0.06272298464396955,0.015128383667573297,13.770000457763672,False,False,False,0,normal
2014-01-24,-0.082398748021771,0.015128383667573297,18.139999389648438,False,False,False,0,normal
2014-01-27,-0.07926894933854724,0.015128383667573297,17.420000076293945,False,False,False,0,normal
2014-01-28,-0.1118705476940759,0.015128383667573297,15.800000190734863,False,False,False,0,normal
2014-01-29,-0.13308007560175894,0.015128383667573297,17.350000381469727,False,False,False,0,normal
2014-01-30,-0.13197994078074315,0.015128383667573297,17.290000915527344,False,False,False,0,normal
2014-01-31,-0.13296730714131075,0.015128383667573297,18.40999984741211,False,False,False,0,normal
2014-02-03,-0.18074674352644565,0.01557758795574915,21.440000534057617,False,False,False,0,normal
2014-02-04,-0.19260994089887273,0.01557758795574915,19.110000610351562,False,False,False,0,normal
2014-02-05,-0.1825960872024391,0.01557758795574915,19.950000762939453,False,False,False,0,normal
2014-02-06,-0.18997162985852703,0.01557758795574915,17.229999542236328,False,False,False,0,normal
2014-02-07,-0.18877765441666594,0.01557758795574915,15.289999961853027,False,False,False,0,normal
2014-02-10,-0.18403620266004425,0.01557758795574915,15.260000228881836,False,False,False,0,normal
2014-02-11,-0.19431930671682432,0.01557758795574915,14.510000228881836,False,False,False,0,normal
2014-02-12,-0.19921602138459724,0.01557758795574915,14.300000190734863,False,False,False,0,normal
2014-02-13,-0.19264054229632574,0.01557758795574915,14.140000343322754,False,False,False,0,normal
2014-02-14,-0.1857927991616459,0.01557758795574915,13.569999694824219,False,False,False,0,normal
2014-02-18,-0.18874426498251726,0.01557758795574915,13.869999885559082,False,False,False,0,normal
2014-02-19,-0.1816448251811758,0.01557758795574915,15.5,False,False,False,0,normal
2014-02-20,-0.1992973504672283,0.01557758795574915,14.789999961853027,False,False,False,0,normal
2014-02-21,-0.2011176454090876,0.01557758795574915,14.680000305175781,False,False,False,0,normal
2014-02-24,-0.19940148299752342,0.01557758795574915,14.229999542236328,False,False,False,0,normal
2014-02-25,-0.2040739102313067,0.01557758795574915,13.670000076293945,False,False,False,0,normal
2014-02-26,-0.25123416323981257,0.01557758795574915,14.350000381469727,False,False,False,0,normal
2014-02-27,-0.2602583873730019,0.01557758795574915,14.039999961853027,False,False,False,0,normal
2014-02-28,-0.2640046910250608,0.01557758795574915,14.0,False,False,False,0,normal
2014-03-03,-0.2739233696404585,0.011204746347724948,16.0,False,False,False,0,normal
2014-03-04,-0.3266434132232616,0.011204746347724948,14.100000381469727,False,False,False,0,normal
2014-03-05,-0.32314590245110647,0.011204746347724948,13.890000343322754,False,False,False,0,normal
2014-03-06,-0.3211245463613614,0.011204746347724948,14.210000038146973,False,False,False,0,normal
2014-03-07,-0.32330298190818396,0.011204746347724948,14.109999656677246,False,False,False,0,normal
2014-03-10,-0.3234626992847346,0.011204746347724948,14.199999809265137,False,False,False,0,normal
2014-03-11,-0.3278101485338673,0.011204746347724948,14.800000190734863,False,False,False,0,normal
2014-03-12,-0.3376368232039352,0.011204746347724948,14.470000267028809,False,False,False,0,normal
2014-03-13,-0.36060974281258584,0.011204746347724948,16.219999313354492,False,False,False,0,normal
2014-03-14,-0.3607637039457415,0.011204746347724948,17.81999969482422,False,False,False,0,normal
2014-03-17,-0.37110899340228753,0.011204746347724948,15.640000343322754,False,False,False,0,normal
2014-03-18,-0.3824925086936192,0.011204746347724948,14.520000457763672,False,False,False,0,normal
2014-03-19,-0.36739086951374583,0.011204746347724948,15.119999885559082,False,False,False,0,normal
2014-03-20,-0.35345021544530925,0.011204746347724948,14.520000457763672,False,False,False,0,normal
2014-03-21,-0.3152748846220963,0.011204746347724948,15.0,False,False,False,0,normal
2014-03-24,-0.3218569540965371,0.011204746347724948,15.09000015258789,False,False,False,0,normal
2014-03-25,-0.32324187549273986,0.011204746347724948,14.020000457763672,False,False,False,0,normal
2014-03-26,-0.34073944695362524,0.011204746347724948,14.930000305175781,False,False,False,0,normal
2014-03-27,-0.3507849553355482,0.011204746347724948,14.619999885559082,False,False,False,0,normal
2014-03-28,-0.357213563883001,0.011204746347724948,14.40999984741211,False,False,False,0,normal
2014-03-31,-0.3567197757617487,0.011204746347724948,13.880000114440918,False,False,False,0,normal
2014-04-01,-0.3739933632007333,0.016126949139408042,13.100000381469727,False,False,False,0,normal
2014-04-02,-0.4101782120324446,0.016126949139408042,13.09000015258789,False,False,False,0,normal
2014-04-03,-0.4157377752406125,0.016126949139408042,13.369999885559082,False,False,False,0,normal
2014-04-04,-0.4405098890059409,0.016126949139408042,13.960000038146973,False,False,False,0,normal
2014-04-07,-0.4472129088281151,0.016126949139408042,15.569999694824219,False,False,False,0,normal
2014-04-08,-0.44522884641598476,0.016126949139408042,14.890000343322754,False,False,False,0,normal
2014-04-09,-0.4517459153851758,0.016126949139408042,13.819999694824219,False,False,False,0,normal
2014-04-10,-0.4694789706480494,0.016126949139408042,15.890000343322754,False,False,False,0,normal
2014-04-11,-0.48861252654864584,0.016126949139408042,17.030000686645508,False,False,False,0,normal
2014-04-14,-0.4897480481846275,0.016126949139408042,16.110000610351562,False,False,False,0,normal
2014-04-15,-0.4863942957852842,0.016126949139408042,15.609999656677246,False,False,False,0,normal
2014-04-16,-0.48775935640554025,0.016126949139408042,14.180000305175781,False,False,False,0,normal
2014-04-17,-0.49616767534328066,0.016126949139408042,13.359999656677246,False,False,False,0,normal
2014-04-21,-0.4977620551020564,0.016126949139408042,13.25,False,False,False,0,normal
2014-04-22,-0.4917048727707625,0.016126949139408042,13.1899995803833,False,False,False,0,normal
2014-04-23,-0.5290960654415507,0.016126949139408042,13.270000457763672,False,False,False,0,normal
2014-04-24,-0.5357371704462652,0.016126949139408042,13.319999694824219,False,False,False,0,normal
2014-04-25,-0.5328912104572617,0.016126949139408042,14.0600004196167,False,False,False,0,normal
2014-04-28,-0.5306133389543333,0.016126949139408042,13.970000267028809,False,False,False,0,normal
2014-04-29,-0.5300520139536826,0.016126949139408042,13.710000038146973,False,False,False,0,normal
2014-04-30,-0.5206209418443188,0.016126949139408042,13.40999984741211,False,False,False,0,normal
2014-05-01,-0.5161258503869495,0.02015125303606169,13.25,False,False,False,0,normal
2014-05-02,-0.5521039031485623,0.02015125303606169,12.90999984741211,False,False,False,0,normal
2014-05-05,-0.5473946382907698,0.02015125303606169,13.289999961853027,False,False,False,0,normal
2014-05-06,-0.551336599156333,0.02015125303606169,13.800000190734863,False,False,False,0,normal
2014-05-07,-0.551691309280283,0.02015125303606169,13.399999618530273,False,False,False,0,normal
2014-05-08,-0.5489744288244238,0.02015125303606169,13.430000305175781,False,False,False,0,normal
2014-05-09,-0.5506979627210143,0.02015125303606169,12.920000076293945,False,False,False,0,normal
2014-05-12,-0.5529954844858253,0.02015125303606169,12.229999542236328,False,False,False,0,normal
2014-05-13,-0.5485726644771763,0.02015125303606169,12.130000114440918,False,False,False,0,normal
2014-05-14,-0.5522494922210133,0.02015125303606169,12.170000076293945,False,False,False,0,normal
2014-05-15,-0.5577736081019885,0.02015125303606169,13.170000076293945,False,False,False,0,normal
2014-05-16,-0.5627849166576899,0.02015125303606169,12.4399995803833,False,False,False,0,normal
2014-05-19,-0.5644743664490549,0.02015125303606169,12.420000076293945,False,False,False,0,normal
2014-05-20,-0.5656170377050448,0.02015125303606169,12.960000038146973,False,False,False,0,normal
2014-05-21,-0.5877218503940114,0.02015125303606169,11.90999984741211,False,False,False,0,normal
2014-05-22,-0.5873190537121246,0.02015125303606169,12.029999732971191,False,False,False,0,normal
2014-05-23,-0.5761738750309573,0.02015125303606169,11.359999656677246,False,False,False,0,normal
2014-05-27,-0.5648009397218743,0.02015125303606169,11.510000228881836,False,False,False,0,normal
2014-05-28,-0.5582169849901493,0.02015125303606169,11.680000305175781,False,False,False,0,normal
2014-05-29,-0.5594508218356792,0.02015125303606169,11.569999694824219,False,False,False,0,normal
2014-05-30,-0.5597819657787668,0.02015125303606169,11.399999618530273,False,False,False,0,normal
2014-06-02,-0.5563340410173646,0.02166947687079812,11.579999923706055,False,False,False,0,normal
2014-06-03,-0.5291659970634217,0.02166947687079812,11.869999885559082,False,False,False,0,normal
2014-06-04,-0.5289627279564645,0.02166947687079812,12.079999923706055,False,False,False,0,normal
2014-06-05,-0.5454135127960898,0.02166947687079812,11.680000305175781,False,False,False,0,normal
2014-06-06,-0.5492203758030253,0.02166947687079812,10.729999542236328,False,False,False,0,normal
2014-06-09,-0.5394470417950453,0.02166947687079812,11.149999618530273,False,False,False,0,normal
2014-06-10,-0.5352837083815597,0.02166947687079812,10.989999771118164,False,False,False,0,normal
2014-06-11,-0.529944019658142,0.02166947687079812,11.600000381469727,False,False,False,0,normal
2014-06-12,-0.5113752593691286,0.02166947687079812,12.5600004196167,False,False,False,0,normal
2014-06-13,-0.5043668181270187,0.02166947687079812,12.180000305175781,False,False,False,0,normal
2014-06-16,-0.5197244497661375,0.02166947687079812,12.649999618530273,False,False,False,0,normal
2014-06-17,-0.5129837511226801,0.02166947687079812,12.0600004196167,False,False,False,0,normal
2014-06-18,-0.5031921450181359,0.02166947687079812,10.609999656677246,False,False,False,0,normal
2014-06-19,-0.4912205359528343,0.02166947687079812,10.619999885559082,False,False,False,0,normal
2014-06-20,-0.476732785484259,0.02166947687079812,10.850000381469727,False,False,False,0,normal
2014-06-23,-0.4773131460628695,0.02166947687079812,10.979999542236328,False,False,False,0,normal
2014-06-24,-0.49691225884405416,0.02166947687079812,12.130000114440918,False,False,False,0,normal
2014-06-25,-0.4950304793586879,0.02166947687079812,11.59000015258789,False,False,False,0,normal
2014-06-26,-0.4959019196040912,0.02166947687079812,11.630000114440918,False,False,False,0,normal
2014-06-27,-0.514069302672069,0.02166947687079812,11.260000228881836,False,False,False,0,normal
2014-06-30,-0.5122394502219549,0.02166947687079812,11.569999694824219,False,False,False,0,normal
2014-07-01,-0.5187228808794561,0.020589816945944195,11.149999618530273,False,False,False,0,normal
2014-07-02,-0.5081771767659921,0.020589816945944195,10.819999694824219,False,False,False,0,normal
2014-07-03,-0.5125171407461191,0.020589816945944195,10.319999694824219,False,False,False,0,normal
2014-07-07,-0.5170635237488488,0.020589816945944195,11.329999923706055,False,False,False,0,normal
2014-07-08,-0.5373581748241104,0.020589816945944195,11.979999542236328,False,False,False,0,normal
2014-07-09,-0.5361515024363338,0.020589816945944195,11.649999618530273,False,False,False,0,normal
2014-07-10,-0.5276216322286431,0.020589816945944195,12.59000015258789,False,False,False,0,normal
2014-07-11,-0.4926663941372604,0.020589816945944195,12.079999923706055,False,False,False,0,normal
2014-07-14,-0.4964292042942604,0.020589816945944195,11.819999694824219,False,False,False,0,normal
2014-07-15,-0.49586626398742223,0.020589816945944195,11.960000038146973,False,False,False,0,normal
2014-07-16,-0.4934691480649652,0.020589816945944195,11.0,False,False,False,0,normal
2014-07-17,-0.514941655298006,0.020589816945944195,14.539999961853027,False,False,False,0,normal
2014-07-18,-0.518188498338772,0.020589816945944195,12.0600004196167,False,False,False,0,normal
2014-07-21,-0.5214467704430061,0.020589816945944195,12.8100004196167,False,False,False,0,normal
2014-07-22,-0.49595629532229024,0.020589816945944195,12.239999771118164,False,False,False,0,normal
2014-07-23,-0.4982767742413668,0.020589816945944195,11.520000457763672,False,False,False,0,normal
2014-07-24,-0.4801181199772851,0.020589816945944195,11.84000015258789,False,False,False,0,normal
2014-07-25,-0.4977105336016628,0.020589816945944195,12.6899995803833,False,False,False,0,normal
2014-07-28,-0.5227335757878048,0.020589816945944195,12.5600004196167,False,False,False,0,normal
2014-07-29,-0.5226126835059818,0.020589816945944195,13.279999732971191,False,False,False,0,normal
2014-07-30,-0.49880288441709925,0.020589816945944195,13.329999923706055,False,False,False,0,normal
2014-07-31,-0.43778877827288676,0.020589816945944195,16.950000762939453,False,False,False,0,normal
2014-08-01,-0.43808197296600404,0.019742378703305974,17.030000686645508,False,False,False,0,normal
2014-08-04,-0.4317632333991244,0.019742378703305974,15.119999885559082,False,False,False,0,normal
2014-08-05,-0.4304717848472332,0.019742378703305974,16.8700008392334,False,False,False,0,normal
2014-08-06,-0.42589518430372797,0.019742378703305974,16.3700008392334,False,False,False,0,normal
2014-08-07,-0.4311175572658515,0.019742378703305974,16.65999984741211,False,False,False,0,normal
2014-08-08,-0.4228394477956585,0.019742378703305974,15.770000457763672,False,False,False,0,normal
2014-08-11,-0.420522681976879,0.019742378703305974,14.229999542236328,False,False,False,0,normal
2014-08-12,-0.41232531640174186,0.019742378703305974,14.130000114440918,False,False,False,0,normal
2014-08-13,-0.386973178197045,0.019742378703305974,12.899999618530273,False,False,False,0,normal
2014-08-14,-0.3655368713897551,0.019742378703305974,12.420000076293945,False,False,False,0,normal
2014-08-15,-0.3654032460213951,0.019742378703305974,13.149999618530273,False,False,False,0,normal
2014-08-18,-0.3711007883939433,0.019742378703305974,12.319999694824219,False,False,False,0,normal
2014-08-19,-0.3507222151050717,0.019742378703305974,12.210000038146973,False,False,False,0,normal
2014-08-20,-0.3362715275144015,0.019742378703305974,11.779999732971191,False,False,False,0,normal
2014-08-21,-0.32779823350259774,0.019742378703305974,11.760000228881836,False,False,False,0,normal
2014-08-22,-0.34542911582951197,0.019742378703305974,11.470000267028809,False,False,False,0,normal
2014-08-25,-0.34780964440953777,0.019742378703305974,11.699999809265137,False,False,False,0,normal
2014-08-26,-0.351479037467274,0.019742378703305974,11.630000114440918,False,False,False,0,normal
2014-08-27,-0.35083107214121817,0.019742378703305974,11.779999732971191,False,False,False,0,normal
2014-08-28,-0.3563255622526443,0.019742378703305974,12.050000190734863,False,False,False,0,normal
2014-08-29,-0.35283025361709974,0.019742378703305974,12.09000015258789,False,False,False,0,normal
2014-09-02,-0.329796431058441,0.017150983482969062,12.25,False,False,False,0,normal
2014-09-03,-0.33473353595236555,0.017150983482969062,12.359999656677246,False,False,False,0,normal
2014-09-04,-0.31461219171779464,0.017150983482969062,12.640000343322754,False,False,False,0,normal
2014-09-05,-0.31516015891194576,0.017150983482969062,12.09000015258789,False,False,False,0,normal
2014-09-08,-0.31753261084233714,0.017150983482969062,12.65999984741211,False,False,False,0,normal
2014-09-09,-0.3128724788594131,0.017150983482969062,13.5,False,False,False,0,normal
2014-09-10,-0.31477506010303313,0.017150983482969062,12.880000114440918,False,False,False,0,normal
2014-09-11,-0.31396304500043115,0.017150983482969062,12.800000190734863,False,False,False,0,normal
2014-09-12,-0.27715236613074473,0.017150983482969062,13.3100004196167,False,False,False,0,normal
2014-09-15,-0.2731025664036674,0.017150983482969062,14.119999885559082,False,False,False,0,normal
2014-09-16,-0.28325733025987576,0.017150983482969062,12.729999542236328,False,False,False,0,normal
2014-09-17,-0.2831264767111639,0.017150983482969062,12.649999618530273,False,False,False,0,normal
2014-09-18,-0.26948249730803125,0.017150983482969062,12.029999732971191,False,False,False,0,normal
2014-09-19,-0.2737453635120505,0.017150983482969062,12.109999656677246,False,False,False,0,normal
2014-09-22,-0.2580882608197149,0.017150983482969062,13.6899995803833,False,False,False,0,normal
2014-09-23,-0.24973991860539874,0.017150983482969062,14.930000305175781,False,False,False,0,normal
2014-09-24,-0.2577065830497086,0.017150983482969062,13.270000457763672,False,False,False,0,normal
2014-09-25,-0.2949825349162909,0.017150983482969062,15.640000343322754,False,False,False,0,normal
2014-09-26,-0.2951994695238724,0.017150983482969062,14.850000381469727,False,False,False,0,normal
2014-09-29,-0.28744736454575737,0.017150983482969062,15.979999542236328,False,False,False,0,normal
2014-09-30,-0.2782803993092028,0.017150983482969062,16.309999465942383,False,False,False,0,normal
2014-10-01,-0.34068266207806897,0.016840509711232077,16.709999084472656,False,False,False,0,normal
2014-10-02,-0.34912298354857163,0.016840509711232077,16.15999984741211,False,False,False,0,normal
2014-10-03,-0.3313159312942417,0.016840509711232077,14.550000190734863,False,False,False,0,normal
2014-10-06,-0.32573091841038626,0.016840509711232077,15.460000038146973,False,False,False,0,normal
2014-10-07,-0.36192800803017017,0.016840509711232077,17.200000762939453,False,False,False,0,normal
2014-10-08,-0.3478018524373357,0.016840509711232077,15.109999656677246,False,False,False,0,normal
2014-10-09,-0.3097964720463391,0.016840509711232077,18.760000228881836,False,False,False,0,normal
2014-10-10,-0.32688758784367977,0.016840509711232077,21.239999771118164,False,False,False,0,normal
2014-10-13,-0.3359938929187442,0.016840509711232077,24.639999389648438,False,False,False,0,normal
2014-10-14,-0.33206198534219844,0.016840509711232077,22.790000915527344,False,False,False,0,normal
2014-10-15,-0.3384596510706839,0.016840509711232077,25.270000457763672,False,False,True,1,watch
2014-10-16,-0.33577408654567803,0.016840509711232077,25.200000762939453,False,False,True,1,watch
2014-10-17,-0.3469927026299014,0.016840509711232077,21.989999771118164,False,False,False,0,normal
2014-10-20,-0.3284763254336144,0.016840509711232077,18.56999969482422,False,False,False,0,normal
2014-10-21,-0.3499572055625038,0.016840509711232077,16.079999923706055,False,False,False,0,normal
2014-10-22,-0.3486059608959742,0.016840509711232077,17.8700008392334,False,False,False,0,normal
2014-10-23,-0.3626137896526973,0.016840509711232077,16.530000686645508,False,False,False,0,normal
2014-10-24,-0.3748418200232329,0.016840509711232077,16.110000610351562,False,False,False,0,normal
2014-10-27,-0.3802871547339647,0.016840509711232077,16.040000915527344,False,False,False,0,normal
2014-10-28,-0.39564176450716454,0.016840509711232077,14.390000343322754,False,False,False,0,normal
2014-10-29,-0.3971767709670452,0.016840509711232077,15.149999618530273,False,False,False,0,normal
2014-10-30,-0.3884017373329122,0.016840509711232077,14.520000457763672,False,False,False,0,normal
2014-10-31,-0.3937380748660203,0.016840509711232077,14.029999732971191,False,False,False,0,normal
2014-11-03,-0.3935479349978396,0.016095417021513292,14.729999542236328,False,False,False,0,normal
2014-11-04,-0.39430025437324345,0.016095417021513292,14.890000343322754,False,False,False,0,normal
2014-11-05,-0.39531827397286456,0.016095417021513292,14.170000076293945,False,False,False,0,normal
2014-11-06,-0.39096557413391947,0.016095417021513292,13.670000076293945,False,False,False,0,normal
2014-11-07,-0.3891788300900235,0.016095417021513292,13.119999885559082,False,False,False,0,normal
2014-11-10,-0.3874162628321612,0.016095417021513292,12.670000076293945,False,False,False,0,normal
2014-11-11,-0.38441588333779514,0.016095417021513292,12.920000076293945,False,False,False,0,normal
2014-11-12,-0.3745024009169847,0.016095417021513292,13.020000457763672,False,False,False,0,normal
2014-11-13,-0.37481075456108176,0.016095417021513292,13.789999961853027,False,False,False,0,normal
2014-11-14,-0.37548468681180136,0.016095417021513292,13.3100004196167,False,False,False,0,normal
2014-11-17,-0.37771425983296397,0.016095417021513292,13.989999771118164,False,False,False,0,normal
2014-11-18,-0.37085102421032673,0.016095417021513292,13.859999656677246,False,False,False,0,normal
2014-11-19,-0.3670369678826977,0.016095417021513292,13.960000038146973,False,False,False,0,normal
2014-11-20,-0.3694490857450889,0.016095417021513292,13.579999923706055,False,False,False,0,normal
2014-11-21,-0.3405737218513092,0.016095417021513292,12.899999618530273,False,False,False,0,normal
2014-11-24,-0.3356285817213469,0.016095417021513292,12.619999885559082,False,False,False,0,normal
2014-11-25,-0.33397457137283837,0.016095417021513292,12.25,False,False,False,0,normal
2014-11-26,-0.33453432591869414,0.016095417021513292,12.069999694824219,False,False,False,0,normal
2014-11-28,-0.33606364031258523,0.016095417021513292,13.329999923706055,False,False,False,0,normal
2014-12-01,-0.32455004529676945,0.01231524989320798,14.15999984741211,False,False,False,0,normal
2014-12-02,-0.3257945639382517,0.01231524989320798,12.850000381469727,False,False,False,0,normal
2014-12-03,-0.3227953074985042,0.01231524989320798,12.5,False,False,False,0,normal
2014-12-04,-0.32122715571872473,0.01231524989320798,12.380000114440918,False,False,False,0,normal
2014-12-05,-0.33155668633415547,0.01231524989320798,11.890000343322754,False,False,False,0,normal
2014-12-08,-0.3793880486858666,0.01231524989320798,14.210000038146973,False,False,False,0,normal
2014-12-09,-0.37647035099788806,0.01231524989320798,15.350000381469727,False,False,False,0,normal
2014-12-10,-0.38465050533236517,0.01231524989320798,18.530000686645508,False,False,False,0,normal
2014-12-11,-0.37962167450652956,0.01231524989320798,20.079999923706055,False,False,False,0,normal
2014-12-12,-0.4084450038993081,0.01231524989320798,21.079999923706055,False,False,False,0,normal
2014-12-15,-0.39399200236977966,0.01231524989320798,20.420000076293945,False,False,False,0,normal
2014-12-16,-0.40369974740877784,0.01231524989320798,23.56999969482422,False,False,False,0,normal
2014-12-17,-0.4256246331942552,0.01231524989320798,19.440000534057617,False,False,False,0,normal
2014-12-18,-0.4821837779682187,0.01231524989320798,16.809999465942383,False,False,False,0,normal
2014-12-19,-0.4748354254499656,0.01231524989320798,16.489999771118164,False,False,False,0,normal
2014-12-22,-0.4825085432660704,0.01231524989320798,15.25,False,False,False,0,normal
2014-12-23,-0.46668082226965235,0.01231524989320798,14.800000190734863,False,False,False,0,normal
2014-12-24,-0.4585199315237877,0.01231524989320798,14.369999885559082,False,False,False,0,normal
2014-12-26,-0.4546620255712315,0.01231524989320798,14.5,False,False,False,0,normal
2014-12-29,-0.45135011349192367,0.01231524989320798,15.0600004196167,False,False,False,0,normal
2014-12-30,-0.45491390553388283,0.01231524989320798,15.920000076293945,False,False,False,0,normal
2014-12-31,-0.45171221785128146,0.01231524989320798,19.200000762939453,False,False,False,0,normal
2015-01-02,-0.45245064423202663,0.006531213919623191,17.790000915527344,False,False,False,0,normal
2015-01-05,-0.47903663162179105,0.006531213919623191,19.920000076293945,False,False,False,0,normal
2015-01-06,-0.492473104171273,0.006531213919623191,21.1200008392334,False,False,False,0,normal
2015-01-07,-0.4931943681408713,0.006531213919623191,19.309999465942383,False,False,False,0,normal
2015-01-08,-0.514076517985625,0.006531213919623191,17.010000228881836,False,False,False,0,normal
2015-01-09,-0.5395854687406177,0.006531213919623191,17.549999237060547,False,False,False,0,normal
2015-01-12,-0.5421330530544326,0.006531213919623191,19.600000381469727,False,False,False,0,normal
2015-01-13,-0.554682019729551,0.006531213919623191,20.559999465942383,False,False,False,0,normal
2015-01-14,-0.5563392011271596,0.006531213919623191,21.479999542236328,False,False,False,0,normal
2015-01-15,-0.5650225340869186,0.006531213919623191,22.389999389648438,False,False,False,0,normal
2015-01-16,-0.582385615272887,0.006531213919623191,20.950000762939453,False,False,False,0,normal
2015-01-20,-0.5713959675820913,0.006531213919623191,19.889999389648438,False,False,False,0,normal
2015-01-21,-0.5722486552306169,0.006531213919623191,18.850000381469727,False,False,False,0,normal
2015-01-22,-0.596021909424035,0.006531213919623191,16.399999618530273,False,False,False,0,normal
2015-01-23,-0.5984394499907466,0.006531213919623191,16.65999984741211,False,False,False,0,normal
2015-01-26,-0.5957537386748599,0.006531213919623191,15.520000457763672,False,False,False,0,normal
2015-01-27,-0.5875807125797076,0.006531213919623191,17.219999313354492,False,False,False,0,normal
2015-01-28,-0.6005144336498394,0.006531213919623191,20.440000534057617,False,False,False,0,normal
2015-01-29,-0.6093133242657914,0.006531213919623191,18.760000228881836,False,False,False,0,normal
2015-01-30,-0.6232433958764609,0.006531213919623191,20.969999313354492,False,False,False,0,normal
2015-02-02,-0.6247032393165226,-0.002299309782054282,19.43000030517578,False,False,False,0,normal
2015-02-03,-0.6336069992706952,-0.002299309782054282,17.329999923706055,False,False,False,0,normal
2015-02-04,-0.6255992482572035,-0.002299309782054282,18.329999923706055,False,False,False,0,normal
2015-02-05,-0.6306419571964855,-0.002299309782054282,16.850000381469727,False,False,False,0,normal
2015-02-06,-0.6047965813302798,-0.002299309782054282,17.290000915527344,False,False,False,0,normal
2015-02-09,-0.6069374792940551,-0.002299309782054282,18.549999237060547,False,False,False,0,normal
2015-02-10,-0.5988659460119562,-0.002299309782054282,17.229999542236328,False,False,False,0,normal
2015-02-11,-0.6041802085576132,-0.002299309782054282,16.959999084472656,False,False,False,0,normal
2015-02-12,-0.6147022768277781,-0.002299309782054282,15.34000015258789,False,False,False,0,normal
2015-02-13,-0.6139448788721557,-0.002299309782054282,14.6899995803833,False,False,False,0,normal
2015-02-17,-0.5931779004187651,-0.002299309782054282,15.800000190734863,False,False,False,0,normal
2015-02-18,-0.6028022437670002,-0.002299309782054282,15.449999809265137,False,False,False,0,normal
2015-02-19,-0.6348271279708512,-0.002299309782054282,15.289999961853027,False,False,False,0,normal
2015-02-20,-0.626244105342933,-0.002299309782054282,14.300000190734863,False,False,False,0,normal
2015-02-23,-0.6259990902573995,-0.002299309782054282,14.5600004196167,False,False,False,0,normal
2015-02-24,-0.618127912934814,-0.002299309782054282,13.6899995803833,False,False,False,0,normal
2015-02-25,-0.6153132259938207,-0.002299309782054282,13.84000015258789,False,False,False,0,normal
2015-02-26,-0.6051855976223914,-0.002299309782054282,13.90999984741211,False,False,False,0,normal
2015-02-27,-0.6042109687228118,-0.002299309782054282,13.34000015258789,False,False,False,0,normal
2015-03-02,-0.6096508764484724,-0.0008703146293520536,13.039999961853027,False,False,False,0,normal
2015-03-03,-0.6008778298877582,-0.0008703146293520536,13.859999656677246,False,False,False,0,normal
2015-03-04,-0.6021677349483782,-0.0008703146293520536,14.229999542236328,False,False,False,0,normal
2015-03-05,-0.5960161545201882,-0.0008703146293520536,14.039999961853027,False,False,False,0,normal
2015-03-06,-0.5175294513110025,-0.0008703146293520536,15.199999809265137,False,False,False,0,normal
2015-03-09,-0.5100492386233298,-0.0008703146293520536,15.0600004196167,False,False,False,0,normal
2015-03-10,-0.518907813050349,-0.0008703146293520536,16.690000534057617,False,False,False,0,normal
2015-03-11,-0.5196771508170487,-0.0008703146293520536,16.8700008392334,False,False,False,0,normal
2015-03-12,-0.5172993457922078,-0.0008703146293520536,15.420000076293945,False,False,False,0,normal
2015-03-13,-0.5114920286510185,-0.0008703146293520536,16.0,False,False,False,0,normal
2015-03-16,-0.4860034524041504,-0.0008703146293520536,15.609999656677246,False,False,False,0,normal
2015-03-17,-0.4870823091520224,-0.0008703146293520536,15.65999984741211,False,False,False,0,normal
2015-03-18,-0.44325868987591016,-0.0008703146293520536,13.970000267028809,False,False,False,0,normal
2015-03-19,-0.4351728337401603,-0.0008703146293520536,14.069999694824219,False,False,False,0,normal
2015-03-20,-0.4309799474785837,-0.0008703146293520536,13.020000457763672,False,False,False,0,normal
2015-03-23,-0.42899044526056407,-0.0008703146293520536,13.40999984741211,False,False,False,0,normal
2015-03-24,-0.43287126861309905,-0.0008703146293520536,13.619999885559082,False,False,False,0,normal
2015-03-25,-0.40394528523666184,-0.0008703146293520536,15.4399995803833,False,False,False,0,normal
2015-03-26,-0.39173091878414923,-0.0008703146293520536,15.800000190734863,False,False,False,0,normal
2015-03-27,-0.38606361922861715,-0.0008703146293520536,15.069999694824219,False,False,False,0,normal
2015-03-30,-0.39066038812506004,-0.0008703146293520536,14.510000228881836,False,False,False,0,normal
2015-03-31,-0.3915240477365071,-0.0008703146293520536,15.289999961853027,False,False,False,0,normal
2015-04-01,-0.39682317128167816,-0.00022031284423873476,15.109999656677246,False,False,False,0,normal
2015-04-02,-0.39979361900369437,-0.00022031284423873476,14.670000076293945,False,False,False,0,normal
2015-04-06,-0.4076256332634247,-0.00022031284423873476,14.739999771118164,False,False,False,0,normal
2015-04-07,-0.40894899411122787,-0.00022031284423873476,14.779999732971191,False,False,False,0,normal
2015-04-08,-0.4092976634992086,-0.00022031284423873476,13.979999542236328,False,False,False,0,normal
2015-04-09,-0.4126583211291058,-0.00022031284423873476,13.09000015258789,False,False,False,0,normal
2015-04-10,-0.41056827969476745,-0.00022031284423873476,12.579999923706055,False,False,False,0,normal
2015-04-13,-0.4188743037313871,-0.00022031284423873476,13.9399995803833,False,False,False,0,normal
2015-04-14,-0.4121088633006253,-0.00022031284423873476,13.670000076293945,False,False,False,0,normal
2015-04-15,-0.4143709418860099,-0.00022031284423873476,12.84000015258789,False,False,False,0,normal
2015-04-16,-0.4131275861223059,-0.00022031284423873476,12.600000381469727,False,False,False,0,normal
2015-04-17,-0.42182695041072577,-0.00022031284423873476,13.890000343322754,False,False,False,0,normal
2015-04-20,-0.4226967778300757,-0.00022031284423873476,13.300000190734863,False,False,False,0,normal
2015-04-21,-0.4209081374397376,-0.00022031284423873476,13.25,False,False,False,0,normal
2015-04-22,-0.4191487219230777,-0.00022031284423873476,12.710000038146973,False,False,False,0,normal
2015-04-23,-0.42077032290594385,-0.00022031284423873476,12.479999542236328,False,False,False,0,normal
2015-04-24,-0.40317997334745453,-0.00022031284423873476,12.289999961853027,False,False,False,0,normal
2015-04-27,-0.40657530682224047,-0.00022031284423873476,13.119999885559082,False,False,False,0,normal
2015-04-28,-0.39817331831721114,-0.00022031284423873476,12.40999984741211,False,False,False,0,normal
2015-04-29,-0.37669284478892145,-0.00022031284423873476,13.390000343322754,False,False,False,0,normal
2015-04-30,-0.3401311041147474,-0.00022031284423873476,14.550000190734863,False,False,False,0,normal
2015-05-01,-0.3647438071884394,-0.0010403098939391064,12.699999809265137,False,False,False,0,normal
2015-05-04,-0.3676571592984195,-0.0010403098939391064,12.850000381469727,False,False,False,0,normal
2015-05-05,-0.36569908788570704,-0.0010403098939391064,14.3100004196167,False,False,False,0,normal
2015-05-06,-0.3497399817939259,-0.0010403098939391064,15.149999618530273,False,False,False,0,normal
2015-05-07,-0.3407506892322785,-0.0010403098939391064,15.130000114440918,False,False,False,0,normal
2015-05-08,-0.3329691123189526,-0.0010403098939391064,12.859999656677246,False,False,False,0,normal
2015-05-11,-0.3051392559861719,-0.0010403098939391064,13.850000381469727,False,False,False,0,normal
2015-05-12,-0.3057187227972401,-0.0010403098939391064,13.859999656677246,False,False,False,0,normal
2015-05-13,-0.3055044335252377,-0.0010403098939391064,13.760000228881836,False,False,False,0,normal
2015-05-14,-0.26956910502748826,-0.0010403098939391064,12.739999771118164,False,False,False,0,normal
2015-05-15,-0.2433425256759063,-0.0010403098939391064,12.380000114440918,False,False,False,0,normal
2015-05-18,-0.24665162587216763,-0.0010403098939391064,12.729999542236328,False,False,False,0,normal
2015-05-19,-0.22337242961510143,-0.0010403098939391064,12.850000381469727,False,False,False,0,normal
2015-05-20,-0.21224225467848706,-0.0010403098939391064,12.880000114440918,False,False,False,0,normal
2015-05-21,-0.19852619129431376,-0.0010403098939391064,12.109999656677246,False,False,False,0,normal
2015-05-22,-0.19870561116364338,-0.0010403098939391064,12.130000114440918,False,False,False,0,normal
2015-05-26,-0.21565081760363963,-0.0010403098939391064,14.0600004196167,False,False,False,0,normal
2015-05-27,-0.19129237653541878,-0.0010403098939391064,13.270000457763672,False,False,False,0,normal
2015-05-28,-0.17338176618075465,-0.0010403098939391064,13.3100004196167,False,False,False,0,normal
2015-05-29,-0.18064195973188288,-0.0010403098939391064,13.84000015258789,False,False,False,0,normal
2015-06-01,-0.17616036373348126,0.0003503321824429584,13.970000267028809,False,False,False,0,normal
2015-06-02,-0.16998673531850142,0.0003503321824429584,14.239999771118164,False,False,False,0,normal
2015-06-03,-0.16216351427094888,0.0003503321824429584,13.65999984741211,False,False,False,0,normal
2015-06-04,-0.1775310880744549,0.0003503321824429584,14.710000038146973,False,False,False,0,normal
2015-06-05,-0.17081690168939453,0.0003503321824429584,14.210000038146973,False,False,False,0,normal
2015-06-08,-0.1395733640488318,0.0003503321824429584,15.289999961853027,False,False,False,0,normal
2015-06-09,-0.13311113552588966,0.0003503321824429584,14.470000267028809,False,False,False,0,normal
2015-06-10,-0.10798298016791473,0.0003503321824429584,13.220000267028809,False,False,False,0,normal
2015-06-11,-0.09354638076711462,0.0003503321824429584,12.850000381469727,False,False,False,0,normal
2015-06-12,-0.05323134874920438,0.0003503321824429584,13.779999732971191,False,False,False,0,normal
2015-06-15,-0.05336793608129779,0.0003503321824429584,15.390000343322754,False,False,False,0,normal
2015-06-16,-0.0301144208386068,0.0003503321824429584,14.8100004196167,False,False,False,0,normal
2015-06-17,-0.04069398245121111,0.0003503321824429584,14.5,False,False,False,0,normal
2015-06-18,-0.04725352176861519,0.0003503321824429584,13.1899995803833,False,False,False,0,normal
2015-06-19,-0.0465435939970933,0.0003503321824429584,13.960000038146973,False,False,False,0,normal
2015-06-22,-0.06085264970813332,0.0003503321824429584,12.739999771118164,False,False,False,0,normal
2015-06-23,-0.058333553272472485,0.0003503321824429584,12.109999656677246,False,False,False,0,normal
2015-06-24,-0.06390848300807199,0.0003503321824429584,13.260000228881836,False,False,False,0,normal
2015-06-25,-0.059656008818495206,0.0003503321824429584,14.010000228881836,False,False,False,0,normal
2015-06-26,-0.0589257280611937,0.0003503321824429584,14.020000457763672,False,False,False,0,normal
2015-06-29,-0.14111528004477508,0.0003503321824429584,18.850000381469727,False,False,False,0,normal
2015-06-30,-0.1469432299372972,0.0003503321824429584,18.229999542236328,False,False,False,0,normal
2015-07-01,-0.16124366878386967,0.001795718097550525,16.09000015258789,False,False,False,0,normal
2015-07-02,-0.16969277794166082,0.001795718097550525,16.790000915527344,False,False,False,0,normal
2015-07-06,-0.17405332355854514,0.001795718097550525,17.010000228881836,False,False,False,0,normal
2015-07-07,-0.1661665239929778,0.001795718097550525,16.09000015258789,False,False,False,0,normal
2015-07-08,-0.17933378184378443,0.001795718097550525,19.65999984741211,False,False,False,0,normal
2015-07-09,-0.1682987338435969,0.001795718097550525,19.969999313354492,False,False,False,0,normal
2015-07-10,-0.19284339864142705,0.001795718097550525,16.829999923706055,False,False,False,0,normal
2015-07-13,-0.19356875037653704,0.001795718097550525,13.899999618530273,False,False,False,0,normal
2015-07-14,-0.1906077261176031,0.001795718097550525,13.369999885559082,False,False,False,0,normal
2015-07-15,-0.2433399165582494,0.001795718097550525,13.229999542236328,False,False,False,0,normal
2015-07-16,-0.23979759247888963,0.001795718097550525,12.109999656677246,False,False,False,0,normal
2015-07-17,-0.21466068555311846,0.001795718097550525,11.949999809265137,False,False,False,0,normal
2015-07-20,-0.21194464896396623,0.001795718097550525,12.25,False,False,False,0,normal
2015-07-21,-0.21873711637009255,0.001795718097550525,12.220000267028809,False,False,False,0,normal
2015-07-22,-0.22409709962564162,0.001795718097550525,12.119999885559082,False,False,False,0,normal
2015-07-23,-0.25946532921187976,0.001795718097550525,12.640000343322754,False,False,False,0,normal
2015-07-24,-0.2577129489018168,0.001795718097550525,13.739999771118164,False,False,False,0,normal
2015-07-27,-0.30936285884649406,0.001795718097550525,15.600000381469727,False,False,False,0,normal
2015-07-28,-0.3199408362096994,0.001795718097550525,13.4399995803833,False,False,False,0,normal
2015-07-29,-0.3329469193657351,0.001795718097550525,12.5,False,False,False,0,normal
2015-07-30,-0.331889962907743,0.001795718097550525,12.130000114440918,False,False,False,0,normal
2015-07-31,-0.3265348547955859,0.001795718097550525,12.119999885559082,False,False,False,0,normal
2015-08-03,-0.3592778025775512,0.0022568611104094582,12.5600004196167,False,False,False,0,normal
2015-08-04,-0.36639533007598735,0.0022568611104094582,13.0,False,False,False,0,normal
2015-08-05,-0.37606030224110437,0.0022568611104094582,12.510000228881836,False,False,False,0,normal
2015-08-06,-0.38267304099867755,0.0022568611104094582,13.770000457763672,False,False,False,0,normal
2015-08-07,-0.383728663270567,0.0022568611104094582,13.390000343322754,False,False,False,0,normal
2015-08-10,-0.3930827072496572,0.0022568611104094582,12.229999542236328,False,False,False,0,normal
2015-08-11,-0.40493080963069766,0.0022568611104094582,13.710000038146973,False,False,False,0,normal
2015-08-12,-0.4024885670111326,0.0022568611104094582,13.609999656677246,False,False,False,0,normal
2015-08-13,-0.39964160909142804,0.0022568611104094582,13.489999771118164,False,False,False,0,normal
2015-08-14,-0.3982264461523746,0.0022568611104094582,12.829999923706055,False,False,False,0,normal
2015-08-17,-0.38743884488790475,0.0022568611104094582,13.020000457763672,False,False,False,0,normal
2015-08-18,-0.38522333333602854,0.0022568611104094582,13.789999961853027,False,False,False,0,normal
2015-08-19,-0.3929012244652781,0.0022568611104094582,15.25,False,False,False,0,normal
2015-08-20,-0.4070345772799935,0.0022568611104094582,19.139999389648438,False,False,False,0,normal
2015-08-21,-0.3849707362522314,0.0022568611104094582,28.030000686645508,False,False,True,1,watch
2015-08-24,-0.33387286060266236,0.0022568611104094582,40.7400016784668,False,False,True,1,watch
2015-08-25,-0.29711524177167037,0.0022568611104094582,36.02000045776367,False,False,True,1,watch
2015-08-26,-0.336802403152596,0.0022568611104094582,30.31999969482422,False,False,True,1,watch
2015-08-27,-0.32213514041036867,0.0022568611104094582,26.100000381469727,False,False,True,1,watch
2015-08-28,-0.317385209861057,0.0022568611104094582,26.049999237060547,False,False,True,1,watch
2015-08-31,-0.31188564977941347,0.0022568611104094582,28.43000030517578,False,False,True,1,watch
2015-09-01,-0.3224833305439752,0.002413037985344868,31.399999618530273,False,False,True,1,watch
2015-09-02,-0.3309216530247074,0.002413037985344868,26.09000015258789,False,False,True,1,watch
2015-09-03,-0.3276790764125193,0.002413037985344868,25.610000610351562,False,False,True,1,watch
2015-09-04,-0.3424820232813357,0.002413037985344868,27.799999237060547,False,False,True,1,watch
2015-09-08,-0.3636098489501434,0.002413037985344868,24.899999618530273,False,False,False,0,normal
2015-09-09,-0.3574107894194708,0.002413037985344868,26.229999542236328,False,False,True,1,watch
2015-09-10,-0.3584964971861962,0.002413037985344868,24.3700008392334,False,False,False,0,normal
2015-09-11,-0.35759843295637883,0.002413037985344868,23.200000762939453,False,False,False,0,normal
2015-09-14,-0.36936571127973955,0.002413037985344868,24.25,False,False,False,0,normal
2015-09-15,-0.3927419070358894,0.002413037985344868,22.540000915527344,False,False,False,0,normal
2015-09-16,-0.40132013043449466,0.002413037985344868,21.350000381469727,False,False,False,0,normal
2015-09-17,-0.423063745644802,0.002413037985344868,21.139999389648438,False,False,False,0,normal
2015-09-18,-0.4358558267416758,0.002413037985344868,22.280000686645508,False,False,False,0,normal
2015-09-21,-0.43909588858380194,0.002413037985344868,20.139999389648438,False,False,False,0,normal
2015-09-22,-0.45268746276022886,0.002413037985344868,22.440000534057617,False,False,False,0,normal
2015-09-23,-0.46530319848911067,0.002413037985344868,22.1299991607666,False,False,False,0,normal
2015-09-24,-0.4666555662689586,0.002413037985344868,23.469999313354492,False,False,False,0,normal
2015-09-25,-0.4668003238551689,0.002413037985344868,23.6200008392334,False,False,False,0,normal
2015-09-28,-0.48590409739749824,0.002413037985344868,27.6299991607666,False,False,True,1,watch
2015-09-29,-0.495406325201436,0.002413037985344868,26.829999923706055,False,False,True,1,watch
2015-09-30,-0.49423952108726915,0.002413037985344868,24.5,False,False,False,0,normal
2015-10-01,-0.48621564818791135,8.842961634170088e-05,22.549999237060547,False,False,False,0,normal
2015-10-02,-0.4761430772694884,8.842961634170088e-05,20.940000534057617,False,False,False,0,normal
2015-10-05,-0.48847283574637773,8.842961634170088e-05,19.540000915527344,False,False,False,0,normal
2015-10-06,-0.48865251798239545,8.842961634170088e-05,19.399999618530273,False,False,False,0,normal
2015-10-07,-0.4903970243380731,8.842961634170088e-05,18.399999618530273,False,False,False,0,normal
2015-10-08,-0.500309685478378,8.842961634170088e-05,17.420000076293945,False,False,False,0,normal
2015-10-09,-0.5030009505061419,8.842961634170088e-05,17.079999923706055,False,False,False,0,normal
2015-10-12,-0.4969273846428339,8.842961634170088e-05,16.170000076293945,False,False,False,0,normal
2015-10-13,-0.5031226154876272,8.842961634170088e-05,17.670000076293945,False,False,False,0,normal
2015-10-14,-0.5060438449440883,8.842961634170088e-05,18.030000686645508,False,False,False,0,normal
2015-10-15,-0.5107533220200777,8.842961634170088e-05,16.049999237060547,False,False,False,0,normal
2015-10-16,-0.5051425678149679,8.842961634170088e-05,15.050000190734863,False,False,False,0,normal
2015-10-19,-0.5242757373052632,8.842961634170088e-05,14.979999542236328,False,False,False,0,normal
2015-10-20,-0.5237161297443866,8.842961634170088e-05,15.75,False,False,False,0,normal
2015-10-21,-0.5256492806914511,8.842961634170088e-05,16.700000762939453,False,False,False,0,normal
2015-10-22,-0.5241525258474784,8.842961634170088e-05,14.449999809265137,False,False,False,0,normal
2015-10-23,-0.5295868298490444,8.842961634170088e-05,14.460000038146973,False,False,False,0,normal
2015-10-26,-0.5273520514305517,8.842961634170088e-05,15.289999961853027,False,False,False,0,normal
2015-10-27,-0.5275019389984897,8.842961634170088e-05,15.430000305175781,False,False,False,0,normal
2015-10-28,-0.533930655380112,8.842961634170088e-05,14.329999923706055,False,False,False,0,normal
2015-10-29,-0.5248910497944298,8.842961634170088e-05,14.609999656677246,False,False,False,0,normal
2015-10-30,-0.5233680486541135,8.842961634170088e-05,15.069999694824219,False,False,False,0,normal
2015-11-02,-0.5277280032494012,0.0012761656067050708,14.149999618530273,False,False,False,0,normal
2015-11-03,-0.5324197440886701,0.0012761656067050708,14.539999961853027,False,False,False,0,normal
2015-11-04,-0.509172395092984,0.0012761656067050708,15.510000228881836,False,False,False,0,normal
2015-11-05,-0.5090079981968048,0.0012761656067050708,15.050000190734863,False,False,False,0,normal
2015-11-06,-0.49661644936568516,0.0012761656067050708,14.329999923706055,False,False,False,0,normal
2015-11-09,-0.48768899483147676,0.0012761656067050708,16.520000457763672,False,False,False,0,normal
2015-11-10,-0.49249481335853246,0.0012761656067050708,15.289999961853027,False,False,False,0,normal
2015-11-11,-0.5007682394367381,0.0012761656067050708,16.059999465942383,False,False,False,0,normal
2015-11-12,-0.4960244705806924,0.0012761656067050708,18.3700008392334,False,False,False,0,normal
2015-11-13,-0.5101753371429827,0.0012761656067050708,20.079999923706055,False,False,False,0,normal
2015-11-16,-0.4987939208083302,0.0012761656067050708,18.15999984741211,False,False,False,0,normal
2015-11-17,-0.49728529525980314,0.0012761656067050708,18.84000015258789,False,False,False,0,normal
2015-11-18,-0.4915920588571335,0.0012761656067050708,16.850000381469727,False,False,False,0,normal
2015-11-19,-0.4943119578241585,0.0012761656067050708,16.989999771118164,False,False,False,0,normal
2015-11-20,-0.5037106910367753,0.0012761656067050708,15.470000267028809,False,False,False,0,normal
2015-11-23,-0.5051623547269993,0.0012761656067050708,15.619999885559082,False,False,False,0,normal
2015-11-24,-0.5057558646820527,0.0012761656067050708,15.930000305175781,False,False,False,0,normal
2015-11-25,-0.504752217727032,0.0012761656067050708,15.1899995803833,False,False,False,0,normal
2015-11-27,-0.5051316982083464,0.0012761656067050708,15.119999885559082,False,False,False,0,normal
2015-11-30,-0.5050372498856671,0.0012761656067050708,16.1299991607666,False,False,False,0,normal
2015-12-01,-0.4817557703840727,0.004363182169185187,14.670000076293945,False,False,False,0,normal
2015-12-02,-0.47805209933164594,0.004363182169185187,15.90999984741211,False,False,False,0,normal
2015-12-03,-0.40195916829183653,0.004363182169185187,18.110000610351562,False,False,False,0,normal
2015-12-04,-0.3747496658479673,0.004363182169185187,14.8100004196167,False,False,False,0,normal
2015-12-07,-0.3795010320995823,0.004363182169185187,15.84000015258789,False,False,False,0,normal
2015-12-08,-0.3794837731567332,0.004363182169185187,17.600000381469727,False,False,False,0,normal
2015-12-09,-0.3773571852766099,0.004363182169185187,19.610000610351562,False,False,False,0,normal
2015-12-10,-0.38024241867225544,0.004363182169185187,19.34000015258789,False,False,False,0,normal
2015-12-11,-0.3981538279914892,0.004363182169185187,24.389999389648438,False,False,False,0,normal
2015-12-14,-0.3959065242870176,0.004363182169185187,22.729999542236328,False,False,False,0,normal
2015-12-15,-0.4022473217910072,0.004363182169185187,20.950000762939453,False,False,False,0,normal
2015-12-16,-0.3929467128408751,0.004363182169185187,17.860000610351562,False,False,False,0,normal
2015-12-17,-0.3976169805736312,0.004363182169185187,18.940000534057617,False,False,False,0,normal
2015-12-18,-0.4026078043527136,0.004363182169185187,20.700000762939453,False,False,False,0,normal
2015-12-21,-0.4025772547631552,0.004363182169185187,18.700000762939453,False,False,False,0,normal
2015-12-22,-0.4078650078716407,0.004363182169185187,16.600000381469727,False,False,False,0,normal
2015-12-23,-0.41712450633316384,0.004363182169185187,15.569999694824219,False,False,False,0,normal
2015-12-24,-0.42127807494815905,0.004363182169185187,15.739999771118164,False,False,False,0,normal
2015-12-28,-0.4176660337381448,0.004363182169185187,16.90999984741211,False,False,False,0,normal
2015-12-29,-0.4126056753837442,0.004363182169185187,16.079999923706055,False,False,False,0,normal
2015-12-30,-0.4147001871047844,0.004363182169185187,17.290000915527344,False,False,False,0,normal
2015-12-31,-0.44890970114780737,0.004363182169185187,18.209999084472656,False,False,False,0,normal
2016-01-04,-0.490253569078459,0.006387247515364791,20.700000762939453,False,False,False,0,normal
2016-01-05,-0.4470598891965471,0.006387247515364791,19.34000015258789,False,False,False,0,normal
2016-01-06,-0.4731900371405492,0.006387247515364791,20.59000015258789,False,False,False,0,normal
2016-01-07,-0.4649736976569532,0.006387247515364791,24.989999771118164,False,False,False,0,normal
2016-01-08,-0.47882755147246747,0.006387247515364791,27.010000228881836,False,False,True,1,watch
2016-01-11,-0.4720841822289413,0.006387247515364791,24.299999237060547,False,False,False,0,normal
2016-01-12,-0.43895297314430665,0.006387247515364791,22.469999313354492,False,False,False,0,normal
2016-01-13,-0.45243624534069127,0.006387247515364791,25.219999313354492,False,False,True,1,watch
2016-01-14,-0.4541932606198197,0.006387247515364791,23.950000762939453,False,False,False,0,normal
2016-01-15,-0.45104318361016565,0.006387247515364791,27.020000457763672,False,False,True,1,watch
2016-01-19,-0.4488379815885544,0.006387247515364791,26.049999237060547,False,False,True,1,watch
2016-01-20,-0.45469627267495083,0.006387247515364791,27.59000015258789,False,False,True,1,watch
2016-01-21,-0.4626695360797526,0.006387247515364791,26.690000534057617,False,False,True,1,watch
2016-01-22,-0.4629486174373796,0.006387247515364791,22.34000015258789,False,False,False,0,normal
2016-01-25,-0.45251992972631205,0.006387247515364791,24.149999618530273,False,False,False,0,normal
2016-01-26,-0.4461614651259245,0.006387247515364791,22.5,False,False,False,0,normal
2016-01-27,-0.4448202102831882,0.006387247515364791,23.110000610351562,False,False,False,0,normal
2016-01-28,-0.42694118310621526,0.006387247515364791,22.420000076293945,False,False,False,0,normal
2016-01-29,-0.3878843382896512,0.006387247515364791,20.200000762939453,False,False,False,0,normal
2016-02-01,-0.37400539308986974,0.012375025026943876,19.979999542236328,False,False,False,0,normal
2016-02-02,-0.39860913949325777,0.012375025026943876,21.979999542236328,False,False,False,0,normal
2016-02-03,-0.4006922211007592,0.012375025026943876,21.649999618530273,False,False,False,0,normal
2016-02-04,-0.40263890129734203,0.012375025026943876,21.84000015258789,False,False,False,0,normal
2016-02-05,-0.36508395636497737,0.012375025026943876,23.3799991607666,False,False,False,0,normal
2016-02-08,-0.3836468635657785,0.012375025026943876,26.0,False,False,True,1,watch
2016-02-09,-0.38039018995514073,0.012375025026943876,26.540000915527344,False,False,True,1,watch
2016-02-10,-0.38070693769448094,0.012375025026943876,26.290000915527344,False,False,True,1,watch
2016-02-11,-0.40135354867767314,0.012375025026943876,28.139999389648438,False,False,True,1,watch
2016-02-12,-0.40909444928705896,0.012375025026943876,25.399999618530273,False,False,True,1,watch
2016-02-16,-0.42241101658772023,0.012375025026943876,24.110000610351562,False,False,False,0,normal
2016-02-17,-0.4270505598098793,0.012375025026943876,22.309999465942383,False,False,False,0,normal
2016-02-18,-0.42175364740072985,0.012375025026943876,21.639999389648438,False,False,False,0,normal
2016-02-19,-0.4220749164977036,0.012375025026943876,20.530000686645508,False,False,False,0,normal
2016-02-22,-0.4229211674180887,0.012375025026943876,19.3799991607666,False,False,False,0,normal
2016-02-23,-0.424530848970716,0.012375025026943876,20.979999542236328,False,False,False,0,normal
2016-02-24,-0.42368507252730037,0.012375025026943876,20.719999313354492,False,False,False,0,normal
2016-02-25,-0.4114877790159511,0.012375025026943876,19.110000610351562,False,False,False,0,normal
2016-02-26,-0.40555655998301304,0.012375025026943876,19.809999465942383,False,False,False,0,normal
2016-02-29,-0.40739697862132324,0.012375025026943876,20.549999237060547,False,False,False,0,normal
2016-03-01,-0.438793049698703,0.008472775790126619,17.700000762939453,False,False,False,0,normal
2016-03-02,-0.433302294236706,0.008472775790126619,17.09000015258789,False,False,False,0,normal
2016-03-03,-0.4388024408336427,0.008472775790126619,16.700000762939453,False,False,False,0,normal
2016-03-04,-0.4330974294659151,0.008472775790126619,16.860000610351562,False,False,False,0,normal
2016-03-07,-0.43292619570325325,0.008472775790126619,17.350000381469727,False,False,False,0,normal
2016-03-08,-0.4397618663424741,0.008472775790126619,18.670000076293945,False,False,False,0,normal
2016-03-09,-0.4388636041190993,0.008472775790126619,18.34000015258789,False,False,False,0,normal
2016-03-10,-0.4485810583814005,0.008472775790126619,18.049999237060547,False,False,False,0,normal
2016-03-11,-0.4585043546354529,0.008472775790126619,16.5,False,False,False,0,normal
2016-03-14,-0.4551114064869072,0.008472775790126619,16.920000076293945,False,False,False,0,normal
2016-03-15,-0.4548286881857233,0.008472775790126619,16.84000015258789,False,False,False,0,normal
2016-03-16,-0.452375407093617,0.008472775790126619,14.989999771118164,False,False,False,0,normal
2016-03-17,-0.4493594449499309,0.008472775790126619,14.4399995803833,False,False,False,0,normal
2016-03-18,-0.4580977109979207,0.008472775790126619,14.020000457763672,False,False,False,0,normal
2016-03-21,-0.4674124646499753,0.008472775790126619,13.789999961853027,False,False,False,0,normal
2016-03-22,-0.4680758738948363,0.008472775790126619,14.170000076293945,False,False,False,0,normal
2016-03-23,-0.47326167030858046,0.008472775790126619,14.9399995803833,False,False,False,0,normal
2016-03-24,-0.4715519198214676,0.008472775790126619,14.739999771118164,False,False,False,0,normal
2016-03-28,-0.46867944420176794,0.008472775790126619,15.239999771118164,False,False,False,0,normal
2016-03-29,-0.45463288110511907,0.008472775790126619,13.819999694824219,False,False,False,0,normal
2016-03-30,-0.45516904877840997,0.008472775790126619,13.5600004196167,False,False,False,0,normal
2016-03-31,-0.4626828189495321,0.008472775790126619,13.949999809265137,False,False,False,0,normal
2016-04-01,-0.46091982750494864,0.008916160965521946,13.100000381469727,False,False,False,0,normal
2016-04-04,-0.45963734906197623,0.008916160965521946,14.119999885559082,False,False,False,0,normal
2016-04-05,-0.46561724341596433,0.008916160965521946,15.420000076293945,False,False,False,0,normal
2016-04-06,-0.4712480238868453,0.008916160965521946,14.09000015258789,False,False,False,0,normal
2016-04-07,-0.4792772740817087,0.008916160965521946,16.15999984741211,False,False,False,0,normal
2016-04-08,-0.47938876143608333,0.008916160965521946,15.359999656677246,False,False,False,0,normal
2016-04-11,-0.47775689589914816,0.008916160965521946,16.260000228881836,False,False,False,0,normal
2016-04-12,-0.5038034213711318,0.008916160965521946,14.850000381469727,False,False,False,0,normal
2016-04-13,-0.5011598307859635,0.008916160965521946,13.84000015258789,False,False,False,0,normal
2016-04-14,-0.5874026449924339,0.008916160965521946,13.720000267028809,False,False,False,0,normal
2016-04-15,-0.6174909439527752,0.008916160965521946,13.619999885559082,False,False,False,0,normal
2016-04-18,-0.6175635789671107,0.008916160965521946,13.350000381469727,False,False,False,0,normal
2016-04-19,-0.619736346057773,0.008916160965521946,13.239999771118164,False,False,False,0,normal
2016-04-20,-0.6172407182088853,0.008916160965521946,13.279999732971191,False,False,False,0,normal
2016-04-21,-0.6093989556028648,0.008916160965521946,13.949999809265137,False,False,False,0,normal
2016-04-22,-0.593450032814575,0.008916160965521946,13.220000267028809,False,False,False,0,normal
2016-04-25,-0.5929068436009411,0.008916160965521946,14.079999923706055,False,False,False,0,normal
2016-04-26,-0.5886670175318431,0.008916160965521946,13.960000038146973,False,False,False,0,normal
2016-04-27,-0.5828870788928382,0.008916160965521946,13.770000457763672,False,False,False,0,normal
2016-04-28,-0.5747882124778769,0.008916160965521946,15.220000267028809,False,False,False,0,normal
2016-04-29,-0.5740331669053669,0.008916160965521946,15.699999809265137,False,False,False,0,normal
2016-05-02,-0.5783726167746505,0.011726257503534843,14.680000305175781,False,False,False,0,normal
2016-05-03,-0.5794370826628471,0.011726257503534843,15.600000381469727,False,False,False,0,normal
2016-05-04,-0.5751479729261525,0.011726257503534843,16.049999237060547,False,False,False,0,normal
2016-05-05,-0.5738016086610833,0.011726257503534843,15.90999984741211,False,False,False,0,normal
2016-05-06,-0.5742916543749439,0.011726257503534843,14.720000267028809,False,False,False,0,normal
2016-05-09,-0.567320371068673,0.011726257503534843,14.569999694824219,False,False,False,0,normal
2016-05-10,-0.5683192260548766,0.011726257503534843,13.630000114440918,False,False,False,0,normal
2016-05-11,-0.5694664282454331,0.011726257503534843,14.6899995803833,False,False,False,0,normal
2016-05-12,-0.5635472015234674,0.011726257503534843,14.40999984741211,False,False,False,0,normal
2016-05-13,-0.5686380892079897,0.011726257503534843,15.039999961853027,False,False,False,0,normal
2016-05-16,-0.5642649879043048,0.011726257503534843,14.680000305175781,False,False,False,0,normal
2016-05-17,-0.5782948781744677,0.011726257503534843,15.569999694824219,False,False,False,0,normal
2016-05-18,-0.564479245778977,0.011726257503534843,15.949999809265137,False,False,False,0,normal
2016-05-19,-0.57214316975292,0.011726257503534843,16.329999923706055,False,False,False,0,normal
2016-05-20,-0.597746938875118,0.011726257503534843,15.199999809265137,False,False,False,0,normal
2016-05-23,-0.5905956423191665,0.011726257503534843,15.819999694824219,False,False,False,0,normal
2016-05-24,-0.5836972725025112,0.011726257503534843,14.420000076293945,False,False,False,0,normal
2016-05-25,-0.5624711573993588,0.011726257503534843,13.899999618530273,False,False,False,0,normal
2016-05-26,-0.5626678738485563,0.011726257503534843,13.430000305175781,False,False,False,0,normal
2016-05-27,-0.5525673740636555,0.011726257503534843,13.119999885559082,False,False,False,0,normal
2016-05-31,-0.551561497538141,0.011726257503534843,14.1899995803833,False,False,False,0,normal
2016-06-01,-0.551606177182382,0.010784764621246223,14.199999809265137,False,False,False,0,normal
2016-06-02,-0.545296360842188,0.010784764621246223,13.630000114440918,False,False,False,0,normal
2016-06-03,-0.5506243908711391,0.010784764621246223,13.470000267028809,False,False,False,0,normal
2016-06-06,-0.5604567431178014,0.010784764621246223,13.649999618530273,False,False,False,0,normal
2016-06-07,-0.561437598464563,0.010784764621246223,14.050000190734863,False,False,False,0,normal
2016-06-08,-0.6214672398886146,0.010784764621246223,14.079999923706055,False,False,False,0,normal
2016-06-09,-0.623766721571576,0.010784764621246223,14.640000343322754,False,False,False,0,normal
2016-06-10,-0.5994313102019008,0.010784764621246223,17.030000686645508,False,False,False,0,normal
2016-06-13,-0.5986368408900755,0.010784764621246223,20.969999313354492,False,False,False,0,normal
2016-06-14,-0.5987191883451756,0.010784764621246223,20.5,False,False,False,0,normal
2016-06-15,-0.6207589369015796,0.010784764621246223,20.139999389648438,False,False,False,0,normal
2016-06-16,-0.5955190678453212,0.010784764621246223,19.3700008392334,False,False,False,0,normal
2016-06-17,-0.5833295058107786,0.010784764621246223,19.40999984741211,False,False,False,0,normal
2016-06-20,-0.5867175105033481,0.010784764621246223,18.3700008392334,False,False,False,0,normal
2016-06-21,-0.5806094466160451,0.010784764621246223,18.479999542236328,False,False,False,0,normal
2016-06-22,-0.5488809760900245,0.010784764621246223,21.170000076293945,False,False,False,0,normal
2016-06-23,-0.5466096723196736,0.010784764621246223,17.25,False,False,False,0,normal
2016-06-24,-0.6244211893965227,0.010784764621246223,25.760000228881836,False,False,True,1,watch
2016-06-27,-0.6520600468216123,0.010784764621246223,23.850000381469727,False,False,False,0,normal
2016-06-28,-0.631483160763772,0.010784764621246223,18.75,False,False,False,0,normal
2016-06-29,-0.6444628896472372,0.010784764621246223,16.639999389648438,False,False,False,0,normal
2016-06-30,-0.6311731160430518,0.010784764621246223,15.630000114440918,False,False,False,0,normal
2016-07-01,-0.6180851674587096,0.010792865347959424,14.770000457763672,False,False,False,0,normal
2016-07-05,-0.6353746151979943,0.010792865347959424,15.579999923706055,False,False,False,0,normal
2016-07-06,-0.6467764274533497,0.010792865347959424,14.960000038146973,False,False,False,0,normal
2016-07-07,-0.6459980883168045,0.010792865347959424,14.760000228881836,False,False,False,0,normal
2016-07-08,-0.5887491529410488,0.010792865347959424,13.199999809265137,False,False,False,0,normal
2016-07-11,-0.5904578772967338,0.010792865347959424,13.539999961853027,False,False,False,0,normal
2016-07-12,-0.5936952005477356,0.010792865347959424,13.550000190734863,False,False,False,0,normal
2016-07-13,-0.5897477833631504,0.010792865347959424,13.039999961853027,False,False,False,0,normal
2016-07-14,-0.5888212319706261,0.010792865347959424,12.819999694824219,False,False,False,0,normal
2016-07-15,-0.5712435128674284,0.010792865347959424,12.670000076293945,False,False,False,0,normal
2016-07-18,-0.5698591270122394,0.010792865347959424,12.4399995803833,False,False,False,0,normal
2016-07-19,-0.5717489506091308,0.010792865347959424,11.970000267028809,False,False,False,0,normal
2016-07-20,-0.5606158628989304,0.010792865347959424,11.770000457763672,False,False,False,0,normal
2016-07-21,-0.5598997223706296,0.010792865347959424,12.739999771118164,False,False,False,0,normal
2016-07-22,-0.5591207953096097,0.010792865347959424,12.020000457763672,False,False,False,0,normal
2016-07-25,-0.5603466945727914,0.010792865347959424,12.869999885559082,False,False,False,0,normal
2016-07-26,-0.5656848066018002,0.010792865347959424,13.050000190734863,False,False,False,0,normal
2016-07-27,-0.564019852434571,0.010792865347959424,12.829999923706055,False,False,False,0,normal
2016-07-28,-0.5665440073823043,0.010792865347959424,12.720000267028809,False,False,False,0,normal
2016-07-29,-0.5633459928781435,0.010792865347959424,11.869999885559082,False,False,False,0,normal
2016-08-01,-0.5469782810387717,0.008683633430518256,12.4399995803833,False,False,False,0,normal
2016-08-02,-0.5241375704040965,0.008683633430518256,13.369999885559082,False,False,False,0,normal
2016-08-03,-0.5240104916500159,0.008683633430518256,12.859999656677246,False,False,False,0,normal
2016-08-04,-0.5443330442073422,0.008683633430518256,12.420000076293945,False,False,False,0,normal
2016-08-05,-0.549878950211632,0.008683633430518256,11.390000343322754,False,False,False,0,normal
2016-08-08,-0.5487822281887756,0.008683633430518256,11.5,False,False,False,0,normal
2016-08-09,-0.5492319025489324,0.008683633430518256,11.65999984741211,False,False,False,0,normal
2016-08-10,-0.550994932074629,0.008683633430518256,12.050000190734863,False,False,False,0,normal
2016-08-11,-0.5437440538627267,0.008683633430518256,11.680000305175781,False,False,False,0,normal
2016-08-12,-0.5367407084229319,0.008683633430518256,11.550000190734863,False,False,False,0,normal
2016-08-15,-0.523028167611447,0.008683633430518256,11.8100004196167,False,False,False,0,normal
2016-08-16,-0.5168171726516413,0.008683633430518256,12.640000343322754,False,False,False,0,normal
2016-08-17,-0.5163144776227718,0.008683633430518256,12.1899995803833,False,False,False,0,normal
2016-08-18,-0.5100603332438409,0.008683633430518256,11.430000305175781,False,False,False,0,normal
2016-08-19,-0.5157723005967844,0.008683633430518256,11.34000015258789,False,False,False,0,normal
2016-08-22,-0.5161773849515857,0.008683633430518256,12.270000457763672,False,False,False,0,normal
2016-08-23,-0.5162448050739324,0.008683633430518256,12.380000114440918,False,False,False,0,normal
2016-08-24,-0.5076479309815244,0.008683633430518256,13.449999809265137,False,False,False,0,normal
2016-08-25,-0.5046366662193227,0.008683633430518256,13.630000114440918,False,False,False,0,normal
2016-08-26,-0.5044606020946613,0.008683633430518256,13.649999618530273,False,False,False,0,normal
2016-08-29,-0.49791394917265985,0.008683633430518256,12.9399995803833,False,False,False,0,normal
2016-08-30,-0.4954979354997112,0.008683633430518256,13.119999885559082,False,False,False,0,normal
2016-08-31,-0.498835957111396,0.008683633430518256,13.420000076293945,False,False,False,0,normal
2016-09-01,-0.4992309276679529,0.010553158595656864,13.479999542236328,False,False,False,0,normal
2016-09-02,-0.5079284327203385,0.010553158595656864,11.979999542236328,False,False,False,0,normal
2016-09-06,-0.5026122238902255,0.010553158595656864,12.020000457763672,False,False,False,0,normal
2016-09-07,-0.502473173743254,0.010553158595656864,11.9399995803833,False,False,False,0,normal
2016-09-08,-0.47882420868078684,0.010553158595656864,12.510000228881836,False,False,False,0,normal
2016-09-09,-0.35082119356960934,0.010553158595656864,17.5,False,False,False,0,normal
2016-09-12,-0.3411548136153863,0.010553158595656864,15.15999984741211,False,False,False,0,normal
2016-09-13,-0.29940751481286354,0.010553158595656864,17.850000381469727,False,False,False,0,normal
2016-09-14,-0.29775902252628533,0.010553158595656864,18.139999389648438,False,False,False,0,normal
2016-09-15,-0.30284929867264204,0.010553158595656864,16.299999237060547,False,False,False,0,normal
2016-09-16,-0.3100009012962083,0.010553158595656864,15.369999885559082,False,False,False,0,normal
2016-09-19,-0.30389857034222506,0.010553158595656864,15.529999732971191,False,False,False,0,normal
2016-09-20,-0.30470710420922614,0.010553158595656864,15.920000076293945,False,False,False,0,normal
2016-09-21,-0.27499427569005075,0.010553158595656864,13.300000190734863,False,False,False,0,normal
2016-09-22,-0.25474206859052395,0.010553158595656864,12.020000457763672,False,False,False,0,normal
2016-09-23,-0.25258439768897817,0.010553158595656864,12.289999961853027,False,False,False,0,normal
2016-09-26,-0.2648506314105108,0.010553158595656864,14.5,False,False,False,0,normal
2016-09-27,-0.25475058588251004,0.010553158595656864,13.100000381469727,False,False,False,0,normal
2016-09-28,-0.2570943526254684,0.010553158595656864,12.390000343322754,False,False,False,0,normal
2016-09-29,-0.2573702855037331,0.010553158595656864,14.020000457763672,False,False,False,0,normal
2016-09-30,-0.25894532834763817,0.010553158595656864,13.289999961853027,False,False,False,0,normal
2016-10-03,-0.2525618187306737,0.015486446201652182,13.569999694824219,False,False,False,0,normal
2016-10-04,-0.23677015494484446,0.015486446201652182,13.630000114440918,False,False,False,0,normal
2016-10-05,-0.23860537511292912,0.015486446201652182,12.989999771118164,False,False,False,0,normal
2016-10-06,-0.2375709393690677,0.015486446201652182,12.84000015258789,False,False,False,0,normal
2016-10-07,-0.2387580489442873,0.015486446201652182,13.479999542236328,False,False,False,0,normal
2016-10-10,-0.24703248787009832,0.015486446201652182,13.380000114440918,False,False,False,0,normal
2016-10-11,-0.23347819113241863,0.015486446201652182,15.359999656677246,False,False,False,0,normal
2016-10-12,-0.2284758939624478,0.015486446201652182,15.90999984741211,False,False,False,0,normal
2016-10-13,-0.23085748488506488,0.015486446201652182,16.690000534057617,False,False,False,0,normal
2016-10-14,-0.2313665633350259,0.015486446201652182,16.1200008392334,False,False,False,0,normal
2016-10-17,-0.23349423499378355,0.015486446201652182,16.209999084472656,False,False,False,0,normal
2016-10-18,-0.22318210453122933,0.015486446201652182,15.279999732971191,False,False,False,0,normal
2016-10-19,-0.21796650612353893,0.015486446201652182,14.40999984741211,False,False,False,0,normal
2016-10-20,-0.2187091315086817,0.015486446201652182,13.75,False,False,False,0,normal
2016-10-21,-0.21772207524247922,0.015486446201652182,13.34000015258789,False,False,False,0,normal
2016-10-24,-0.22273571441929846,0.015486446201652182,13.020000457763672,False,False,False,0,normal
2016-10-25,-0.2298080099754892,0.015486446201652182,13.460000038146973,False,False,False,0,normal
2016-10-26,-0.21741405005770978,0.015486446201652182,14.239999771118164,False,False,False,0,normal
2016-10-27,-0.20776265866595395,0.015486446201652182,15.359999656677246,False,False,False,0,normal
2016-10-28,-0.20577149759435306,0.015486446201652182,16.190000534057617,False,False,False,0,normal
2016-10-31,-0.1844058882488908,0.015486446201652182,17.059999465942383,False,False,False,0,normal
2016-11-01,-0.008271910400946315,0.01685924966243646,18.559999465942383,False,False,False,0,normal
2016-11-02,0.09938270293344267,0.01685924966243646,19.31999969482422,False,False,False,0,normal
2016-11-03,0.10047792161722727,0.01685924966243646,22.079999923706055,False,False,False,0,normal
2016-11-04,0.1332445397845145,0.01685924966243646,22.510000228881836,False,False,False,0,normal
2016-11-07,0.06770714561377285,0.01685924966243646,18.709999084472656,False,False,False,0,normal
2016-11-08,0.05845752879937534,0.01685924966243646,18.739999771118164,False,False,False,0,normal
2016-11-09,-0.020947131879114008,0.01685924966243646,14.380000114440918,False,False,False,0,normal
2016-11-10,-0.03041454454127627,0.01685924966243646,14.739999771118164,False,False,False,0,normal
2016-11-11,-0.02755433410326489,0.01685924966243646,14.170000076293945,False,False,False,0,normal
2016-11-14,-0.05905589621943981,0.01685924966243646,14.479999542236328,False,False,False,0,normal
2016-11-15,-0.04220013040660752,0.01685924966243646,13.369999885559082,False,False,False,0,normal
2016-11-16,-0.02397342093130883,0.01685924966243646,13.720000267028809,False,False,False,0,normal
2016-11-17,-0.03755816053883156,0.01685924966243646,13.350000381469727,False,False,False,0,normal
2016-11-18,-0.021224936131200262,0.01685924966243646,12.850000381469727,False,False,False,0,normal
2016-11-21,-0.01712596454562095,0.01685924966243646,12.420000076293945,False,False,False,0,normal
2016-11-22,-0.01696874590272065,0.01685924966243646,12.40999984741211,False,False,False,0,normal
2016-11-23,-0.015022096993499032,0.01685924966243646,12.430000305175781,False,False,False,0,normal
2016-11-25,-0.009059552153385586,0.01685924966243646,12.34000015258789,False,False,False,0,normal
2016-11-28,-0.015906802159991476,0.01685924966243646,13.149999618530273,False,False,False,0,normal
2016-11-29,-0.016751324767390392,0.01685924966243646,12.899999618530273,False,False,False,0,normal
2016-11-30,-0.007001181005810952,0.01685924966243646,13.329999923706055,False,False,False,0,normal
2016-12-01,0.0008960994712656869,0.016843334719788938,14.069999694824219,False,False,False,0,normal
2016-12-02,0.005613464766931111,0.016843334719788938,14.119999885559082,False,False,False,0,normal
2016-12-05,0.006370793298933729,0.016843334719788938,12.140000343322754,False,False,False,0,normal
2016-12-06,0.004013405962731362,0.016843334719788938,11.789999961853027,False,False,False,0,normal
2016-12-07,0.030321854620096438,0.016843334719788938,12.220000267028809,False,False,False,0,normal
2016-12-08,0.012412095128525464,0.016843334719788938,12.640000343322754,False,False,False,0,normal
2016-12-09,-0.0019700368629976214,0.016843334719788938,11.75,False,False,False,0,normal
2016-12-12,-0.004362077746726455,0.016843334719788938,12.640000343322754,False,False,False,0,normal
2016-12-13,0.017687775889556386,0.016843334719788938,12.720000267028809,False,False,False,0,normal
2016-12-14,0.03657319447427269,0.016843334719788938,13.1899995803833,False,False,False,0,normal
2016-12-15,0.041985998992928326,0.016843334719788938,12.789999961853027,False,False,False,0,normal
2016-12-16,0.04615489261660363,0.016843334719788938,12.199999809265137,False,False,False,0,normal
2016-12-19,0.05702036199937732,0.016843334719788938,11.710000038146973,False,False,False,0,normal
2016-12-20,0.05808188792820658,0.016843334719788938,11.449999809265137,False,False,False,0,normal
2016-12-21,0.057722644877088336,0.016843334719788938,11.270000457763672,False,False,False,0,normal
2016-12-22,0.056738523140892866,0.016843334719788938,11.430000305175781,False,False,False,0,normal
2016-12-23,0.055402137440515094,0.016843334719788938,11.4399995803833,False,False,False,0,normal
2016-12-27,0.05348785201628651,0.016843334719788938,11.989999771118164,False,False,False,0,normal
2016-12-28,0.03379076666724607,0.016843334719788938,12.949999809265137,False,False,False,0,normal
2016-12-29,0.03432356929662023,0.016843334719788938,13.369999885559082,False,False,False,0,normal
2016-12-30,0.03043096156768699,0.016843334719788938,14.039999961853027,False,False,False,0,normal
2017-01-03,0.03869848433294552,0.020507989115119862,12.850000381469727,False,False,False,0,normal
2017-01-04,0.04421621753873948,0.020507989115119862,11.850000381469727,False,False,False,0,normal
2017-01-05,0.03584555216628579,0.020507989115119862,11.670000076293945,False,False,False,0,normal
2017-01-06,0.017403797456619047,0.020507989115119862,11.319999694824219,False,False,False,0,normal
2017-01-09,0.008202007793761722,0.020507989115119862,11.5600004196167,False,False,False,0,normal
2017-01-10,0.010210140586761215,0.020507989115119862,11.489999771118164,False,False,False,0,normal
2017-01-11,0.012760083889002719,0.020507989115119862,11.260000228881836,False,False,False,0,normal
2017-01-12,0.019195783582570455,0.020507989115119862,11.539999961853027,False,False,False,0,normal
2017-01-13,0.013343701735581043,0.020507989115119862,11.229999542236328,False,False,False,0,normal
2017-01-17,0.002957583094750347,0.020507989115119862,11.869999885559082,False,False,False,0,normal
2017-01-18,-0.007976151724218845,0.020507989115119862,12.479999542236328,False,False,False,0,normal
2017-01-19,-0.09251234964171015,0.020507989115119862,12.779999732971191,False,False,False,0,normal
2017-01-20,-0.10184540513405117,0.020507989115119862,11.539999961853027,False,False,False,0,normal
2017-01-23,-0.15505860203380206,0.020507989115119862,11.770000457763672,False,False,False,0,normal
2017-01-24,-0.1612875153301551,0.020507989115119862,11.069999694824219,False,False,False,0,normal
2017-01-25,-0.17555319432638147,0.020507989115119862,10.8100004196167,False,False,False,0,normal
2017-01-26,-0.16816209533338794,0.020507989115119862,10.630000114440918,False,False,False,0,normal
2017-01-27,-0.1710664383030554,0.020507989115119862,10.579999923706055,False,False,False,0,normal
2017-01-30,-0.1655712900690924,0.020507989115119862,11.880000114440918,False,False,False,0,normal
2017-01-31,-0.19655159841331635,0.020507989115119862,11.989999771118164,False,False,False,0,normal
2017-02-01,-0.21231029775654314,0.025103933482571117,11.8100004196167,False,False,False,0,normal
2017-02-02,-0.21319924960699202,0.025103933482571117,11.930000305175781,False,False,False,0,normal
2017-02-03,-0.19600529943229883,0.025103933482571117,10.970000267028809,False,False,False,0,normal
2017-02-06,-0.21535851169557485,0.025103933482571117,11.369999885559082,False,False,False,0,normal
2017-02-07,-0.21552401921097125,0.025103933482571117,11.289999961853027,False,False,False,0,normal
2017-02-08,-0.20391995415391842,0.025103933482571117,11.449999809265137,False,False,False,0,normal
2017-02-09,-0.20428551155651584,0.025103933482571117,10.880000114440918,False,False,False,0,normal
2017-02-10,-0.20556343086909282,0.025103933482571117,10.850000381469727,False,False,False,0,normal
2017-02-13,-0.22769402167982625,0.025103933482571117,11.069999694824219,False,False,False,0,normal
2017-02-14,-0.2290843262856713,0.025103933482571117,10.739999771118164,False,False,False,0,normal
2017-02-15,-0.2325918887093856,0.025103933482571117,11.970000267028809,False,False,False,0,normal
2017-02-16,-0.23386321745905475,0.025103933482571117,11.760000228881836,False,False,False,0,normal
2017-02-17,-0.2277505828442089,0.025103933482571117,11.489999771118164,False,False,False,0,normal
2017-02-21,-0.24283764240150363,0.025103933482571117,11.569999694824219,False,False,False,0,normal
2017-02-22,-0.24414007980624822,0.025103933482571117,11.739999771118164,False,False,False,0,normal
2017-02-23,-0.24003061126847608,0.025103933482571117,11.710000038146973,False,False,False,0,normal
2017-02-24,-0.2432789633879405,0.025103933482571117,11.470000267028809,False,False,False,0,normal
2017-02-27,-0.23581933889725967,0.025103933482571117,12.09000015258789,False,False,False,0,normal
2017-02-28,-0.24737913693957161,0.025103933482571117,12.920000076293945,False,False,False,0,normal
2017-03-01,-0.2885797883681498,0.028103616813294208,12.539999961853027,False,False,False,0,normal
2017-03-02,-0.27839697111046674,0.028103616813294208,11.8100004196167,False,False,False,0,normal
2017-03-03,-0.27834060010878253,0.028103616813294208,10.960000038146973,False,False,False,0,normal
2017-03-06,-0.2709101123433503,0.028103616813294208,11.239999771118164,False,False,False,0,normal
2017-03-07,-0.2646017579088054,0.028103616813294208,11.449999809265137,False,False,False,0,normal
2017-03-08,-0.26628296446554833,0.028103616813294208,11.859999656677246,False,False,False,0,normal
2017-03-09,-0.27860797656061315,0.028103616813294208,12.300000190734863,False,False,False,0,normal
2017-03-10,-0.2775940818286019,0.028103616813294208,11.65999984741211,False,False,False,0,normal
2017-03-13,-0.27455010263681284,0.028103616813294208,11.350000381469727,False,False,False,0,normal
2017-03-14,-0.2823916418373927,0.028103616813294208,12.300000190734863,False,False,False,0,normal
2017-03-15,-0.2425297598201109,0.028103616813294208,11.630000114440918,False,False,False,0,normal
2017-03-16,-0.2517615505480468,0.028103616813294208,11.210000038146973,False,False,False,0,normal
2017-03-17,-0.2517940237248756,0.028103616813294208,11.279999732971191,False,False,False,0,normal
2017-03-20,-0.23861894039162443,0.028103616813294208,11.34000015258789,False,False,False,0,normal
2017-03-21,-0.2590254911150682,0.028103616813294208,12.470000267028809,False,False,False,0,normal
2017-03-22,-0.16973221303665095,0.028103616813294208,12.8100004196167,False,False,False,0,normal
2017-03-23,-0.16486353387798525,0.028103616813294208,13.119999885559082,False,False,False,0,normal
2017-03-24,-0.1742918904014184,0.028103616813294208,12.960000038146973,False,False,False,0,normal
2017-03-27,-0.1780250030020277,0.028103616813294208,12.5,False,False,False,0,normal
2017-03-28,-0.20501956118122958,0.028103616813294208,11.529999732971191,False,False,False,0,normal
2017-03-29,-0.19738102019337575,0.028103616813294208,11.420000076293945,False,False,False,0,normal
2017-03-30,-0.1856240224600282,0.028103616813294208,11.539999961853027,False,False,False,0,normal
2017-03-31,-0.19251989540842285,0.028103616813294208,12.369999885559082,False,False,False,0,normal
2017-04-03,-0.20787088829155445,0.0244119623655914,12.380000114440918,False,False,False,0,normal
2017-04-04,-0.20656106320742465,0.0244119623655914,11.789999961853027,False,False,False,0,normal
2017-04-05,-0.21030241427312313,0.0244119623655914,12.890000343322754,False,False,False,0,normal
2017-04-06,-0.2131532510361183,0.0244119623655914,12.390000343322754,False,False,False,0,normal
2017-04-07,-0.19813124950812858,0.0244119623655914,12.869999885559082,False,False,False,0,normal
2017-04-10,-0.20022099436496418,0.0244119623655914,14.050000190734863,False,False,False,0,normal
2017-04-11,-0.2320764159805607,0.0244119623655914,15.069999694824219,False,False,False,0,normal
2017-04-12,-0.2632492138448305,0.0244119623655914,15.770000457763672,False,False,False,0,normal
2017-04-13,-0.2668443864203072,0.0244119623655914,15.960000038146973,False,False,False,0,normal
2017-04-17,-0.2712963740756165,0.0244119623655914,14.65999984741211,False,False,False,0,normal
2017-04-18,-0.28161246465126116,0.0244119623655914,14.420000076293945,False,False,False,0,normal
2017-04-19,-0.32770219862621935,0.0244119623655914,14.930000305175781,False,False,False,0,normal
2017-04-20,-0.3315113123762121,0.0244119623655914,14.149999618530273,False,False,False,0,normal
2017-04-21,-0.31133230197129863,0.0244119623655914,14.630000114440918,False,False,False,0,normal
2017-04-24,-0.32203581983279705,0.0244119623655914,10.84000015258789,False,False,False,0,normal
2017-04-25,-0.34810952975228665,0.0244119623655914,10.760000228881836,False,False,False,0,normal
2017-04-26,-0.40410697281241686,0.0244119623655914,10.850000381469727,False,False,False,0,normal
2017-04-27,-0.4124852612692909,0.0244119623655914,10.359999656677246,False,False,False,0,normal
2017-04-28,-0.4174166955777331,0.0244119623655914,10.819999694824219,False,False,False,0,normal
2017-05-01,-0.43106122300491717,0.02176223471915395,10.109999656677246,False,False,False,0,normal
2017-05-02,-0.42651926408068025,0.02176223471915395,10.59000015258789,False,False,False,0,normal
2017-05-03,-0.42323280493721577,0.02176223471915395,10.680000305175781,False,False,False,0,normal
2017-05-04,-0.42580236977339575,0.02176223471915395,10.460000038146973,False,False,False,0,normal
2017-05-05,-0.42453220807743713,0.02176223471915395,10.569999694824219,False,False,False,0,normal
2017-05-08,-0.41916303586399434,0.02176223471915395,9.770000457763672,False,False,False,0,normal
2017-05-09,-0.40645730351129766,0.02176223471915395,9.960000038146973,False,False,False,0,normal
2017-05-10,-0.40616115650636325,0.02176223471915395,10.210000038146973,False,False,False,0,normal
2017-05-11,-0.405181728372048,0.02176223471915395,10.600000381469727,False,False,False,0,normal
2017-05-12,-0.4273151620379078,0.02176223471915395,10.399999618530273,False,False,False,0,normal
2017-05-15,-0.4417441932519615,0.02176223471915395,10.420000076293945,False,False,False,0,normal
2017-05-16,-0.4478269218824366,0.02176223471915395,10.649999618530273,False,False,False,0,normal
2017-05-17,-0.48890381813626144,0.02176223471915395,15.59000015258789,False,False,False,0,normal
2017-05-18,-0.4806972394781547,0.02176223471915395,14.65999984741211,False,False,False,0,normal
2017-05-19,-0.47161598453441034,0.02176223471915395,12.039999961853027,False,False,False,0,normal
2017-05-22,-0.477377882043365,0.02176223471915395,10.930000305175781,False,False,False,0,normal
2017-05-23,-0.4825324201782865,0.02176223471915395,10.720000267028809,False,False,False,0,normal
2017-05-24,-0.4759734837884129,0.02176223471915395,10.020000457763672,False,False,False,0,normal
2017-05-25,-0.4662276202637464,0.02176223471915395,9.989999771118164,False,False,False,0,normal
2017-05-26,-0.47077390995282925,0.02176223471915395,9.8100004196167,False,False,False,0,normal
2017-05-30,-0.4908958722949032,0.02176223471915395,10.380000114440918,False,False,False,0,normal
2017-05-31,-0.48998788036613905,0.02176223471915395,10.40999984741211,False,False,False,0,normal
2017-06-01,-0.47954478551203356,0.018563431667619756,9.890000343322754,False,False,False,0,normal
2017-06-02,-0.4503838975880454,0.018563431667619756,9.75,False,False,False,0,normal
2017-06-05,-0.41985807739681397,0.018563431667619756,10.069999694824219,False,False,False,0,normal
2017-06-06,-0.4231086502788642,0.018563431667619756,10.449999809265137,False,False,False,0,normal
2017-06-07,-0.42197591296352244,0.018563431667619756,10.390000343322754,False,False,False,0,normal
2017-06-08,-0.4378636883494229,0.018563431667619756,10.15999984741211,False,False,False,0,normal
2017-06-09,-0.43530431536891884,0.018563431667619756,10.699999809265137,False,False,False,0,normal
2017-06-12,-0.43893716473018374,0.018563431667619756,11.460000038146973,False,False,False,0,normal
2017-06-13,-0.437773411381964,0.018563431667619756,10.420000076293945,False,False,False,0,normal
2017-06-14,-0.4374681008987674,0.018563431667619756,10.640000343322754,False,False,False,0,normal
2017-06-15,-0.4308500532598124,0.018563431667619756,10.899999618530273,False,False,False,0,normal
2017-06-16,-0.43193007416565943,0.018563431667619756,10.380000114440918,False,False,False,0,normal
2017-06-19,-0.4447913621374737,0.018563431667619756,10.369999885559082,False,False,False,0,normal
2017-06-20,-0.4466466124647766,0.018563431667619756,10.859999656677246,False,False,False,0,normal
2017-06-21,-0.44660220504049936,0.018563431667619756,10.75,False,False,False,0,normal
2017-06-22,-0.44305098302501394,0.018563431667619756,10.479999542236328,False,False,False,0,normal
2017-06-23,-0.4376413404711776,0.018563431667619756,10.020000457763672,False,False,False,0,normal
2017-06-26,-0.4307410721508278,0.018563431667619756,9.899999618530273,False,False,False,0,normal
2017-06-27,-0.37217027055644814,0.018563431667619756,11.0600004196167,False,False,False,0,normal
2017-06-28,-0.38205544418867277,0.018563431667619756,10.029999732971191,False,False,False,0,normal
2017-06-29,-0.33460582993969984,0.018563431667619756,11.4399995803833,False,False,False,0,normal
2017-06-30,-0.3353525837925163,0.018563431667619756,11.180000305175781,False,False,False,0,normal
2017-07-03,-0.33704015558181,0.01640565809959127,11.220000267028809,False,False,False,0,normal
2017-07-05,-0.34673021060046605,0.01640565809959127,11.069999694824219,False,False,False,0,normal
2017-07-06,-0.30271647968320137,0.01640565809959127,12.539999961853027,False,False,False,0,normal
2017-07-07,-0.31019342633649977,0.01640565809959127,11.1899995803833,False,False,False,0,normal
2017-07-10,-0.24167246724009664,0.01640565809959127,11.109999656677246,False,False,False,0,normal
2017-07-11,-0.2568865573574653,0.01640565809959127,10.890000343322754,False,False,False,0,normal
2017-07-12,-0.2328643421105771,0.01640565809959127,10.300000190734863,False,False,False,0,normal
2017-07-13,-0.24388405642283975,0.01640565809959127,9.899999618530273,False,False,False,0,normal
2017-07-14,-0.24799095768893903,0.01640565809959127,9.510000228881836,False,False,False,0,normal
2017-07-17,-0.2562635014039157,0.01640565809959127,9.819999694824219,False,False,False,0,normal
2017-07-18,-0.2540677860966448,0.01640565809959127,9.890000343322754,False,False,False,0,normal
2017-07-19,-0.25762488250383525,0.01640565809959127,9.789999961853027,False,False,False,0,normal
2017-07-20,-0.2599310668844958,0.01640565809959127,9.579999923706055,False,False,False,0,normal
2017-07-21,-0.2560230209244898,0.01640565809959127,9.359999656677246,False,False,False,0,normal
2017-07-24,-0.30510886262488346,0.01640565809959127,9.430000305175781,False,False,False,0,normal
2017-07-25,-0.3145838645300669,0.01640565809959127,9.430000305175781,False,False,False,0,normal
2017-07-26,-0.311291784291052,0.01640565809959127,9.600000381469727,False,False,False,0,normal
2017-07-27,-0.30433314259741534,0.01640565809959127,10.109999656677246,False,False,False,0,normal
2017-07-28,-0.2779920399860935,0.01640565809959127,10.289999961853027,False,False,False,0,normal
2017-07-31,-0.28191054287385914,0.01640565809959127,10.260000228881836,False,False,False,0,normal
2017-08-01,-0.27679701125321393,0.017251073506566073,10.09000015258789,False,False,False,0,normal
2017-08-02,-0.27543675859395306,0.017251073506566073,10.279999732971191,False,False,False,0,normal
2017-08-03,-0.2798574653678072,0.017251073506566073,10.4399995803833,False,False,False,0,normal
2017-08-04,-0.26519813243804347,0.017251073506566073,10.029999732971191,False,False,False,0,normal
2017-08-07,-0.26682878999283294,0.017251073506566073,9.930000305175781,False,False,False,0,normal
2017-08-08,-0.25323759649562255,0.017251073506566073,10.960000038146973,False,False,False,0,normal
2017-08-09,-0.2512844237818212,0.017251073506566073,11.109999656677246,False,False,False,0,normal
2017-08-10,-0.27916083647554496,0.017251073506566073,16.040000915527344,False,False,False,0,normal
2017-08-11,-0.2804101105389301,0.017251073506566073,15.510000228881836,False,False,False,0,normal
2017-08-14,-0.2925814415094639,0.017251073506566073,12.329999923706055,False,False,False,0,normal
2017-08-15,-0.2886997972908906,0.017251073506566073,12.039999961853027,False,False,False,0,normal
2017-08-16,-0.29092045535417954,0.017251073506566073,11.739999771118164,False,False,False,0,normal
2017-08-17,-0.31586221917363694,0.017251073506566073,15.550000190734863,False,False,False,0,normal
2017-08-18,-0.3137044944137452,0.017251073506566073,14.260000228881836,False,False,False,0,normal
2017-08-21,-0.30645741916858216,0.017251073506566073,13.1899995803833,False,False,False,0,normal
2017-08-22,-0.31188210264060245,0.017251073506566073,11.350000381469727,False,False,False,0,normal
2017-08-23,-0.31306118034203934,0.017251073506566073,12.25,False,False,False,0,normal
2017-08-24,-0.2981695781597263,0.017251073506566073,12.229999542236328,False,False,False,0,normal
2017-08-25,-0.30273934598456836,0.017251073506566073,11.279999732971191,False,False,False,0,normal
2017-08-28,-0.2938219122233735,0.017251073506566073,11.319999694824219,False,False,False,0,normal
2017-08-29,-0.2943374585323903,0.017251073506566073,11.699999809265137,False,False,False,0,normal
2017-08-30,-0.2793064958611589,0.017251073506566073,11.220000267028809,False,False,False,0,normal
2017-08-31,-0.25121746423115926,0.017251073506566073,10.59000015258789,False,False,False,0,normal
2017-09-01,-0.25003059506751957,0.0192812155729698,10.130000114440918,False,False,False,0,normal
2017-09-05,-0.2848330520797749,0.0192812155729698,12.229999542236328,False,False,False,0,normal
2017-09-06,-0.289259916564983,0.0192812155729698,11.630000114440918,False,False,False,0,normal
2017-09-07,-0.2835813517591133,0.0192812155729698,11.550000190734863,False,False,False,0,normal
2017-09-08,-0.28180804822216815,0.0192812155729698,12.119999885559082,False,False,False,0,normal
2017-09-11,-0.3187082823566534,0.0192812155729698,10.729999542236328,False,False,False,0,normal
2017-09-12,-0.3231436708802943,0.0192812155729698,10.579999923706055,False,False,False,0,normal
2017-09-13,-0.32319051476839755,0.0192812155729698,10.5,False,False,False,0,normal
2017-09-14,-0.327399708677304,0.0192812155729698,10.4399995803833,False,False,False,0,normal
2017-09-15,-0.3280704338672827,0.0192812155729698,10.170000076293945,False,False,False,0,normal
2017-09-18,-0.32901028655263237,0.0192812155729698,10.149999618530273,False,False,False,0,normal
2017-09-19,-0.3301746272182052,0.0192812155729698,10.180000305175781,False,False,False,0,normal
2017-09-20,-0.3269226378553491,0.0192812155729698,9.779999732971191,False,False,False,0,normal
2017-09-21,-0.320654612218671,0.0192812155729698,9.670000076293945,False,False,False,0,normal
2017-09-22,-0.31951971034092214,0.0192812155729698,9.59000015258789,False,False,False,0,normal
2017-09-25,-0.24863323329885637,0.0192812155729698,10.210000038146973,False,False,False,0,normal
2017-09-26,-0.2501896455739328,0.0192812155729698,10.170000076293945,False,False,False,0,normal
2017-09-27,-0.2689166374791496,0.0192812155729698,9.869999885559082,False,False,False,0,normal
2017-09-28,-0.2653937571015926,0.0192812155729698,9.550000190734863,False,False,False,0,normal
2017-09-29,-0.2594510032872453,0.0192812155729698,9.510000228881836,False,False,False,0,normal
2017-10-02,-0.26716358090755005,0.021805652303711787,9.449999809265137,False,False,False,0,normal
2017-10-03,-0.26798251326619515,0.021805652303711787,9.510000228881836,False,False,False,0,normal
2017-10-04,-0.26759940956059075,0.021805652303711787,9.630000114440918,False,False,False,0,normal
2017-10-05,-0.2718849796376563,0.021805652303711787,9.1899995803833,False,False,False,0,normal
2017-10-06,-0.26818555181857195,0.021805652303711787,9.649999618530273,False,False,False,0,normal
2017-10-09,-0.27478709636819454,0.021805652303711787,10.329999923706055,False,False,False,0,normal
2017-10-10,-0.2949734064996396,0.021805652303711787,10.079999923706055,False,False,False,0,normal
2017-10-11,-0.2998821738910566,0.021805652303711787,9.850000381469727,False,False,False,0,normal
2017-10-12,-0.2959831369445868,0.021805652303711787,9.90999984741211,False,False,False,0,normal
2017-10-13,-0.29000070031863234,0.021805652303711787,9.609999656677246,False,False,False,0,normal
2017-10-16,-0.2908100239990238,0.021805652303711787,9.90999984741211,False,False,False,0,normal
2017-10-17,-0.29304005086850393,0.021805652303711787,10.3100004196167,False,False,False,0,normal
2017-10-18,-0.2919128111773966,0.021805652303711787,10.069999694824219,False,False,False,0,normal
2017-10-19,-0.2935865190807644,0.021805652303711787,10.050000190734863,False,False,False,0,normal
2017-10-20,-0.30733787410659663,0.021805652303711787,9.970000267028809,False,False,False,0,normal
2017-10-23,-0.3117678273558455,0.021805652303711787,11.069999694824219,False,False,False,0,normal
2017-10-24,-0.3124342420640629,0.021805652303711787,11.15999984741211,False,False,False,0,normal
2017-10-25,-0.29752708148087254,0.021805652303711787,11.229999542236328,False,False,False,0,normal
2017-10-26,-0.27521679691135653,0.021805652303711787,11.300000190734863,False,False,False,0,normal
2017-10-27,-0.2431314871840638,0.021805652303711787,9.800000190734863,False,False,False,0,normal
2017-10-30,-0.25655560271014927,0.021805652303711787,10.5,False,False,False,0,normal
2017-10-31,-0.25623894256431523,0.021805652303711787,10.180000305175781,False,False,False,0,normal
2017-11-01,-0.254539009634371,0.02020757753132485,10.199999809265137,False,False,False,0,normal
2017-11-02,-0.3101317223830371,0.02020757753132485,9.930000305175781,False,False,False,0,normal
2017-11-03,-0.2997108984812652,0.02020757753132485,9.140000343322754,False,False,False,0,normal
2017-11-06,-0.3522802669972083,0.02020757753132485,9.399999618530273,False,False,False,0,normal
2017-11-07,-0.3532455934731147,0.02020757753132485,9.890000343322754,False,False,False,0,normal
2017-11-08,-0.35319636134127,0.02020757753132485,9.779999732971191,False,False,False,0,normal
2017-11-09,-0.34360225718706716,0.02020757753132485,10.5,False,False,False,0,normal
2017-11-10,-0.37947101765254504,0.02020757753132485,11.289999961853027,False,False,False,0,normal
2017-11-13,-0.36815117826291865,0.02020757753132485,11.5,False,False,False,0,normal
2017-11-14,-0.37461441642627613,0.02020757753132485,11.59000015258789,False,False,False,0,normal
2017-11-15,-0.392343721328625,0.02020757753132485,13.130000114440918,False,False,False,0,normal
2017-11-16,-0.4440729929118912,0.02020757753132485,11.760000228881836,False,False,False,0,normal
2017-11-17,-0.4509496777166635,0.02020757753132485,11.430000305175781,False,False,False,0,normal
2017-11-20,-0.45543064542361145,0.02020757753132485,10.649999618530273,False,False,False,0,normal
2017-11-21,-0.4410024860596575,0.02020757753132485,9.729999542236328,False,False,False,0,normal
2017-11-22,-0.4467693787351008,0.02020757753132485,9.880000114440918,False,False,False,0,normal
2017-11-24,-0.4518893003556193,0.02020757753132485,9.670000076293945,False,False,False,0,normal
2017-11-27,-0.4507986028461358,0.02020757753132485,9.869999885559082,False,False,False,0,normal
2017-11-28,-0.43054344086681323,0.02020757753132485,10.029999732971191,False,False,False,0,normal
2017-11-29,-0.4198739660267582,0.02020757753132485,10.699999809265137,False,False,False,0,normal
2017-11-30,-0.4261600305530461,0.02020757753132485,11.279999732971191,False,False,False,0,normal
2017-12-01,-0.42991029552400567,0.02172493864295566,11.430000305175781,False,False,False,0,normal
2017-12-04,-0.43611288583141106,0.02172493864295566,11.680000305175781,False,False,False,0,normal
2017-12-05,-0.438873222028503,0.02172493864295566,11.329999923706055,False,False,False,0,normal
2017-12-06,-0.4387942636698527,0.02172493864295566,11.020000457763672,False,False,False,0,normal
2017-12-07,-0.4498723009878858,0.02172493864295566,10.15999984741211,False,False,False,0,normal
2017-12-08,-0.447261991300717,0.02172493864295566,9.579999923706055,False,False,False,0,normal
2017-12-11,-0.4441823599124961,0.02172493864295566,9.34000015258789,False,False,False,0,normal
2017-12-12,-0.4464881345273714,0.02172493864295566,9.920000076293945,False,False,False,0,normal
2017-12-13,-0.4462386804659754,0.02172493864295566,10.180000305175781,False,False,False,0,normal
2017-12-14,-0.45937325777657034,0.02172493864295566,10.489999771118164,False,False,False,0,normal
2017-12-15,-0.4394106635011457,0.02172493864295566,9.420000076293945,False,False,False,0,normal
2017-12-18,-0.4304955052023324,0.02172493864295566,9.529999732971191,False,False,False,0,normal
2017-12-19,-0.3845252371297961,0.02172493864295566,10.029999732971191,False,False,False,0,normal
2017-12-20,-0.358977392618254,0.02172493864295566,9.720000267028809,False,False,False,0,normal
2017-12-21,-0.3575439894150364,0.02172493864295566,9.619999885559082,False,False,False,0,normal
2017-12-22,-0.36005414794867,0.02172493864295566,9.899999618530273,False,False,False,0,normal
2017-12-26,-0.34168859721013595,0.02172493864295566,10.25,False,False,False,0,normal
2017-12-27,-0.3390291255522346,0.02172493864295566,10.470000267028809,False,False,False,0,normal
2017-12-28,-0.33911306173817063,0.02172493864295566,10.180000305175781,False,False,False,0,normal
2017-12-29,-0.3335648782908847,0.02172493864295566,11.039999961853027,False,False,False,0,normal
2018-01-02,-0.3455910117125848,0.021299307195522532,9.770000457763672,False,False,False,0,normal
2018-01-03,-0.33722172230549013,0.021299307195522532,9.149999618530273,False,False,False,0,normal
2018-01-04,-0.33921455980795623,0.021299307195522532,9.220000267028809,False,False,False,0,normal
2018-01-05,-0.34303754197110675,0.021299307195522532,9.220000267028809,False,False,False,0,normal
2018-01-08,-0.34331678075629934,0.021299307195522532,9.520000457763672,False,False,False,0,normal
2018-01-09,-0.3419746335337236,0.021299307195522532,10.079999923706055,False,False,False,0,normal
2018-01-10,-0.3508042349420796,0.021299307195522532,9.819999694824219,False,False,False,0,normal
2018-01-11,-0.3337209259086459,0.021299307195522532,9.880000114440918,False,False,False,0,normal
2018-01-12,-0.27585046756341686,0.021299307195522532,10.15999984741211,False,False,False,0,normal
2018-01-16,-0.27911386269932414,0.021299307195522532,11.65999984741211,False,False,False,0,normal
2018-01-17,-0.27253517997242793,0.021299307195522532,11.90999984741211,False,False,False,0,normal
2018-01-18,-0.25672806490717076,0.021299307195522532,12.220000267028809,False,False,False,0,normal
2018-01-19,-0.2203495053141639,0.021299307195522532,11.270000457763672,False,False,False,0,normal
2018-01-22,-0.20776090803841574,0.021299307195522532,11.029999732971191,False,False,False,0,normal
2018-01-23,-0.20815686816297216,0.021299307195522532,11.100000381469727,False,False,False,0,normal
2018-01-24,-0.19839054487199678,0.021299307195522532,11.470000267028809,False,False,False,0,normal
2018-01-25,-0.20075002479240064,0.021299307195522532,11.579999923706055,False,False,False,0,normal
2018-01-26,-0.2096424931576114,0.021299307195522532,11.079999923706055,False,False,False,0,normal
2018-01-29,-0.1762220955146804,0.021299307195522532,13.84000015258789,False,False,False,0,normal
2018-01-30,-0.13569644207306528,0.021299307195522532,14.789999961853027,False,False,False,0,normal
2018-01-31,-0.13891144450525425,0.021299307195522532,13.539999961853027,False,False,False,0,normal
2018-02-01,-0.11662198752014895,0.02151318868063945,13.470000267028809,False,False,False,0,normal
2018-02-02,-0.01258474944106326,0.02151318868063945,17.309999465942383,False,False,False,0,normal
2018-02-05,-0.12473112094396167,0.02151318868063945,37.31999969482422,False,False,True,1,watch
2018-02-06,-0.140040584549365,0.02151318868063945,29.979999542236328,False,False,True,1,watch
2018-02-07,-0.12240771444368996,0.02151318868063945,27.729999542236328,False,False,True,1,watch
2018-02-08,-0.10139217313210429,0.02151318868063945,33.459999084472656,False,False,True,1,watch
2018-02-09,-0.11705653434601943,0.02151318868063945,29.059999465942383,False,False,True,1,watch
2018-02-12,-0.10027764539484572,0.02151318868063945,25.610000610351562,False,False,True,1,watch
2018-02-13,-0.09800586429496942,0.02151318868063945,24.969999313354492,False,False,False,0,normal
2018-02-14,-0.1207703298519143,0.02151318868063945,19.260000228881836,False,False,False,0,normal
2018-02-15,-0.11067335120364624,0.02151318868063945,19.1299991607666,False,False,False,0,normal
2018-02-16,-0.1092513375659558,0.02151318868063945,19.459999084472656,False,False,False,0,normal
2018-02-20,-0.10354058263376252,0.02151318868063945,20.600000381469727,False,False,False,0,normal
2018-02-21,-0.08813681674924548,0.02151318868063945,20.020000457763672,False,False,False,0,normal
2018-02-22,-0.08567472657944349,0.02151318868063945,18.719999313354492,False,False,False,0,normal
2018-02-23,-0.0558867105882781,0.02151318868063945,16.489999771118164,False,False,False,0,normal
2018-02-26,-0.05346100194475785,0.02151318868063945,15.800000190734863,False,False,False,0,normal
2018-02-27,-0.05045705577765916,0.02151318868063945,18.59000015258789,False,False,False,0,normal
2018-02-28,-0.06437832387670828,0.02151318868063945,19.850000381469727,False,False,False,0,normal
2018-03-01,-0.08367561746630425,0.02263468931091861,22.469999313354492,False,False,False,0,normal
2018-03-02,-0.08200275308558713,0.02263468931091861,19.59000015258789,False,False,False,0,normal
2018-03-05,-0.08428700336721348,0.02263468931091861,18.729999542236328,False,False,False,0,normal
2018-03-06,-0.08311238117717165,0.02263468931091861,18.360000610351562,False,False,False,0,normal
2018-03-07,-0.08821459375973809,0.02263468931091861,17.760000228881836,False,False,False,0,normal
2018-03-08,-0.08300295195354172,0.02263468931091861,16.540000915527344,False,False,False,0,normal
2018-03-09,-0.11061645005237677,0.02263468931091861,14.640000343322754,False,False,False,0,normal
2018-03-12,-0.10539517793180686,0.02263468931091861,15.779999732971191,False,False,False,0,normal
2018-03-13,-0.1122373136823762,0.02263468931091861,16.350000381469727,False,False,False,0,normal
2018-03-14,-0.12164960635007528,0.02263468931091861,17.229999542236328,False,False,False,0,normal
2018-03-15,-0.12170019796215786,0.02263468931091861,16.59000015258789,False,False,False,0,normal
2018-03-16,-0.12335416700024181,0.02263468931091861,15.800000190734863,False,False,False,0,normal
2018-03-19,-0.11543105879795316,0.02263468931091861,19.020000457763672,False,False,False,0,normal
2018-03-20,-0.11509793896740103,0.02263468931091861,18.200000762939453,False,False,False,0,normal
2018-03-21,-0.11551688468769296,0.02263468931091861,17.860000610351562,False,False,False,0,normal
2018-03-22,-0.1575954859563565,0.02263468931091861,23.34000015258789,False,False,False,0,normal
2018-03-23,-0.1578087728254573,0.02263468931091861,24.8700008392334,False,False,False,0,normal
2018-03-26,-0.1679606771320883,0.02263468931091861,21.030000686645508,False,False,False,0,normal
2018-03-27,-0.1920659211332732,0.02263468931091861,22.5,False,False,False,0,normal
2018-03-28,-0.18702364697208237,0.02263468931091861,22.8700008392334,False,False,False,0,normal
2018-03-29,-0.1651574811193725,0.02263468931091861,19.969999313354492,False,False,False,0,normal
2018-04-02,-0.16659812506629673,0.023309497646499366,23.6200008392334,False,False,False,0,normal
2018-04-03,-0.17920458335618847,0.023309497646499366,21.100000381469727,False,False,False,0,normal
2018-04-04,-0.1852945321785696,0.023309497646499366,20.059999465942383,False,False,False,0,normal
2018-04-05,-0.1916256507183334,0.023309497646499366,18.940000534057617,False,False,False,0,normal
2018-04-06,-0.2230395034212235,0.023309497646499366,21.489999771118164,False,False,False,0,normal
2018-04-09,-0.22136772264942947,0.023309497646499366,21.770000457763672,False,False,False,0,normal
2018-04-10,-0.22603469072462248,0.023309497646499366,20.469999313354492,False,False,False,0,normal
2018-04-11,-0.23260260301040628,0.023309497646499366,20.239999771118164,False,False,False,0,normal
2018-04-12,-0.23606663118087035,0.023309497646499366,18.489999771118164,False,False,False,0,normal
2018-04-13,-0.238482714288703,0.023309497646499366,17.40999984741211,False,False,False,0,normal
2018-04-16,-0.2367422952806959,0.023309497646499366,16.559999465942383,False,False,False,0,normal
2018-04-17,-0.2280161170108438,0.023309497646499366,15.25,False,False,False,0,normal
2018-04-18,-0.22685292565328255,0.023309497646499366,15.600000381469727,False,False,False,0,normal
2018-04-19,-0.21626558685171388,0.023309497646499366,15.960000038146973,False,False,False,0,normal
2018-04-20,-0.20606319966704317,0.023309497646499366,16.8799991607666,False,False,False,0,normal
2018-04-23,-0.20559201351128176,0.023309497646499366,16.34000015258789,False,False,False,0,normal
2018-04-24,-0.19548889357205335,0.023309497646499366,18.020000457763672,False,False,False,0,normal
2018-04-25,-0.19840484905218989,0.023309497646499366,17.84000015258789,False,False,False,0,normal
2018-04-26,-0.18156334243359504,0.023309497646499366,16.239999771118164,False,False,False,0,normal
2018-04-27,-0.18537204153534542,0.023309497646499366,15.40999984741211,False,False,False,0,normal
2018-04-30,-0.18163925839703085,0.023309497646499366,15.930000305175781,False,False,False,0,normal
2018-05-01,-0.19378990251910003,0.024709963021052994,15.489999771118164,False,False,False,0,normal
2018-05-02,-0.1968407535857455,0.024709963021052994,15.970000267028809,False,False,False,0,normal
2018-05-03,-0.20105844778894216,0.024709963021052994,15.899999618530273,False,False,False,0,normal
2018-05-04,-0.19561963279410433,0.024709963021052994,14.770000457763672,False,False,False,0,normal
2018-05-07,-0.19576817587173367,0.024709963021052994,14.75,False,False,False,0,normal
2018-05-08,-0.20231177680364384,0.024709963021052994,14.710000038146973,False,False,False,0,normal
2018-05-09,-0.20880864053787634,0.024709963021052994,13.420000076293945,False,False,False,0,normal
2018-05-10,-0.1919338862641037,0.024709963021052994,13.229999542236328,False,False,False,0,normal
2018-05-11,-0.1824329018186899,0.024709963021052994,12.649999618530273,False,False,False,0,normal
2018-05-14,-0.1882590910682082,0.024709963021052994,12.930000305175781,False,False,False,0,normal
2018-05-15,-0.17288255087709775,0.024709963021052994,14.630000114440918,False,False,False,0,normal
2018-05-16,-0.1727311033691424,0.024709963021052994,13.420000076293945,False,False,False,0,normal
2018-05-17,-0.17166442630554848,0.024709963021052994,13.430000305175781,False,False,False,0,normal
2018-05-18,-0.17283148222360656,0.024709963021052994,13.420000076293945,False,False,False,0,normal
2018-05-21,-0.1714024410036758,0.024709963021052994,13.079999923706055,False,False,False,0,normal
2018-05-22,-0.17724915490844037,0.024709963021052994,13.220000267028809,False,False,False,0,normal
2018-05-23,-0.17479986199692155,0.024709963021052994,12.579999923706055,False,False,False,0,normal
2018-05-24,-0.17370207964881765,0.024709963021052994,12.529999732971191,False,False,False,0,normal
2018-05-25,-0.17411233068155849,0.024709963021052994,13.220000267028809,False,False,False,0,normal
2018-05-29,-0.20238549546848011,0.024709963021052994,17.020000457763672,False,False,False,0,normal
2018-05-30,-0.21027104691534754,0.024709963021052994,14.9399995803833,False,False,False,0,normal
2018-05-31,-0.2104316748029366,0.024709963021052994,15.430000305175781,False,False,False,0,normal
2018-06-01,-0.21867271101868443,0.02781921607842497,13.460000038146973,False,False,False,0,normal
2018-06-04,-0.22306337352957406,0.02781921607842497,12.739999771118164,False,False,False,0,normal
2018-06-05,-0.22543420006639198,0.02781921607842497,12.399999618530273,False,False,False,0,normal
2018-06-06,-0.22845677452654098,0.02781921607842497,11.640000343322754,False,False,False,0,normal
2018-06-07,-0.2334260412861871,0.02781921607842497,12.130000114440918,False,False,False,0,normal
2018-06-08,-0.24499934225871686,0.02781921607842497,12.180000305175781,False,False,False,0,normal
2018-06-11,-0.2468838554382383,0.02781921607842497,12.350000381469727,False,False,False,0,normal
2018-06-12,-0.25642442763600337,0.02781921607842497,12.34000015258789,False,False,False,0,normal
2018-06-13,-0.2964439672033868,0.02781921607842497,12.9399995803833,False,False,False,0,normal
2018-06-14,-0.2521718739948586,0.02781921607842497,12.119999885559082,False,False,False,0,normal
2018-06-15,-0.2374450609112176,0.02781921607842497,11.979999542236328,False,False,False,0,normal
2018-06-18,-0.250831869264677,0.02781921607842497,12.3100004196167,False,False,False,0,normal
2018-06-19,-0.2857868531215955,0.02781921607842497,13.350000381469727,False,False,False,0,normal
2018-06-20,-0.27107131696954867,0.02781921607842497,12.789999961853027,False,False,False,0,normal
2018-06-21,-0.29124740947403926,0.02781921607842497,14.640000343322754,False,False,False,0,normal
2018-06-22,-0.29376673405740045,0.02781921607842497,13.770000457763672,False,False,False,0,normal
2018-06-25,-0.27448925525376244,0.02781921607842497,17.329999923706055,False,False,False,0,normal
2018-06-26,-0.2847931721653702,0.02781921607842497,15.920000076293945,False,False,False,0,normal
2018-06-27,-0.2962255049846795,0.02781921607842497,17.90999984741211,False,False,False,0,normal
2018-06-28,-0.3037534410469502,0.02781921607842497,16.850000381469727,False,False,False,0,normal
2018-06-29,-0.3258678342897917,0.02781921607842497,16.09000015258789,False,False,False,0,normal
2018-07-02,-0.3271165566263216,0.028075506935940187,15.600000381469727,False,False,False,0,normal
2018-07-03,-0.3662236720192025,0.028075506935940187,16.139999389648438,False,False,False,0,normal
2018-07-05,-0.3630963108027767,0.028075506935940187,14.970000267028809,False,False,False,0,normal
2018-07-06,-0.3654835715763769,0.028075506935940187,13.369999885559082,False,False,False,0,normal
2018-07-09,-0.3653835941767737,0.028075506935940187,12.6899995803833,False,False,False,0,normal
2018-07-10,-0.3528908151714952,0.028075506935940187,12.640000343322754,False,False,False,0,normal
2018-07-11,-0.35274189093351727,0.028075506935940187,13.630000114440918,False,False,False,0,normal
2018-07-12,-0.3478672363119113,0.028075506935940187,12.579999923706055,False,False,False,0,normal
2018-07-13,-0.3477709753610603,0.028075506935940187,12.180000305175781,False,False,False,0,normal
2018-07-16,-0.3455725413456242,0.028075506935940187,12.829999923706055,False,False,False,0,normal
2018-07-17,-0.35407147005586004,0.028075506935940187,12.0600004196167,False,False,False,0,normal
2018-07-18,-0.3382663513964258,0.028075506935940187,12.100000381469727,False,False,False,0,normal
2018-07-19,-0.34106100217050944,0.028075506935940187,12.869999885559082,False,False,False,0,normal
2018-07-20,-0.3237335470081408,0.028075506935940187,12.859999656677246,False,False,False,0,normal
2018-07-23,-0.3142616462523368,0.028075506935940187,12.619999885559082,False,False,False,0,normal
2018-07-24,-0.30981669380260773,0.028075506935940187,12.40999984741211,False,False,False,0,normal
2018-07-25,-0.31124172536404504,0.028075506935940187,12.289999961853027,False,False,False,0,normal
2018-07-26,-0.3247840462361309,0.028075506935940187,12.140000343322754,False,False,False,0,normal
2018-07-27,-0.3257072216867714,0.028075506935940187,13.029999732971191,False,False,False,0,normal
2018-07-30,-0.31949499927849645,0.028075506935940187,14.260000228881836,False,False,False,0,normal
2018-07-31,-0.27594996172577624,0.028075506935940187,12.829999923706055,False,False,False,0,normal
2018-08-01,-0.2837860842802747,0.02854124785561929,13.149999618530273,False,False,False,0,normal
2018-08-02,-0.27586488925664027,0.02854124785561929,12.1899995803833,False,False,False,0,normal
2018-08-03,-0.2334267027818313,0.02854124785561929,11.640000343322754,False,False,False,0,normal
2018-08-06,-0.23060497323827556,0.02854124785561929,11.270000457763672,False,False,False,0,normal
2018-08-07,-0.25300231234283466,0.02854124785561929,10.930000305175781,False,False,False,0,normal
2018-08-08,-0.25562661665664027,0.02854124785561929,10.850000381469727,False,False,False,0,normal
2018-08-09,-0.23942999832452447,0.02854124785561929,11.270000457763672,False,False,False,0,normal
2018-08-10,-0.24882844320978287,0.02854124785561929,13.15999984741211,False,False,False,0,normal
2018-08-13,-0.23298709647409185,0.02854124785561929,14.779999732971191,False,False,False,0,normal
2018-08-14,-0.17784517186093024,0.02854124785561929,13.3100004196167,False,False,False,0,normal
2018-08-15,-0.19309849937798726,0.02854124785561929,14.640000343322754,False,False,False,0,normal
2018-08-16,-0.189532434455473,0.02854124785561929,13.449999809265137,False,False,False,0,normal
2018-08-17,-0.18273958816952524,0.02854124785561929,12.640000343322754,False,False,False,0,normal
2018-08-20,-0.16358976118355958,0.02854124785561929,12.489999771118164,False,False,False,0,normal
2018-08-21,-0.16270524270067152,0.02854124785561929,12.859999656677246,False,False,False,0,normal
2018-08-22,-0.1659760817681898,0.02854124785561929,12.25,False,False,False,0,normal
2018-08-23,-0.17846775660545833,0.02854124785561929,12.40999984741211,False,False,False,0,normal
2018-08-24,-0.1763650472466553,0.02854124785561929,11.989999771118164,False,False,False,0,normal
2018-08-27,-0.21073562717340838,0.02854124785561929,12.15999984741211,False,False,False,0,normal
2018-08-28,-0.23879194516013116,0.02854124785561929,12.5,False,False,False,0,normal
2018-08-29,-0.23654304060269438,0.02854124785561929,12.25,False,False,False,0,normal
2018-08-30,-0.27540441400217597,0.02854124785561929,13.529999732971191,False,False,False,0,normal
2018-08-31,-0.27295461610690763,0.02854124785561929,12.859999656677246,False,False,False,0,normal
2018-09-04,-0.29319945329602887,0.026429238568742575,13.15999984741211,False,False,False,0,normal
2018-09-05,-0.2907257474302482,0.026429238568742575,13.90999984741211,False,False,False,0,normal
2018-09-06,-0.29377767258337906,0.026429238568742575,14.649999618530273,False,False,False,0,normal
2018-09-07,-0.2793344770634671,0.026429238568742575,14.880000114440918,False,False,False,0,normal
2018-09-10,-0.28504229022303007,0.026429238568742575,14.15999984741211,False,False,False,0,normal
2018-09-11,-0.2843613226762606,0.026429238568742575,13.220000267028809,False,False,False,0,normal
2018-09-12,-0.29990404260084497,0.026429238568742575,13.140000343322754,False,False,False,0,normal
2018-09-13,-0.29455153969872,0.026429238568742575,12.369999885559082,False,False,False,0,normal
2018-09-14,-0.2921989116834977,0.026429238568742575,12.069999694824219,False,False,False,0,normal
2018-09-17,-0.27525261478961566,0.026429238568742575,13.680000305175781,False,False,False,0,normal
2018-09-18,-0.32181033416920707,0.026429238568742575,12.789999961853027,False,False,False,0,normal
2018-09-19,-0.32353494471388583,0.026429238568742575,11.75,False,False,False,0,normal
2018-09-20,-0.3075345151743831,0.026429238568742575,11.800000190734863,False,False,False,0,normal
2018-09-21,-0.3540446869530586,0.026429238568742575,11.680000305175781,False,False,False,0,normal
2018-09-24,-0.34428763701995935,0.026429238568742575,12.199999809265137,False,False,False,0,normal
2018-09-25,-0.3485854230991345,0.026429238568742575,12.420000076293945,False,False,False,0,normal
2018-09-26,-0.3490934861349206,0.026429238568742575,12.890000343322754,False,False,False,0,normal
2018-09-27,-0.3528716204878152,0.026429238568742575,12.40999984741211,False,False,False,0,normal
2018-09-28,-0.35519943302149604,0.026429238568742575,12.119999885559082,False,False,False,0,normal
2018-10-01,-0.3683906653334992,0.02332055105808828,12.0,False,False,False,0,normal
2018-10-02,-0.3648032064195876,0.02332055105808828,12.050000190734863,False,False,False,0,normal
2018-10-03,-0.3391736208190023,0.02332055105808828,11.609999656677246,False,False,False,0,normal
2018-10-04,-0.2296169408587862,0.02332055105808828,14.220000267028809,False,False,False,0,normal
2018-10-05,-0.1782623025064181,0.02332055105808828,14.819999694824219,False,False,False,0,normal
2018-10-08,-0.18229953764446108,0.02332055105808828,15.6899995803833,False,False,False,0,normal
2018-10-09,-0.17397679276524333,0.02332055105808828,15.949999809265137,False,False,False,0,normal
2018-10-10,-0.10407339450090937,0.02332055105808828,22.959999084472656,False,False,False,0,normal
2018-10-11,-0.18582556058670252,0.02332055105808828,24.979999542236328,False,False,False,0,normal
2018-10-12,-0.177386340183064,0.02332055105808828,21.309999465942383,False,False,False,0,normal
2018-10-15,-0.17937345032607985,0.02332055105808828,21.299999237060547,False,False,False,0,normal
2018-10-16,-0.1482807165933711,0.02332055105808828,17.6200008392334,False,False,False,0,normal
2018-10-17,-0.1469245740253599,0.02332055105808828,17.399999618530273,False,False,False,0,normal
2018-10-18,-0.1436365938270274,0.02332055105808828,20.059999465942383,False,False,False,0,normal
2018-10-19,-0.14350085907070825,0.02332055105808828,19.889999389648438,False,False,False,0,normal
2018-10-22,-0.15096887798371936,0.02332055105808828,19.639999389648438,False,False,False,0,normal
2018-10-23,-0.15533010606892025,0.02332055105808828,20.709999084472656,False,False,False,0,normal
2018-10-24,-0.20534588099403434,0.02332055105808828,25.229999542236328,False,False,True,1,watch
2018-10-25,-0.21232822425689113,0.02332055105808828,24.219999313354492,False,False,False,0,normal
2018-10-26,-0.23293824715577907,0.02332055105808828,24.15999984741211,False,False,False,0,normal
2018-10-29,-0.22307995478630446,0.02332055105808828,24.700000762939453,False,False,False,0,normal
2018-10-30,-0.23566251245037584,0.02332055105808828,23.350000381469727,False,False,False,0,normal
2018-10-31,-0.23934402534549665,0.02332055105808828,21.229999542236328,False,False,False,0,normal
2018-11-01,-0.23431983495446507,0.02492032470218053,19.34000015258789,False,False,False,0,normal
2018-11-02,-0.19340084225031487,0.02492032470218053,19.510000228881836,False,False,False,0,normal
2018-11-05,-0.18772532292398264,0.02492032470218053,19.959999084472656,False,False,False,0,normal
2018-11-06,-0.1863725705251567,0.02492032470218053,19.90999984741211,False,False,False,0,normal
2018-11-07,-0.1690822112473628,0.02492032470218053,16.360000610351562,False,False,False,0,normal
2018-11-08,-0.1648027791283319,0.02492032470218053,16.719999313354492,False,False,False,0,normal
2018-11-09,-0.18963333388966666,0.02492032470218053,17.360000610351562,False,False,False,0,normal
2018-11-12,-0.2242714823774776,0.02492032470218053,20.450000762939453,False,False,False,0,normal
2018-11-13,-0.21452250035440737,0.02492032470218053,20.020000457763672,False,False,False,0,normal
2018-11-14,-0.21645343725468622,0.02492032470218053,21.25,False,False,False,0,normal
2018-11-15,-0.20811789148573517,0.02492032470218053,19.979999542236328,False,False,False,0,normal
2018-11-16,-0.2047738453524422,0.02492032470218053,18.139999389648438,False,False,False,0,normal
2018-11-19,-0.21451322001281886,0.02492032470218053,20.100000381469727,False,False,False,0,normal
2018-11-20,-0.21432197280478302,0.02492032470218053,22.479999542236328,False,False,False,0,normal
2018-11-21,-0.21289889373077445,0.02492032470218053,20.799999237060547,False,False,False,0,normal
2018-11-23,-0.2128664934864918,0.02492032470218053,21.520000457763672,False,False,False,0,normal
2018-11-26,-0.21234062192999484,0.02492032470218053,18.899999618530273,False,False,False,0,normal
2018-11-27,-0.2185880351356016,0.02492032470218053,19.020000457763672,False,False,False,0,normal
2018-11-28,-0.2349481432243801,0.02492032470218053,18.489999771118164,False,False,False,0,normal
2018-11-29,-0.24158086801907558,0.02492032470218053,18.790000915527344,False,False,False,0,normal
2018-11-30,-0.232912776195345,0.02492032470218053,18.06999969482422,False,False,False,0,normal
2018-12-03,-0.2067458455583987,0.02147328577667773,16.440000534057617,False,False,False,0,normal
2018-12-04,-0.2914480871455704,0.02147328577667773,20.739999771118164,False,False,False,0,normal
2018-12-06,-0.2960819058998049,0.02147328577667773,21.190000534057617,False,False,False,0,normal
2018-12-07,-0.3038720463688022,0.02147328577667773,23.229999542236328,False,False,False,0,normal
2018-12-10,-0.30653063369450895,0.02147328577667773,22.639999389648438,False,False,False,0,normal
2018-12-11,-0.30879888398885147,0.02147328577667773,21.760000228881836,False,False,False,0,normal
2018-12-12,-0.3188019335090358,0.02147328577667773,21.459999084472656,False,False,False,0,normal
2018-12-13,-0.31941676307694594,0.02147328577667773,20.649999618530273,False,False,False,0,normal
2018-12-14,-0.32328965626070627,0.02147328577667773,21.6299991607666,False,False,False,0,normal
2018-12-17,-0.33641231848658876,0.02147328577667773,24.520000457763672,False,False,False,0,normal
2018-12-18,-0.33822702192672643,0.02147328577667773,25.579999923706055,False,False,True,1,watch
2018-12-19,-0.35459868813379974,0.02147328577667773,25.579999923706055,False,False,True,1,watch
2018-12-20,-0.3407414205351688,0.02147328577667773,28.3799991607666,False,False,True,1,watch
2018-12-21,-0.3317084760078754,0.02147328577667773,30.110000610351562,False,False,True,1,watch
2018-12-24,-0.33923250504420593,0.02147328577667773,36.06999969482422,False,False,True,1,watch
2018-12-26,-0.38899940893786944,0.02147328577667773,30.40999984741211,False,False,True,1,watch
2018-12-27,-0.3890657524715891,0.02147328577667773,29.959999084472656,False,False,True,1,watch
2018-12-28,-0.39102128873000097,0.02147328577667773,28.34000015258789,False,False,True,1,watch
2018-12-31,-0.38184917494149034,0.02147328577667773,25.420000076293945,False,False,True,1,watch
2019-01-02,-0.3795468639619647,0.020023809043401064,23.219999313354492,False,False,False,0,normal
2019-01-03,-0.40299217543692406,0.020023809043401064,25.450000762939453,False,False,True,1,watch
2019-01-04,-0.4396654349023114,0.020023809043401064,21.3799991607666,False,False,False,0,normal
2019-01-07,-0.43782115097232843,0.020023809043401064,21.399999618530273,False,False,False,0,normal
2019-01-08,-0.4412588978629841,0.020023809043401064,20.469999313354492,False,False,False,0,normal
2019-01-09,-0.4437666476606493,0.020023809043401064,19.979999542236328,False,False,False,0,normal
2019-01-10,-0.4442568472927879,0.020023809043401064,19.5,False,False,False,0,normal
2019-01-11,-0.44247277475443225,0.020023809043401064,18.190000534057617,False,False,False,0,normal
2019-01-14,-0.44136090513222703,0.020023809043401064,19.06999969482422,False,False,False,0,normal
2019-01-15,-0.44618434519141903,0.020023809043401064,18.600000381469727,False,False,False,0,normal
2019-01-16,-0.4454941116583269,0.020023809043401064,19.040000915527344,False,False,False,0,normal
2019-01-17,-0.4513303733922231,0.020023809043401064,18.059999465942383,False,False,False,0,normal
2019-01-18,-0.45943915690999915,0.020023809043401064,17.799999237060547,False,False,False,0,normal
2019-01-22,-0.4661554315623076,0.020023809043401064,20.799999237060547,False,False,False,0,normal
2019-01-23,-0.46695865315581814,0.020023809043401064,19.520000457763672,False,False,False,0,normal
2019-01-24,-0.4645831708483119,0.020023809043401064,18.889999389648438,False,False,False,0,normal
2019-01-25,-0.46931697574972664,0.020023809043401064,17.420000076293945,False,False,False,0,normal
2019-01-28,-0.467785834642761,0.020023809043401064,18.8700008392334,False,False,False,0,normal
2019-01-29,-0.4664869516430228,0.020023809043401064,19.1299991607666,False,False,False,0,normal
2019-01-30,-0.4671282352578619,0.020023809043401064,17.65999984741211,False,False,False,0,normal
2019-01-31,-0.45740452374359186,0.020023809043401064,16.56999969482422,False,False,False,0,normal
2019-02-01,-0.45526756929613477,0.014875893578291333,16.139999389648438,False,False,False,0,normal
2019-02-04,-0.4598818476561293,0.014875893578291333,15.729999542236328,False,False,False,0,normal
2019-02-05,-0.4559064434362386,0.014875893578291333,15.569999694824219,False,False,False,0,normal
2019-02-06,-0.4569662837359691,0.014875893578291333,15.380000114440918,False,False,False,0,normal
2019-02-07,-0.46090175609908773,0.014875893578291333,16.3700008392334,False,False,False,0,normal
2019-02-08,-0.45931784855263996,0.014875893578291333,15.720000267028809,False,False,False,0,normal
2019-02-11,-0.45898300292481825,0.014875893578291333,15.970000267028809,False,False,False,0,normal
2019-02-12,-0.4640903312213713,0.014875893578291333,15.430000305175781,False,False,False,0,normal
2019-02-13,-0.48950292204040796,0.014875893578291333,15.649999618530273,False,False,False,0,normal
2019-02-14,-0.5035572483172069,0.014875893578291333,16.219999313354492,False,False,False,0,normal
2019-02-15,-0.5174310160335127,0.014875893578291333,14.90999984741211,False,False,False,0,normal
2019-02-19,-0.5184669324441386,0.014875893578291333,14.880000114440918,False,False,False,0,normal
2019-02-20,-0.5252921163927364,0.014875893578291333,14.020000457763672,False,False,False,0,normal
2019-02-21,-0.5441072147499014,0.014875893578291333,14.460000038146973,False,False,False,0,normal
2019-02-22,-0.5177235486217182,0.014875893578291333,13.510000228881836,False,False,False,0,normal
2019-02-25,-0.5124656752246811,0.014875893578291333,14.850000381469727,False,False,False,0,normal
2019-02-26,-0.5132155419341313,0.014875893578291333,15.170000076293945,False,False,False,0,normal
2019-02-27,-0.5103421158577199,0.014875893578291333,14.699999809265137,False,False,False,0,normal
2019-02-28,-0.5116043461000903,0.014875893578291333,14.779999732971191,False,False,False,0,normal
2019-03-01,-0.5168689791606883,0.015188615351321877,13.569999694824219,False,False,False,0,normal
2019-03-04,-0.5172110246440926,0.015188615351321877,14.630000114440918,False,False,False,0,normal
2019-03-05,-0.5196658899707896,0.015188615351321877,14.739999771118164,False,False,False,0,normal
2019-03-06,-0.5200799840478305,0.015188615351321877,15.739999771118164,False,False,False,0,normal
2019-03-07,-0.5112826780436612,0.015188615351321877,16.59000015258789,False,False,False,0,normal
2019-03-08,-0.5051099473704965,0.015188615351321877,16.049999237060547,False,False,False,0,normal
2019-03-11,-0.5017348049179451,0.015188615351321877,14.329999923706055,False,False,False,0,normal
2019-03-12,-0.49951035041910075,0.015188615351321877,13.770000457763672,False,False,False,0,normal
2019-03-13,-0.49403337448797374,0.015188615351321877,13.40999984741211,False,False,False,0,normal
2019-03-14,-0.4814434869850121,0.015188615351321877,13.5,False,False,False,0,normal
2019-03-15,-0.4758755103071979,0.015188615351321877,12.880000114440918,False,False,False,0,normal
2019-03-18,-0.5085502101743413,0.015188615351321877,13.100000381469727,False,False,False,0,normal
2019-03-19,-0.5111318805091687,0.015188615351321877,13.5600004196167,False,False,False,0,normal
2019-03-20,-0.5070309470548885,0.015188615351321877,13.90999984741211,False,False,False,0,normal
2019-03-21,-0.5119634505553085,0.015188615351321877,13.630000114440918,False,False,False,0,normal
2019-03-22,-0.5320117647906817,0.015188615351321877,16.479999542236328,False,False,False,0,normal
2019-03-25,-0.5275364195659633,0.015188615351321877,16.329999923706055,False,False,False,0,normal
2019-03-26,-0.5214634141614388,0.015188615351321877,14.680000305175781,False,False,False,0,normal
2019-03-27,-0.5235517064603064,0.015188615351321877,15.149999618530273,False,False,False,0,normal
2019-03-28,-0.5236007329879765,0.015188615351321877,14.430000305175781,False,False,False,0,normal
2019-03-29,-0.5240363613036475,0.015188615351321877,13.710000038146973,False,False,False,0,normal
2019-04-01,-0.5317553672207854,0.018831863513063984,13.399999618530273,False,False,False,0,normal
2019-04-02,-0.5335169412576352,0.018831863513063984,13.359999656677246,False,False,False,0,normal
2019-04-03,-0.5365059308672093,0.018831863513063984,13.739999771118164,False,False,False,0,normal
2019-04-04,-0.5354473805680812,0.018831863513063984,13.579999923706055,False,False,False,0,normal
2019-04-05,-0.5361828717574675,0.018831863513063984,12.819999694824219,False,False,False,0,normal
2019-04-08,-0.5322063816235807,0.018831863513063984,13.180000305175781,False,False,False,0,normal
2019-04-09,-0.5333371370159521,0.018831863513063984,14.279999732971191,False,False,False,0,normal
2019-04-10,-0.5249187381048056,0.018831863513063984,13.300000190734863,False,False,False,0,normal
2019-04-11,-0.5193043800741517,0.018831863513063984,13.020000457763672,False,False,False,0,normal
2019-04-12,-0.5249872320907167,0.018831863513063984,12.010000228881836,False,False,False,0,normal
2019-04-15,-0.54510351392716,0.018831863513063984,12.319999694824219,False,False,False,0,normal
2019-04-16,-0.49690966421834454,0.018831863513063984,12.180000305175781,False,False,False,0,normal
2019-04-17,-0.4961224808442221,0.018831863513063984,12.600000381469727,False,False,False,0,normal
2019-04-18,-0.5023032596112373,0.018831863513063984,12.09000015258789,False,False,False,0,normal
2019-04-22,-0.5011942982828788,0.018831863513063984,12.420000076293945,False,False,False,0,normal
2019-04-23,-0.4972136819717907,0.018831863513063984,12.279999732971191,False,False,False,0,normal
2019-04-24,-0.49597002458977396,0.018831863513063984,13.140000343322754,False,False,False,0,normal
2019-04-25,-0.49647830451163544,0.018831863513063984,13.25,False,False,False,0,normal
2019-04-26,-0.49410474392713405,0.018831863513063984,12.729999542236328,False,False,False,0,normal
2019-04-29,-0.4831813508989441,0.018831863513063984,13.109999656677246,False,False,False,0,normal
2019-04-30,-0.48215557195461817,0.018831863513063984,13.119999885559082,False,False,False,0,normal
2019-05-01,-0.4642273465629976,0.020005834702090608,14.800000190734863,False,False,False,0,normal
2019-05-02,-0.4823447788933252,0.020005834702090608,14.420000076293945,False,False,False,0,normal
2019-05-03,-0.49388655132271164,0.020005834702090608,12.869999885559082,False,False,False,0,normal
2019-05-06,-0.49592660487310297,0.020005834702090608,15.4399995803833,False,False,False,0,normal
2019-05-07,-0.4843886277950817,0.020005834702090608,19.31999969482422,False,False,False,0,normal
2019-05-08,-0.47898324667648323,0.020005834702090608,19.399999618530273,False,False,False,0,normal
2019-05-09,-0.48087547926055935,0.020005834702090608,19.100000381469727,False,False,False,0,normal
2019-05-10,-0.4912281111355594,0.020005834702090608,16.040000915527344,False,False,False,0,normal
2019-05-13,-0.5062147103953802,0.020005834702090608,20.549999237060547,False,False,False,0,normal
2019-05-14,-0.4769518821128243,0.020005834702090608,18.059999465942383,False,False,False,0,normal
2019-05-15,-0.4190211139639538,0.020005834702090608,16.440000534057617,False,False,False,0,normal
2019-05-16,-0.42014099379681596,0.020005834702090608,15.289999961853027,False,False,False,0,normal
2019-05-17,-0.41741009623374964,0.020005834702090608,15.960000038146973,False,False,False,0,normal
2019-05-20,-0.40674625467069236,0.020005834702090608,16.309999465942383,False,False,False,0,normal
2019-05-21,-0.407741933070381,0.020005834702090608,14.949999809265137,False,False,False,0,normal
2019-05-22,-0.4114157980668305,0.020005834702090608,14.75,False,False,False,0,normal
2019-05-23,-0.44818246885935237,0.020005834702090608,16.920000076293945,False,False,False,0,normal
2019-05-24,-0.44171988434208026,0.020005834702090608,15.850000381469727,False,False,False,0,normal
2019-05-28,-0.452098513439291,0.020005834702090608,17.5,False,False,False,0,normal
2019-05-29,-0.45459400050062854,0.020005834702090608,17.899999618530273,False,False,False,0,normal
2019-05-30,-0.43348218680996936,0.020005834702090608,17.299999237060547,False,False,False,0,normal
2019-05-31,-0.4487394078761113,0.020005834702090608,18.709999084472656,False,False,False,0,normal
2019-06-03,-0.4503017115792579,0.017959105553606136,18.860000610351562,False,False,False,0,normal
2019-06-04,-0.48925784269073314,0.017959105553606136,16.969999313354492,False,False,False,0,normal
2019-06-05,-0.490310344801326,0.017959105553606136,16.09000015258789,False,False,False,0,normal
2019-06-06,-0.4934256612279596,0.017959105553606136,15.930000305175781,False,False,False,0,normal
2019-06-07,-0.4659792980729667,0.017959105553606136,16.299999237060547,False,False,False,0,normal
2019-06-10,-0.4708734829415783,0.017959105553606136,15.9399995803833,False,False,False,0,normal
2019-06-11,-0.4944665649264121,0.017959105553606136,15.989999771118164,False,False,False,0,normal
2019-06-12,-0.498608853806305,0.017959105553606136,15.90999984741211,False,False,False,0,normal
2019-06-13,-0.490728084130175,0.017959105553606136,15.819999694824219,False,False,False,0,normal
2019-06-14,-0.4960361372965901,0.017959105553606136,15.279999732971191,False,False,False,0,normal
2019-06-17,-0.4966031736375145,0.017959105553606136,15.350000381469727,False,False,False,0,normal
2019-06-18,-0.4726425118760953,0.017959105553606136,15.149999618530273,False,False,False,0,normal
2019-06-19,-0.4734771397925134,0.017959105553606136,14.329999923706055,False,False,False,0,normal
2019-06-20,-0.4684609407963283,0.017959105553606136,14.75,False,False,False,0,normal
2019-06-21,-0.4457642203247544,0.017959105553606136,15.399999618530273,False,False,False,0,normal
2019-06-24,-0.4450847214197295,0.017959105553606136,15.260000228881836,False,False,False,0,normal
2019-06-25,-0.44327547383168314,0.017959105553606136,16.280000686645508,False,False,False,0,normal
2019-06-26,-0.44226150859603114,0.017959105553606136,16.209999084472656,False,False,False,0,normal
2019-06-27,-0.4353224920368867,0.017959105553606136,15.819999694824219,False,False,False,0,normal
2019-06-28,-0.43596470954936556,0.017959105553606136,15.079999923706055,False,False,False,0,normal
2019-07-01,-0.4590674632612369,0.01671194894390049,14.0600004196167,False,False,False,0,normal
2019-07-02,-0.462631711122601,0.01671194894390049,12.930000305175781,False,False,False,0,normal
2019-07-03,-0.4469672536112601,0.01671194894390049,12.569999694824219,False,False,False,0,normal
2019-07-05,-0.4245004004014492,0.01671194894390049,13.279999732971191,False,False,False,0,normal
2019-07-08,-0.43765664264133686,0.01671194894390049,13.960000038146973,False,False,False,0,normal
2019-07-09,-0.4427610685563454,0.01671194894390049,14.09000015258789,False,False,False,0,normal
2019-07-10,-0.4400908595751867,0.01671194894390049,13.029999732971191,False,False,False,0,normal
2019-07-11,-0.42714909553537467,0.01671194894390049,12.930000305175781,False,False,False,0,normal
2019-07-12,-0.426154813605812,0.01671194894390049,12.390000343322754,False,False,False,0,normal
2019-07-15,-0.4234023856389277,0.01671194894390049,12.680000305175781,False,False,False,0,normal
2019-07-16,-0.40958411232885733,0.01671194894390049,12.859999656677246,False,False,False,0,normal
2019-07-17,-0.41921593479507646,0.01671194894390049,13.970000267028809,False,False,False,0,normal
2019-07-18,-0.4149013838952658,0.01671194894390049,13.529999732971191,False,False,False,0,normal
2019-07-19,-0.413880899442323,0.01671194894390049,14.449999809265137,False,False,False,0,normal
2019-07-22,-0.4109918482472988,0.01671194894390049,13.529999732971191,False,False,False,0,normal
2019-07-23,-0.42486852400732483,0.01671194894390049,12.609999656677246,False,False,False,0,normal
2019-07-24,-0.428989822879604,0.01671194894390049,12.069999694824219,False,False,False,0,normal
2019-07-25,-0.41624419728327866,0.01671194894390049,12.739999771118164,False,False,False,0,normal
2019-07-26,-0.41345832703995544,0.01671194894390049,12.15999984741211,False,False,False,0,normal
2019-07-29,-0.4095370678054689,0.01671194894390049,12.829999923706055,False,False,False,0,normal
2019-07-30,-0.41924142062183767,0.01671194894390049,13.9399995803833,False,False,False,0,normal
2019-07-31,-0.38429866147070224,0.01671194894390049,16.1200008392334,False,False,False,0,normal
2019-08-01,-0.40672050482997074,0.01826331335037068,17.8700008392334,False,False,False,0,normal
2019-08-02,-0.4163093644919709,0.01826331335037068,17.610000610351562,False,False,False,0,normal
2019-08-05,-0.4718155668587717,0.01826331335037068,24.59000015258789,False,False,False,0,normal
2019-08-06,-0.4419562490827535,0.01826331335037068,20.170000076293945,False,False,False,0,normal
2019-08-07,-0.44072578017642383,0.01826331335037068,19.489999771118164,False,False,False,0,normal
2019-08-08,-0.40117639628133,0.01826331335037068,16.90999984741211,False,False,False,0,normal
2019-08-09,-0.3930153477400815,0.01826331335037068,17.969999313354492,False,False,False,0,normal
2019-08-12,-0.42261574680293806,0.01826331335037068,21.09000015258789,False,False,False,0,normal
2019-08-13,-0.43038431174822767,0.01826331335037068,17.520000457763672,False,False,False,0,normal
2019-08-14,-0.49666920724707175,0.01826331335037068,22.100000381469727,False,False,False,0,normal
2019-08-15,-0.4877173040795531,0.01826331335037068,21.18000030517578,False,False,False,0,normal
2019-08-16,-0.5013322838257177,0.01826331335037068,18.469999313354492,False,False,False,0,normal
2019-08-19,-0.5162388305798794,0.01826331335037068,16.8799991607666,False,False,False,0,normal
2019-08-20,-0.5256719235797903,0.01826331335037068,17.5,False,False,False,0,normal
2019-08-21,-0.526947942925065,0.01826331335037068,15.800000190734863,False,False,False,0,normal
2019-08-22,-0.5219804163999862,0.01826331335037068,16.68000030517578,False,False,False,0,normal
2019-08-23,-0.5521575080093242,0.01826331335037068,19.8700008392334,False,False,False,0,normal
2019-08-26,-0.5577236931796883,0.01826331335037068,19.31999969482422,False,False,False,0,normal
2019-08-27,-0.5571030431769303,0.01826331335037068,20.309999465942383,False,False,False,0,normal
2019-08-28,-0.5581994283724703,0.01826331335037068,19.350000381469727,False,False,False,0,normal
2019-08-29,-0.5652755120261902,0.01826331335037068,17.8799991607666,False,False,False,0,normal
2019-08-30,-0.5649844988976057,0.01826331335037068,18.979999542236328,False,False,False,0,normal
2019-09-03,-0.5641175405292734,0.017376412106666406,19.65999984741211,False,False,False,0,normal
2019-09-04,-0.5625692044236223,0.017376412106666406,17.329999923706055,False,False,False,0,normal
2019-09-05,-0.575791787536007,0.017376412106666406,16.270000457763672,False,False,False,0,normal
2019-09-06,-0.5745907094920312,0.017376412106666406,15.0,False,False,False,0,normal
2019-09-09,-0.5548385429998516,0.017376412106666406,15.270000457763672,False,False,False,0,normal
2019-09-10,-0.540239694267272,0.017376412106666406,15.199999809265137,False,False,False,0,normal
2019-09-11,-0.546137924084516,0.017376412106666406,14.609999656677246,False,False,False,0,normal
2019-09-12,-0.5463253479670485,0.017376412106666406,14.220000267028809,False,False,False,0,normal
2019-09-13,-0.5167501171099553,0.017376412106666406,13.739999771118164,False,False,False,0,normal
2019-09-16,-0.5197363930727001,0.017376412106666406,14.670000076293945,False,False,False,0,normal
2019-09-17,-0.5171962864062689,0.017376412106666406,14.4399995803833,False,False,False,0,normal
2019-09-18,-0.5161455955595089,0.017376412106666406,13.949999809265137,False,False,False,0,normal
2019-09-19,-0.516704738842404,0.017376412106666406,14.050000190734863,False,False,False,0,normal
2019-09-20,-0.5175316804615804,0.017376412106666406,15.319999694824219,False,False,False,0,normal
2019-09-23,-0.5224593109836821,0.017376412106666406,14.90999984741211,False,False,False,0,normal
2019-09-24,-0.5258662967640169,0.017376412106666406,17.049999237060547,False,False,False,0,normal
2019-09-25,-0.5282359504788726,0.017376412106666406,15.960000038146973,False,False,False,0,normal
2019-09-26,-0.5349021617146175,0.017376412106666406,16.06999969482422,False,False,False,0,normal
2019-09-27,-0.5336402823054114,0.017376412106666406,17.219999313354492,False,False,False,0,normal
2019-09-30,-0.5314640666368424,0.017376412106666406,16.239999771118164,False,False,False,0,normal
2019-10-01,-0.5202759382495006,0.016844977040391562,18.559999465942383,False,False,False,0,normal
2019-10-02,-0.5112056053867194,0.016844977040391562,20.559999465942383,False,False,False,0,normal
2019-10-03,-0.49537811667238296,0.016844977040391562,19.1200008392334,False,False,False,0,normal
2019-10-04,-0.47852745480618725,0.016844977040391562,17.040000915527344,False,False,False,0,normal
2019-10-07,-0.47163196585607703,0.016844977040391562,17.860000610351562,False,False,False,0,normal
2019-10-08,-0.45514504710101544,0.016844977040391562,20.280000686645508,False,False,False,0,normal
2019-10-09,-0.45835754112836175,0.016844977040391562,18.639999389648438,False,False,False,0,normal
2019-10-10,-0.4444012140293402,0.016844977040391562,17.56999969482422,False,False,False,0,normal
2019-10-11,-0.4498864125917459,0.016844977040391562,15.579999923706055,False,False,False,0,normal
2019-10-14,-0.4531032711059604,0.016844977040391562,14.569999694824219,False,False,False,0,normal
2019-10-15,-0.476459496983799,0.016844977040391562,13.539999961853027,False,False,False,0,normal
2019-10-16,-0.4746876880348177,0.016844977040391562,13.680000305175781,False,False,False,0,normal
2019-10-17,-0.47529444223493195,0.016844977040391562,13.789999961853027,False,False,False,0,normal
2019-10-18,-0.47410684965749067,0.016844977040391562,14.25,False,False,False,0,normal
2019-10-21,-0.47967575796084544,0.016844977040391562,14.0,False,False,False,0,normal
2019-10-22,-0.4807904888741836,0.016844977040391562,14.460000038146973,False,False,False,0,normal
2019-10-23,-0.4805381430427624,0.016844977040391562,14.010000228881836,False,False,False,0,normal
2019-10-24,-0.490479044065696,0.016844977040391562,13.710000038146973,False,False,False,0,normal
2019-10-25,-0.4920957271681795,0.016844977040391562,12.649999618530273,False,False,False,0,normal
2019-10-28,-0.5005161991593737,0.016844977040391562,13.109999656677246,False,False,False,0,normal
2019-10-29,-0.5082215450973075,0.016844977040391562,13.199999809265137,False,False,False,0,normal
2019-10-30,-0.4963522222856066,0.016844977040391562,12.329999923706055,False,False,False,0,normal
2019-10-31,-0.49671937609698696,0.016844977040391562,13.220000267028809,False,False,False,0,normal
2019-11-01,-0.5016240845160789,0.017339736996186295,12.300000190734863,False,False,False,0,normal
2019-11-04,-0.50517780362738,0.017339736996186295,12.829999923706055,False,False,False,0,normal
2019-11-05,-0.49777480733265195,0.017339736996186295,13.100000381469727,False,False,False,0,normal
2019-11-06,-0.49654976039461696,0.017339736996186295,12.619999885559082,False,False,False,0,normal
2019-11-07,-0.49669709491705455,0.017339736996186295,12.729999542236328,False,False,False,0,normal
2019-11-08,-0.5073976233141172,0.017339736996186295,12.069999694824219,False,False,False,0,normal
2019-11-11,-0.5161427606703384,0.017339736996186295,12.6899995803833,False,False,False,0,normal
2019-11-12,-0.5150880149354861,0.017339736996186295,12.680000305175781,False,False,False,0,normal
2019-11-13,-0.5140221642476938,0.017339736996186295,13.0,False,False,False,0,normal
2019-11-14,-0.5080625702967381,0.017339736996186295,13.050000190734863,False,False,False,0,normal
2019-11-15,-0.5109590003707435,0.017339736996186295,12.050000190734863,False,False,False,0,normal
2019-11-18,-0.5116701778616478,0.017339736996186295,12.460000038146973,False,False,False,0,normal
2019-11-19,-0.5112867070762921,0.017339736996186295,12.859999656677246,False,False,False,0,normal
2019-11-20,-0.5159870547540523,0.017339736996186295,12.779999732971191,False,False,False,0,normal
2019-11-21,-0.5075200809107204,0.017339736996186295,13.130000114440918,False,False,False,0,normal
2019-11-22,-0.5073687717001603,0.017339736996186295,12.34000015258789,False,False,False,0,normal
2019-11-25,-0.5076296908673851,0.017339736996186295,11.869999885559082,False,False,False,0,normal
2019-11-26,-0.5060699002835848,0.017339736996186295,11.539999961853027,False,False,False,0,normal
2019-11-27,-0.5042911202570297,0.017339736996186295,11.75,False,False,False,0,normal
2019-11-29,-0.5045075426004705,0.017339736996186295,12.619999885559082,False,False,False,0,normal
2019-12-02,-0.48425173531751103,0.020922903948629168,14.90999984741211,False,False,False,0,normal
2019-12-03,-0.49207152970621704,0.020922903948629168,15.960000038146973,False,False,False,0,normal
2019-12-04,-0.495920306068549,0.020922903948629168,14.800000190734863,False,False,False,0,normal
2019-12-05,-0.49565512992217,0.020922903948629168,14.520000457763672,False,False,False,0,normal
2019-12-06,-0.4940972750850927,0.020922903948629168,13.619999885559082,False,False,False,0,normal
2019-12-09,-0.48442239137521675,0.020922903948629168,15.859999656677246,False,False,False,0,normal
2019-12-10,-0.4790801431178112,0.020922903948629168,15.680000305175781,False,False,False,0,normal
2019-12-11,-0.4445565224781103,0.020922903948629168,14.989999771118164,False,False,False,0,normal
2019-12-12,-0.47574427223201454,0.020922903948629168,13.9399995803833,False,False,False,0,normal
2019-12-13,-0.4727680559469182,0.020922903948629168,12.630000114440918,False,False,False,0,normal
2019-12-16,-0.4974134221490967,0.020922903948629168,12.140000343322754,False,False,False,0,normal
2019-12-17,-0.5023786431278223,0.020922903948629168,12.289999961853027,False,False,False,0,normal
2019-12-18,-0.47784916007368256,0.020922903948629168,12.579999923706055,False,False,False,0,normal
2019-12-19,-0.4794604986197775,0.020922903948629168,12.5,False,False,False,0,normal
2019-12-20,-0.42037808471230476,0.020922903948629168,12.510000228881836,False,False,False,0,normal
2019-12-23,-0.42694560715076785,0.020922903948629168,12.609999656677246,False,False,False,0,normal
2019-12-24,-0.4201366607314598,0.020922903948629168,12.670000076293945,False,False,False,0,normal
2019-12-26,-0.4000371911957106,0.020922903948629168,12.649999618530273,False,False,False,0,normal
2019-12-27,-0.3889490222232819,0.020922903948629168,13.430000305175781,False,False,False,0,normal
2019-12-30,-0.3772477094240946,0.020922903948629168,14.819999694824219,False,False,False,0,normal
2019-12-31,-0.38003808123824095,0.020922903948629168,13.779999732971191,False,False,False,0,normal
2020-01-02,-0.3025406630081499,0.023195274699624457,12.470000267028809,False,False,False,0,normal
2020-01-03,-0.32146644093229726,0.023195274699624457,14.020000457763672,False,False,False,0,normal
2020-01-06,-0.3120071406363962,0.023195274699624457,13.850000381469727,False,False,False,0,normal
2020-01-07,-0.3107621401889891,0.023195274699624457,13.789999961853027,False,False,False,0,normal
2020-01-08,-0.3136311609703357,0.023195274699624457,13.449999809265137,False,False,False,0,normal
2020-01-09,-0.3063302936616356,0.023195274699624457,12.539999961853027,False,False,False,0,normal
2020-01-10,-0.31214703775881014,0.023195274699624457,12.5600004196167,False,False,False,0,normal
2020-01-13,-0.3236916542722692,0.023195274699624457,12.319999694824219,False,False,False,0,normal
2020-01-14,-0.2935157778804034,0.023195274699624457,12.390000343322754,False,False,False,0,normal
2020-01-15,-0.29111099217432196,0.023195274699624457,12.420000076293945,False,False,False,0,normal
2020-01-16,-0.303055216634918,0.023195274699624457,12.319999694824219,False,False,False,0,normal
2020-01-17,-0.31887815353153454,0.023195274699624457,12.100000381469727,False,False,False,0,normal
2020-01-21,-0.3232633321325798,0.023195274699624457,12.850000381469727,False,False,False,0,normal
2020-01-22,-0.3215715089461154,0.023195274699624457,12.90999984741211,False,False,False,0,normal
2020-01-23,-0.34357871071811175,0.023195274699624457,12.979999542236328,False,False,False,0,normal
2020-01-24,-0.347360928916642,0.023195274699624457,14.5600004196167,False,False,False,0,normal
2020-01-27,-0.38709312155932,0.023195274699624457,18.229999542236328,False,False,False,0,normal
2020-01-28,-0.39759628257105006,0.023195274699624457,16.280000686645508,False,False,False,0,normal
2020-01-29,-0.39810699179872194,0.023195274699624457,16.389999389648438,False,False,False,0,normal
2020-01-30,-0.38831563081671033,0.023195274699624457,15.489999771118164,False,False,False,0,normal
2020-01-31,-0.4020892921456775,0.023195274699624457,18.84000015258789,False,False,False,0,normal
2020-02-03,-0.38751526351747334,0.02599767976845202,17.969999313354492,False,False,False,0,normal
2020-02-04,-0.4058801981285585,0.02599767976845202,16.049999237060547,False,False,False,0,normal
2020-02-05,-0.41778118685621585,0.02599767976845202,15.149999618530273,False,False,False,0,normal
2020-02-06,-0.4143753916292062,0.02599767976845202,14.960000038146973,False,False,False,0,normal
2020-02-07,-0.4263988764773664,0.02599767976845202,15.470000267028809,False,False,False,0,normal
2020-02-10,-0.4234854884347032,0.02599767976845202,15.039999961853027,False,False,False,0,normal
2020-02-11,-0.4367209302573387,0.02599767976845202,15.180000305175781,False,False,False,0,normal
2020-02-12,-0.45891048958376424,0.02599767976845202,13.739999771118164,False,False,False,0,normal
2020-02-13,-0.49344487223582945,0.02599767976845202,14.149999618530273,False,False,False,0,normal
2020-02-14,-0.5100457218239469,0.02599767976845202,13.680000305175781,False,False,False,0,normal
2020-02-18,-0.5296186067676164,0.02599767976845202,14.829999923706055,False,False,False,0,normal
2020-02-19,-0.5250035933115258,0.02599767976845202,14.380000114440918,False,False,False,0,normal
2020-02-20,-0.523608304539108,0.02599767976845202,15.5600004196167,False,False,False,0,normal
2020-02-21,-0.5191461012608979,0.02599767976845202,17.079999923706055,False,False,False,0,normal
2020-02-24,-0.5278959619692921,0.02599767976845202,25.030000686645508,False,False,True,1,watch
2020-02-25,-0.4873094340813993,0.02599767976845202,27.850000381469727,False,False,True,1,watch
2020-02-26,-0.4798148015503798,0.02599767976845202,27.559999465942383,False,False,True,1,watch
2020-02-27,-0.4690707117017666,0.02599767976845202,39.15999984741211,False,False,True,1,watch
2020-02-28,-0.46618954027517717,0.02599767976845202,40.11000061035156,False,False,True,1,watch
2020-03-02,-0.4577034903849427,0.023413166797595197,33.41999816894531,False,False,True,1,watch
2020-03-03,-0.48170298076547824,0.023413166797595197,36.81999969482422,False,False,True,1,watch
2020-03-04,-0.49624889141245104,0.023413166797595197,31.989999771118164,False,False,True,1,watch
2020-03-05,-0.5385534455592066,0.023413166797595197,39.619998931884766,False,False,True,1,watch
2020-03-06,-0.532323061431822,0.023413166797595197,41.939998626708984,False,False,True,1,watch
2020-03-09,-0.5630278617258171,0.023413166797595197,54.459999084472656,False,False,True,1,watch
2020-03-10,-0.6326110970747562,0.023413166797595197,47.29999923706055,False,False,True,1,watch
2020-03-11,-0.4741295575908852,0.023413166797595197,53.900001525878906,False,False,True,1,watch
2020-03-12,-0.42645065341099186,0.023413166797595197,75.47000122070312,False,False,True,1,watch
2020-03-13,-0.461253251381833,0.023413166797595197,57.83000183105469,False,False,True,1,watch
2020-03-16,-0.5802039989609714,0.023413166797595197,82.69000244140625,False,False,True,1,watch
2020-03-17,-0.6128095578947422,0.023413166797595197,75.91000366210938,False,False,True,1,watch
2020-03-18,-0.48936312959649586,0.023413166797595197,76.44999694824219,False,False,True,1,watch
2020-03-19,-0.4805047831514986,0.023413166797595197,72.0,False,False,True,1,watch
2020-03-20,-0.500222023604936,0.023413166797595197,66.04000091552734,False,False,True,1,watch
2020-03-23,-0.506381448228287,0.023413166797595197,61.59000015258789,False,False,True,1,watch
2020-03-24,-0.5109938386185884,0.023413166797595197,61.66999816894531,False,False,True,1,watch
2020-03-25,-0.511722478937583,0.023413166797595197,63.95000076293945,False,False,True,1,watch
2020-03-26,-0.4963176464372884,0.023413166797595197,61.0,False,False,True,1,watch
2020-03-27,-0.5028369444283101,0.023413166797595197,65.54000091552734,False,False,True,1,watch
2020-03-30,-0.5052168993845533,0.023413166797595197,57.08000183105469,False,False,True,1,watch
2020-03-31,-0.5014875676030272,0.023413166797595197,53.540000915527344,False,False,True,1,watch
2020-04-01,-0.5044352911365194,0.014940399642909163,57.060001373291016,False,False,True,1,watch
2020-04-02,-0.500740361811126,0.014940399642909163,50.90999984741211,False,False,True,1,watch
2020-04-03,-0.5002084296346104,0.014940399642909163,46.79999923706055,False,False,True,1,watch
2020-04-06,-0.4920088247043494,0.014940399642909163,45.2400016784668,False,False,True,1,watch
2020-04-07,-0.4917869945561686,0.014940399642909163,46.70000076293945,False,False,True,1,watch
2020-04-08,-0.49337392699343874,0.014940399642909163,43.349998474121094,False,False,True,1,watch
2020-04-09,-0.4930485970514549,0.014940399642909163,41.66999816894531,False,False,True,1,watch
2020-04-13,-0.49428861068040947,0.014940399642909163,41.16999816894531,False,False,True,1,watch
2020-04-14,-0.49334566955025183,0.014940399642909163,37.7599983215332,False,False,True,1,watch
2020-04-15,-0.4968898915406784,0.014940399642909163,40.84000015258789,False,False,True,1,watch
2020-04-16,-0.495381864043456,0.014940399642909163,40.11000061035156,False,False,True,1,watch
2020-04-17,-0.4987187037232266,0.014940399642909163,38.150001525878906,False,False,True,1,watch
2020-04-20,-0.4994267330227625,0.014940399642909163,43.83000183105469,False,False,True,1,watch
2020-04-21,-0.501632817597879,0.014940399642909163,45.40999984741211,False,False,True,1,watch
2020-04-22,-0.5048543881959193,0.014940399642909163,41.97999954223633,False,False,True,1,watch
2020-04-23,-0.504369873446414,0.014940399642909163,41.380001068115234,False,False,True,1,watch
2020-04-24,-0.5046131237958877,0.014940399642909163,35.93000030517578,False,False,True,1,watch
2020-04-27,-0.5060624251034593,0.014940399642909163,33.290000915527344,False,False,True,1,watch
2020-04-28,-0.5061367747013961,0.014940399642909163,33.56999969482422,False,False,True,1,watch
2020-04-29,-0.5081189428665507,0.014940399642909163,31.229999542236328,False,False,True,1,watch
2020-04-30,-0.5041432103431346,0.014940399642909163,34.150001525878906,False,False,True,1,watch
2020-05-01,-0.5047435939879472,0.003130472940411133,37.189998626708984,False,False,True,1,watch
2020-05-04,-0.5047598785839075,0.003130472940411133,35.970001220703125,False,False,True,1,watch
2020-05-05,-0.5055112882606455,0.003130472940411133,33.61000061035156,False,False,True,1,watch
2020-05-06,-0.5011518547642453,0.003130472940411133,34.119998931884766,False,False,True,1,watch
2020-05-07,-0.4959479582697366,0.003130472940411133,31.440000534057617,False,False,True,1,watch
2020-05-08,-0.49899078870471014,0.003130472940411133,27.979999542236328,False,False,True,1,watch
2020-05-11,-0.49881774287902797,0.003130472940411133,27.56999969482422,False,False,True,1,watch
2020-05-12,-0.5024781323292359,0.003130472940411133,33.040000915527344,False,False,True,1,watch
2020-05-13,-0.5027088867958168,0.003130472940411133,35.279998779296875,False,False,True,1,watch
2020-05-14,-0.49998667466145974,0.003130472940411133,32.61000061035156,False,False,True,1,watch
2020-05-15,-0.5008467080926046,0.003130472940411133,31.889999389648438,False,False,True,1,watch
2020-05-18,-0.5069980141893083,0.003130472940411133,29.299999237060547,False,False,True,1,watch
2020-05-19,-0.5073027920917581,0.003130472940411133,30.530000686645508,False,False,True,1,watch
2020-05-20,-0.5062438841780921,0.003130472940411133,27.989999771118164,False,False,True,1,watch
2020-05-21,-0.5058317616976271,0.003130472940411133,29.530000686645508,False,False,True,1,watch
2020-05-22,-0.5055643201708955,0.003130472940411133,28.15999984741211,False,False,True,1,watch
2020-05-26,-0.5072807948955186,0.003130472940411133,28.010000228881836,False,False,True,1,watch
2020-05-27,-0.5071605829161857,0.003130472940411133,27.6200008392334,False,False,True,1,watch
2020-05-28,-0.5069487008721418,0.003130472940411133,28.59000015258789,False,False,True,1,watch
2020-05-29,-0.5065476673358407,0.003130472940411133,27.510000228881836,False,False,True,1,watch
2020-06-01,-0.5066614409284119,0.001982013035848551,28.229999542236328,False,False,True,1,watch
2020-06-02,-0.5073812262036054,0.001982013035848551,26.84000015258789,False,False,True,1,watch
2020-06-03,-0.508336920532569,0.001982013035848551,25.65999984741211,False,False,True,1,watch
2020-06-04,-0.5039953159768688,0.001982013035848551,25.809999465942383,False,False,True,1,watch
2020-06-05,-0.5046466012254539,0.001982013035848551,24.520000457763672,False,False,False,0,normal
2020-06-08,-0.5040165456808301,0.001982013035848551,25.809999465942383,False,False,True,1,watch
2020-06-09,-0.5044929434348578,0.001982013035848551,27.56999969482422,False,False,True,1,watch
2020-06-10,-0.5034177653361039,0.001982013035848551,27.56999969482422,False,False,True,1,watch
2020-06-11,-0.5092864582669254,0.001982013035848551,40.790000915527344,False,False,True,1,watch
2020-06-12,-0.5085977187102245,0.001982013035848551,36.09000015258789,False,False,True,1,watch
2020-06-15,-0.5074645999140412,0.001982013035848551,34.400001525878906,False,False,True,1,watch
2020-06-16,-0.5103149220285013,0.001982013035848551,33.66999816894531,False,False,True,1,watch
2020-06-17,-0.5103381764215391,0.001982013035848551,33.470001220703125,False,False,True,1,watch
2020-06-18,-0.5100198415710703,0.001982013035848551,32.939998626708984,False,False,True,1,watch
2020-06-19,-0.5099542256603956,0.001982013035848551,35.119998931884766,False,False,True,1,watch
2020-06-22,-0.5096576508329851,0.001982013035848551,31.770000457763672,False,False,True,1,watch
2020-06-23,-0.5098019881277184,0.001982013035848551,31.3700008392334,False,False,True,1,watch
2020-06-24,-0.5115548969451206,0.001982013035848551,33.84000015258789,False,False,True,1,watch
2020-06-25,-0.5109788443466428,0.001982013035848551,32.220001220703125,False,False,True,1,watch
2020-06-26,-0.5124460551042468,0.001982013035848551,34.72999954223633,False,False,True,1,watch
2020-06-29,-0.5128146283985866,0.001982013035848551,31.780000686645508,False,False,True,1,watch
2020-06-30,-0.5128510861728393,0.001982013035848551,30.43000030517578,False,False,True,1,watch
2020-07-01,-0.509671991009433,0.007166562831830481,28.6200008392334,False,False,True,1,watch
2020-07-02,-0.5101356940108777,0.007166562831830481,27.68000030517578,False,False,True,1,watch
2020-07-06,-0.5114918602509463,0.007166562831830481,27.940000534057617,False,False,True,1,watch
2020-07-07,-0.5113762143796156,0.007166562831830481,29.43000030517578,False,False,True,1,watch
2020-07-08,-0.5129042585152882,0.007166562831830481,28.079999923706055,False,False,True,1,watch
2020-07-09,-0.5123473491909332,0.007166562831830481,29.260000228881836,False,False,True,1,watch
2020-07-10,-0.509320426627738,0.007166562831830481,27.290000915527344,False,False,True,1,watch
2020-07-13,-0.5067861149417421,0.007166562831830481,32.189998626708984,False,False,True,1,watch
2020-07-14,-0.4990947068907347,0.007166562831830481,29.520000457763672,False,False,True,1,watch
2020-07-15,-0.5027826775168577,0.007166562831830481,27.760000228881836,False,False,True,1,watch
2020-07-16,-0.4862832199195344,0.007166562831830481,28.0,False,False,True,1,watch
2020-07-17,-0.4623894949045174,0.007166562831830481,25.68000030517578,False,False,True,1,watch
2020-07-20,-0.5223182499354422,0.007166562831830481,24.459999084472656,False,False,False,0,normal
2020-07-21,-0.5478775316507277,0.007166562831830481,24.84000015258789,False,False,False,0,normal
2020-07-22,-0.536234053027184,0.007166562831830481,24.31999969482422,False,False,False,0,normal
2020-07-23,-0.44156908951028034,0.007166562831830481,26.079999923706055,False,False,True,1,watch
2020-07-24,-0.3869897802714952,0.007166562831830481,25.84000015258789,False,False,True,1,watch
2020-07-27,-0.561845689355456,0.007166562831830481,24.739999771118164,False,False,False,0,normal
2020-07-28,-0.5727823797059255,0.007166562831830481,25.440000534057617,False,False,True,1,watch
2020-07-29,-0.5565385118251723,0.007166562831830481,24.100000381469727,False,False,False,0,normal
2020-07-30,-0.5489474921797773,0.007166562831830481,24.760000228881836,False,False,False,0,normal
2020-07-31,-0.5211341326413027,0.007166562831830481,24.459999084472656,False,False,False,0,normal
2020-08-03,-0.520540763107629,0.009968647625897997,24.280000686645508,False,False,False,0,normal
2020-08-04,-0.5618293448088092,0.009968647625897997,23.760000228881836,False,False,False,0,normal
2020-08-05,-0.5368383968189364,0.009968647625897997,22.989999771118164,False,False,False,0,normal
2020-08-06,-0.5278827266867397,0.009968647625897997,22.649999618530273,False,False,False,0,normal
2020-08-07,-0.5418382934807608,0.009968647625897997,22.209999084472656,False,False,False,0,normal
2020-08-10,-0.5241131249173078,0.009968647625897997,22.1299991607666,False,False,False,0,normal
2020-08-11,-0.5217915815974496,0.009968647625897997,24.030000686645508,False,False,False,0,normal
2020-08-12,-0.5255391911246169,0.009968647625897997,22.280000686645508,False,False,False,0,normal
2020-08-13,-0.5586797216207406,0.009968647625897997,22.1299991607666,False,False,False,0,normal
2020-08-14,-0.5626899606199925,0.009968647625897997,22.049999237060547,False,False,False,0,normal
2020-08-17,-0.5600224905311,0.009968647625897997,21.350000381469727,False,False,False,0,normal
2020-08-18,-0.5630386416340604,0.009968647625897997,21.510000228881836,False,False,False,0,normal
2020-08-19,-0.5718031752775736,0.009968647625897997,22.540000915527344,False,False,False,0,normal
2020-08-20,-0.5798009679191553,0.009968647625897997,22.719999313354492,False,False,False,0,normal
2020-08-21,-0.5576251169282072,0.009968647625897997,22.540000915527344,False,False,False,0,normal
2020-08-24,-0.5657064261752328,0.009968647625897997,22.3700008392334,False,False,False,0,normal
2020-08-25,-0.5505737345344829,0.009968647625897997,22.030000686645508,False,False,False,0,normal
2020-08-26,-0.5454065354258535,0.009968647625897997,23.270000457763672,False,False,False,0,normal
2020-08-27,-0.5168242317648816,0.009968647625897997,24.469999313354492,False,False,False,0,normal
2020-08-28,-0.5076852880161618,0.009968647625897997,22.959999084472656,False,False,False,0,normal
2020-08-31,-0.5094579665305021,0.009968647625897997,26.40999984741211,False,False,True,1,watch
2020-09-01,-0.5008453897356416,0.012810698495523853,26.1200008392334,False,False,True,1,watch
2020-09-02,-0.47478737918786096,0.012810698495523853,26.56999969482422,False,False,True,1,watch
2020-09-03,-0.4606838404631833,0.012810698495523853,33.599998474121094,False,False,True,1,watch
2020-09-04,-0.4252681957793111,0.012810698495523853,30.75,False,False,True,1,watch
2020-09-08,-0.4487873833058814,0.012810698495523853,31.459999084472656,False,False,True,1,watch
2020-09-09,-0.43801882507020934,0.012810698495523853,28.809999465942383,False,False,True,1,watch
2020-09-10,-0.44217658913728275,0.012810698495523853,29.709999084472656,False,False,True,1,watch
2020-09-11,-0.4397585492219878,0.012810698495523853,26.8700008392334,False,False,True,1,watch
2020-09-14,-0.46274147939089005,0.012810698495523853,25.850000381469727,False,False,True,1,watch
2020-09-15,-0.4927880569258127,0.012810698495523853,25.59000015258789,False,False,True,1,watch
2020-09-16,-0.4801822111128537,0.012810698495523853,26.040000915527344,False,False,True,1,watch
2020-09-17,-0.48525065833573666,0.012810698495523853,26.459999084472656,False,False,True,1,watch
2020-09-18,-0.4653932201323496,0.012810698495523853,25.829999923706055,False,False,True,1,watch
2020-09-21,-0.46198205159543193,0.012810698495523853,27.780000686645508,False,False,True,1,watch
2020-09-22,-0.47824693226232223,0.012810698495523853,26.860000610351562,False,False,True,1,watch
2020-09-23,-0.47166154683460715,0.012810698495523853,28.579999923706055,False,False,True,1,watch
2020-09-24,-0.4315248035228725,0.012810698495523853,28.510000228881836,False,False,True,1,watch
2020-09-25,-0.42629082083238956,0.012810698495523853,26.3799991607666,False,False,True,1,watch
2020-09-28,-0.4368994980854869,0.012810698495523853,26.190000534057617,False,False,True,1,watch
2020-09-29,-0.43593829642424153,0.012810698495523853,26.270000457763672,False,False,True,1,watch
2020-09-30,-0.44003313416193046,0.012810698495523853,26.3700008392334,False,False,True,1,watch
2020-10-01,-0.4310566425587338,0.013910228912373812,26.700000762939453,False,False,True,1,watch
2020-10-02,-0.4235516319233132,0.013910228912373812,27.6299991607666,False,False,True,1,watch
2020-10-05,-0.44290716947928993,0.013910228912373812,27.959999084472656,False,False,True,1,watch
2020-10-06,-0.45251731629748976,0.013910228912373812,29.479999542236328,False,False,True,1,watch
2020-10-07,-0.45924731381772327,0.013910228912373812,28.059999465942383,False,False,True,1,watch
2020-10-08,-0.45105194519763386,0.013910228912373812,26.360000610351562,False,False,True,1,watch
2020-10-09,-0.4420327436600609,0.013910228912373812,25.0,False,False,False,0,normal
2020-10-12,-0.44999064451793364,0.013910228912373812,25.06999969482422,False,False,True,1,watch
2020-10-13,-0.4434334822925089,0.013910228912373812,26.06999969482422,False,False,True,1,watch
2020-10-14,-0.4508109599518113,0.013910228912373812,26.399999618530273,False,False,True,1,watch
2020-10-15,-0.4454694439691547,0.013910228912373812,26.969999313354492,False,False,True,1,watch
2020-10-16,-0.44320891018409025,0.013910228912373812,27.40999984741211,False,False,True,1,watch
2020-10-19,-0.35244972197040275,0.013910228912373812,29.18000030517578,False,False,True,1,watch
2020-10-20,-0.3431230837882158,0.013910228912373812,29.350000381469727,False,False,True,1,watch
2020-10-21,-0.34274254738377585,0.013910228912373812,28.649999618530273,False,False,True,1,watch
2020-10-22,-0.3183367235112238,0.013910228912373812,28.110000610351562,False,False,True,1,watch
2020-10-23,-0.3124888977578529,0.013910228912373812,27.549999237060547,False,False,True,1,watch
2020-10-26,-0.33393050040925887,0.013910228912373812,32.459999084472656,False,False,True,1,watch
2020-10-27,-0.3361986294419174,0.013910228912373812,33.349998474121094,False,False,True,1,watch
2020-10-28,-0.32398826639564204,0.013910228912373812,40.279998779296875,False,False,True,1,watch
2020-10-29,-0.3301924744744816,0.013910228912373812,37.59000015258789,False,False,True,1,watch
2020-10-30,-0.2828517370822535,0.013910228912373812,38.02000045776367,False,False,True,1,watch
2020-11-02,-0.2741493634586577,0.012303863428671624,37.130001068115234,False,False,True,1,watch
2020-11-03,-0.2545569694927707,0.012303863428671624,35.54999923706055,False,False,True,1,watch
2020-11-04,-0.1708523129701253,0.012303863428671624,29.56999969482422,False,False,True,1,watch
2020-11-05,-0.15799311391157622,0.012303863428671624,27.579999923706055,False,False,True,1,watch
2020-11-06,-0.15182720501935493,0.012303863428671624,24.860000610351562,False,False,False,0,normal
2020-11-09,-0.17471132134385867,0.012303863428671624,25.75,False,False,True,1,watch
2020-11-10,-0.16737460683555855,0.012303863428671624,24.799999237060547,False,False,False,0,normal
2020-11-11,-0.14565134866795607,0.012303863428671624,23.450000762939453,False,False,False,0,normal
2020-11-12,-0.1630092564111326,0.012303863428671624,25.350000381469727,False,False,True,1,watch
2020-11-13,-0.15276557359252307,0.012303863428671624,23.100000381469727,False,False,False,0,normal
2020-11-16,-0.15034525454305867,0.012303863428671624,22.450000762939453,False,False,False,0,normal
2020-11-17,-0.15149106065034293,0.012303863428671624,22.709999084472656,False,False,False,0,normal
2020-11-18,-0.15973369338318433,0.012303863428671624,23.84000015258789,False,False,False,0,normal
2020-11-19,-0.15348774244573207,0.012303863428671624,23.110000610351562,False,False,False,0,normal
2020-11-20,-0.15892083301570878,0.012303863428671624,23.700000762939453,False,False,False,0,normal
2020-11-23,-0.16076649082708497,0.012303863428671624,22.65999984741211,False,False,False,0,normal
2020-11-24,-0.17856420718546914,0.012303863428671624,21.639999389648438,False,False,False,0,normal
2020-11-25,-0.1775765973660637,0.012303863428671624,21.25,False,False,False,0,normal
2020-11-27,-0.17620794116349206,0.012303863428671624,20.84000015258789,False,False,False,0,normal
2020-11-30,-0.15861167266482534,0.012303863428671624,20.56999969482422,False,False,False,0,normal
2020-12-01,-0.17156828437854799,0.011757452138405844,20.770000457763672,False,False,False,0,normal
2020-12-02,-0.16952438054839977,0.011757452138405844,21.170000076293945,False,False,False,0,normal
2020-12-03,-0.16409072795950186,0.011757452138405844,21.280000686645508,False,False,False,0,normal
2020-12-04,-0.172632548761796,0.011757452138405844,20.790000915527344,False,False,False,0,normal
2020-12-07,-0.1717758315905716,0.011757452138405844,21.299999237060547,False,False,False,0,normal
2020-12-08,-0.17081324255451555,0.011757452138405844,20.68000030517578,False,False,False,0,normal
2020-12-09,-0.16442242330900037,0.011757452138405844,22.270000457763672,False,False,False,0,normal
2020-12-10,-0.16981214136801667,0.011757452138405844,22.520000457763672,False,False,False,0,normal
2020-12-11,-0.16701834600157328,0.011757452138405844,23.309999465942383,False,False,False,0,normal
2020-12-14,-0.170448972812366,0.011757452138405844,24.719999313354492,False,False,False,0,normal
2020-12-15,-0.17400694043662632,0.011757452138405844,22.889999389648438,False,False,False,0,normal
2020-12-16,-0.17345544274187458,0.011757452138405844,22.5,False,False,False,0,normal
2020-12-17,-0.1902985391599428,0.011757452138405844,21.93000030517578,False,False,False,0,normal
2020-12-18,-0.17734475139278888,0.011757452138405844,21.56999969482422,False,False,False,0,normal
2020-12-21,-0.1851375774119714,0.011757452138405844,25.15999984741211,False,False,True,1,watch
2020-12-22,-0.18723904653938164,0.011757452138405844,24.229999542236328,False,False,False,0,normal
2020-12-23,-0.18724021953289677,0.011757452138405844,23.309999465942383,False,False,False,0,normal
2020-12-24,-0.18732173148338765,0.011757452138405844,21.530000686645508,False,False,False,0,normal
2020-12-28,-0.1908969206391251,0.011757452138405844,21.700000762939453,False,False,False,0,normal
2020-12-29,-0.19439361959944726,0.011757452138405844,23.079999923706055,False,False,False,0,normal
2020-12-30,-0.19697838670681217,0.011757452138405844,22.770000457763672,False,False,False,0,normal
2020-12-31,-0.1951835305449218,0.011757452138405844,22.75,False,False,False,0,normal
2021-01-04,-0.1906817437238259,0.013204191315779434,26.969999313354492,False,False,True,1,watch
2021-01-05,-0.1917652236275423,0.013204191315779434,25.34000015258789,False,False,True,1,watch
2021-01-06,-0.1994271123688862,0.013204191315779434,25.06999969482422,False,False,True,1,watch
2021-01-07,-0.21100380758885298,0.013204191315779434,22.3700008392334,False,False,False,0,normal
2021-01-08,-0.20914033418178515,0.013204191315779434,21.559999465942383,False,False,False,0,normal
2021-01-11,-0.22428779399617213,0.013204191315779434,24.079999923706055,False,False,False,0,normal
2021-01-12,-0.24676858412090014,0.013204191315779434,23.329999923706055,False,False,False,0,normal
2021-01-13,-0.2370405230859178,0.013204191315779434,22.209999084472656,False,False,False,0,normal
2021-01-14,-0.2620337843095865,0.013204191315779434,23.25,False,False,False,0,normal
2021-01-15,-0.2499425779461027,0.013204191315779434,24.34000015258789,False,False,False,0,normal
2021-01-19,-0.24452976957863803,0.013204191315779434,23.239999771118164,False,False,False,0,normal
2021-01-20,-0.22854770217562723,0.013204191315779434,21.579999923706055,False,False,False,0,normal
2021-01-21,-0.22661747822500994,0.013204191315779434,21.31999969482422,False,False,False,0,normal
2021-01-22,-0.23203939325203762,0.013204191315779434,21.90999984741211,False,False,False,0,normal
2021-01-25,-0.22323698214556634,0.013204191315779434,23.190000534057617,False,False,False,0,normal
2021-01-26,-0.22490570135865948,0.013204191315779434,23.020000457763672,False,False,False,0,normal
2021-01-27,-0.22462201292154302,0.013204191315779434,37.209999084472656,False,False,True,1,watch
2021-01-28,-0.23516974498505835,0.013204191315779434,30.209999084472656,False,False,True,1,watch
2021-01-29,-0.2051281397701348,0.013204191315779434,33.09000015258789,False,False,True,1,watch
2021-02-01,-0.1993249745644297,0.013738437137002402,30.239999771118164,False,False,True,1,watch
2021-02-02,-0.20595143340306973,0.013738437137002402,25.559999465942383,False,False,True,1,watch
2021-02-03,-0.20429821927426461,0.013738437137002402,22.90999984741211,False,False,False,0,normal
2021-02-04,-0.20983083152825716,0.013738437137002402,21.770000457763672,False,False,False,0,normal
2021-02-05,-0.20968080567554978,0.013738437137002402,20.8700008392334,False,False,False,0,normal
2021-02-08,-0.20285337835891115,0.013738437137002402,21.239999771118164,False,False,False,0,normal
2021-02-09,-0.1979931139920561,0.013738437137002402,21.6299991607666,False,False,False,0,normal
2021-02-10,-0.2013611424052141,0.013738437137002402,21.989999771118164,False,False,False,0,normal
2021-02-11,-0.20709674072699374,0.013738437137002402,21.25,False,False,False,0,normal
2021-02-12,-0.17494493329912925,0.013738437137002402,19.969999313354492,False,False,False,0,normal
2021-02-16,-0.15372290623998147,0.013738437137002402,21.459999084472656,False,False,False,0,normal
2021-02-17,-0.14238893803521072,0.013738437137002402,21.5,False,False,False,0,normal
2021-02-18,-0.14730042838799318,0.013738437137002402,22.489999771118164,False,False,False,0,normal
2021-02-19,-0.14069249156287617,0.013738437137002402,22.049999237060547,False,False,False,0,normal
2021-02-22,-0.14284852023094954,0.013738437137002402,23.450000762939453,False,False,False,0,normal
2021-02-23,-0.13423985928163118,0.013738437137002402,23.110000610351562,False,False,False,0,normal
2021-02-24,-0.13707205857812532,0.013738437137002402,21.34000015258789,False,False,False,0,normal
2021-02-25,-0.07498681248950895,0.013738437137002402,28.889999389648438,False,False,True,1,watch
2021-02-26,-0.09664895982197437,0.013738437137002402,27.950000762939453,False,False,True,1,watch
2021-03-01,-0.13452097634399848,0.016698167791706853,23.350000381469727,False,False,False,0,normal
2021-03-02,-0.13353957415917841,0.016698167791706853,24.100000381469727,False,False,False,0,normal
2021-03-03,-0.1145384619140437,0.016698167791706853,26.670000076293945,False,False,True,1,watch
2021-03-04,-0.10035220142496093,0.016698167791706853,28.56999969482422,False,False,True,1,watch
2021-03-05,-0.0942439349122615,0.016698167791706853,24.65999984741211,False,False,False,0,normal
2021-03-08,-0.06450700667875728,0.016698167791706853,25.469999313354492,False,False,True,1,watch
2021-03-09,-0.03382937601466788,0.016698167791706853,24.030000686645508,False,False,False,0,normal
2021-03-10,-0.022934363554953312,0.016698167791706853,22.559999465942383,False,False,False,0,normal
2021-03-11,-0.020262137229034735,0.016698167791706853,21.90999984741211,False,False,False,0,normal
2021-03-12,-0.031921311793811406,0.016698167791706853,20.690000534057617,False,False,False,0,normal
2021-03-15,-0.03923598314531437,0.016698167791706853,20.030000686645508,False,False,False,0,normal
2021-03-16,-0.029741424546311648,0.016698167791706853,19.790000915527344,False,False,False,0,normal
2021-03-17,-0.10243318593454077,0.016698167791706853,19.229999542236328,False,False,False,0,normal
2021-03-18,-0.09292846491999798,0.016698167791706853,21.579999923706055,False,False,False,0,normal
2021-03-19,-0.09913718204822553,0.016698167791706853,20.950000762939453,False,False,False,0,normal
2021-03-22,-0.056217489066621065,0.016698167791706853,18.8799991607666,False,False,False,0,normal
2021-03-23,-0.0710647961780131,0.016698167791706853,20.299999237060547,False,False,False,0,normal
2021-03-24,-0.08143994060533384,0.016698167791706853,21.200000762939453,False,False,False,0,normal
2021-03-25,-0.0583438196485379,0.016698167791706853,19.809999465942383,False,False,False,0,normal
2021-03-26,-0.06284937937927579,0.016698167791706853,18.860000610351562,False,False,False,0,normal
2021-03-29,-0.060009243418908974,0.016698167791706853,20.739999771118164,False,False,False,0,normal
2021-03-30,-0.05613656978799705,0.016698167791706853,19.610000610351562,False,False,False,0,normal
2021-03-31,-0.049289890948682254,0.016698167791706853,19.399999618530273,False,False,False,0,normal
2021-04-01,-0.02515138575499934,0.026678187820641908,17.329999923706055,False,False,False,0,normal
2021-04-05,-0.01727045317393412,0.026678187820641908,17.90999984741211,False,False,False,0,normal
2021-04-06,-0.01802103220055229,0.026678187820641908,18.1200008392334,False,False,False,0,normal
2021-04-07,0.00039764501755563074,0.026678187820641908,17.15999984741211,False,False,False,0,normal
2021-04-08,0.004588836534651228,0.026678187820641908,16.950000762939453,False,False,False,0,normal
2021-04-09,0.000551661814240554,0.026678187820641908,16.690000534057617,False,False,False,0,normal
2021-04-12,0.0006604891459563436,0.026678187820641908,16.90999984741211,False,False,False,0,normal
2021-04-13,0.021912968027940634,0.026678187820641908,16.649999618530273,False,False,False,0,normal
2021-04-14,0.024020250870164614,0.026678187820641908,16.989999771118164,False,False,False,0,normal
2021-04-15,0.05088930540642557,0.026678187820641908,16.56999969482422,False,False,False,0,normal
2021-04-16,0.06441232325532349,0.026678187820641908,16.25,False,False,False,0,normal
2021-04-19,0.07190974546561843,0.026678187820641908,17.290000915527344,False,False,False,0,normal
2021-04-20,0.062365466911876465,0.026678187820641908,18.68000030517578,False,False,False,0,normal
2021-04-21,0.06318544324645611,0.026678187820641908,17.5,False,False,False,0,normal
2021-04-22,0.05678985310870874,0.026678187820641908,18.709999084472656,False,False,False,0,normal
2021-04-23,0.056977456946288835,0.026678187820641908,17.329999923706055,False,False,False,0,normal
2021-04-26,0.055766106729538474,0.026678187820641908,17.639999389648438,False,False,False,0,normal
2021-04-27,0.06182542251186716,0.026678187820641908,17.559999465942383,False,False,False,0,normal
2021-04-28,0.06128985626045237,0.026678187820641908,17.280000686645508,False,False,False,0,normal
2021-04-29,0.06086217609708088,0.026678187820641908,17.610000610351562,False,False,False,0,normal
2021-04-30,0.05483777122703517,0.026678187820641908,18.610000610351562,False,False,False,0,normal
2021-05-03,0.05928637851954339,0.04133077115360573,18.309999465942383,False,True,False,1,watch
2021-05-04,0.0526766032723947,0.04133077115360573,19.479999542236328,False,True,False,1,watch
2021-05-05,0.051800898767661314,0.04133077115360573,19.149999618530273,False,True,False,1,watch
2021-05-06,0.052659853002436,0.04133077115360573,18.389999389648438,False,True,False,1,watch
2021-05-07,0.047594918111945085,0.04133077115360573,16.690000534057617,False,True,False,1,watch
2021-05-10,0.061918830756230246,0.04133077115360573,19.65999984741211,False,True,False,1,watch
2021-05-11,0.067876888247895,0.04133077115360573,21.84000015258789,False,True,False,1,watch
2021-05-12,0.09244962785428089,0.04133077115360573,27.59000015258789,False,True,True,2,defensive
2021-05-13,0.09865490729245875,0.04133077115360573,23.1299991607666,False,True,False,1,watch
2021-05-14,0.12320108657734402,0.04133077115360573,18.809999465942383,False,True,False,1,watch
2021-05-17,0.14055188911301866,0.04133077115360573,19.719999313354492,False,True,False,1,watch
2021-05-18,0.15970376536941286,0.04133077115360573,21.34000015258789,False,True,False,1,watch
2021-05-19,0.16204311891949963,0.04133077115360573,22.18000030517578,False,True,False,1,watch
2021-05-20,0.17304846157005832,0.04133077115360573,20.670000076293945,False,True,False,1,watch
2021-05-21,0.17162754734374783,0.04133077115360573,20.149999618530273,False,True,False,1,watch
2021-05-24,0.17596877018384918,0.04133077115360573,18.399999618530273,False,True,False,1,watch
2021-05-25,0.16473741072220371,0.04133077115360573,18.84000015258789,False,True,False,1,watch
2021-05-26,0.17178046053454551,0.04133077115360573,17.360000610351562,False,True,False,1,watch
2021-05-27,0.16866404653427863,0.04133077115360573,16.739999771118164,False,True,False,1,watch
2021-05-28,0.166761690029384,0.04133077115360573,16.760000228881836,False,True,False,1,watch
2021-06-01,0.16687345595300637,0.04918257089467626,17.899999618530273,False,True,False,1,watch
2021-06-02,0.17032802821395818,0.04918257089467626,17.479999542236328,False,True,False,1,watch
2021-06-03,0.16884168329443405,0.04918257089467626,18.040000915527344,False,True,False,1,watch
2021-06-04,0.1824446530993818,0.04918257089467626,16.420000076293945,False,True,False,1,watch
2021-06-07,0.20589289154555707,0.04918257089467626,16.420000076293945,True,True,False,2,defensive
2021-06-08,0.20975301970723853,0.04918257089467626,17.06999969482422,True,True,False,2,defensive
2021-06-09,0.19335533637766664,0.04918257089467626,17.889999389648438,False,True,False,1,watch
2021-06-10,0.19515550862751035,0.04918257089467626,16.100000381469727,False,True,False,1,watch
2021-06-11,0.21076369742554235,0.04918257089467626,15.649999618530273,True,True,False,2,defensive
2021-06-14,0.20926485858835728,0.04918257089467626,16.389999389648438,True,True,False,2,defensive
2021-06-15,0.21497817923134716,0.04918257089467626,17.020000457763672,True,True,False,2,defensive
2021-06-16,0.21960554276693503,0.04918257089467626,18.149999618530273,True,True,False,2,defensive
2021-06-17,0.20826620947221466,0.04918257089467626,17.75,True,True,False,2,defensive
2021-06-18,0.15610517608370594,0.04918257089467626,20.700000762939453,False,True,False,1,watch
2021-06-21,0.11873582452979577,0.04918257089467626,17.889999389648438,False,True,False,1,watch
2021-06-22,0.12109344920803185,0.04918257089467626,16.65999984741211,False,True,False,1,watch
2021-06-23,0.13077516224238003,0.04918257089467626,16.31999969482422,False,True,False,1,watch
2021-06-24,0.1297957475770797,0.04918257089467626,15.970000267028809,False,True,False,1,watch
2021-06-25,0.1258164641538029,0.04918257089467626,15.619999885559082,False,True,False,1,watch
2021-06-28,0.12347446658755139,0.04918257089467626,15.760000228881836,False,True,False,1,watch
2021-06-29,0.11899435478083634,0.04918257089467626,16.020000457763672,False,True,False,1,watch
2021-06-30,0.10887716075366181,0.04918257089467626,15.829999923706055,False,True,False,1,watch
2021-07-01,0.10862701017842842,0.05295632620349999,15.479999542236328,False,True,False,1,watch
2021-07-02,0.12589309497906387,0.05295632620349999,15.069999694824219,False,True,False,1,watch
2021-07-06,0.054750918505595145,0.05295632620349999,16.440000534057617,False,True,False,1,watch
2021-07-07,0.10374353310656549,0.05295632620349999,16.200000762939453,False,True,False,1,watch
2021-07-08,0.166347001037325,0.05295632620349999,19.0,False,True,False,1,watch
2021-07-09,0.13521126266607164,0.05295632620349999,16.18000030517578,False,True,False,1,watch
2021-07-12,0.10512608495403651,0.05295632620349999,16.170000076293945,False,True,False,1,watch
2021-07-13,0.09513608432812422,0.05295632620349999,17.1200008392334,False,True,False,1,watch
2021-07-14,0.0923051505175826,0.05295632620349999,16.329999923706055,False,True,False,1,watch
2021-07-15,0.069951633526817,0.05295632620349999,17.010000228881836,False,True,False,1,watch
2021-07-16,0.04120023984676298,0.05295632620349999,18.450000762939453,False,True,False,1,watch
2021-07-19,-0.03000375776987429,0.05295632620349999,22.5,False,True,False,1,watch
2021-07-20,-0.04268109616343698,0.05295632620349999,19.729999542236328,False,True,False,1,watch
2021-07-21,-0.0619431474170819,0.05295632620349999,17.90999984741211,False,True,False,1,watch
2021-07-22,-0.06491458730775307,0.05295632620349999,17.690000534057617,False,True,False,1,watch
2021-07-23,-0.08070360984732146,0.05295632620349999,17.200000762939453,False,True,False,1,watch
2021-07-26,-0.07844517625063392,0.05295632620349999,17.579999923706055,False,True,False,1,watch
2021-07-27,-0.12915831325702276,0.05295632620349999,19.360000610351562,False,True,False,1,watch
2021-07-28,-0.12581128550177062,0.05295632620349999,18.309999465942383,False,True,False,1,watch
2021-07-29,-0.14476285840411057,0.05295632620349999,17.700000762939453,False,True,False,1,watch
2021-07-30,-0.13550526814856473,0.05295632620349999,18.239999771118164,False,True,False,1,watch
2021-08-02,-0.13527934724902818,0.05245169381309234,19.459999084472656,False,True,False,1,watch
2021-08-03,-0.12873261408597422,0.05245169381309234,18.040000915527344,False,True,False,1,watch
2021-08-04,-0.11791421112221094,0.05245169381309234,17.969999313354492,False,True,False,1,watch
2021-08-05,-0.12891608649474778,0.05245169381309234,17.280000686645508,False,True,False,1,watch
2021-08-06,-0.12334686665049349,0.05245169381309234,16.149999618530273,False,True,False,1,watch
2021-08-09,-0.11773605560252899,0.05245169381309234,16.719999313354492,False,True,False,1,watch
2021-08-10,-0.15439763512927418,0.05245169381309234,16.790000915527344,False,True,False,1,watch
2021-08-11,-0.1432329247819486,0.05245169381309234,16.170000076293945,False,True,False,1,watch
2021-08-12,-0.1424766500226273,0.05245169381309234,15.59000015258789,False,True,False,1,watch
2021-08-13,-0.13768072037952733,0.05245169381309234,15.449999809265137,False,True,False,1,watch
2021-08-16,-0.14411501218579154,0.05245169381309234,16.1200008392334,False,True,False,1,watch
2021-08-17,-0.13538942623599978,0.05245169381309234,17.90999984741211,False,True,False,1,watch
2021-08-18,-0.13925797922996974,0.05245169381309234,21.56999969482422,False,True,False,1,watch
2021-08-19,-0.14138042378400914,0.05245169381309234,21.670000076293945,False,True,False,1,watch
2021-08-20,-0.1455183519946245,0.05245169381309234,18.559999465942383,False,True,False,1,watch
2021-08-23,-0.18760923488487988,0.05245169381309234,17.149999618530273,False,True,False,1,watch
2021-08-24,-0.18433511179296405,0.05245169381309234,17.219999313354492,False,True,False,1,watch
2021-08-25,-0.19105913010336417,0.05245169381309234,16.790000915527344,False,True,False,1,watch
2021-08-26,-0.1877305583347975,0.05245169381309234,18.84000015258789,False,True,False,1,watch
2021-08-27,-0.17880971765520418,0.05245169381309234,16.389999389648438,False,True,False,1,watch
2021-08-30,-0.1715312626561504,0.05245169381309234,16.190000534057617,False,True,False,1,watch
2021-08-31,-0.16133098496417567,0.05245169381309234,16.479999542236328,False,True,False,1,watch
2021-09-01,-0.16092484201305407,0.05152015301793966,16.110000610351562,False,True,False,1,watch
2021-09-02,-0.16301640349399185,0.05152015301793966,16.40999984741211,False,True,False,1,watch
2021-09-03,-0.15870689137630115,0.05152015301793966,16.40999984741211,False,True,False,1,watch
2021-09-07,-0.14371736664564747,0.05152015301793966,18.139999389648438,False,True,False,1,watch
2021-09-08,-0.14453167784968196,0.05152015301793966,17.959999084472656,False,True,False,1,watch
2021-09-09,-0.15523174250363475,0.05152015301793966,18.799999237060547,False,True,False,1,watch
2021-09-10,-0.12582496738709031,0.05152015301793966,20.950000762939453,False,True,False,1,watch
2021-09-13,-0.1233590442673674,0.05152015301793966,19.3700008392334,False,True,False,1,watch
2021-09-14,-0.13860163738608308,0.05152015301793966,19.459999084472656,False,True,False,1,watch
2021-09-15,-0.137507501328041,0.05152015301793966,18.18000030517578,False,True,False,1,watch
2021-09-16,-0.16438838418149523,0.05152015301793966,18.690000534057617,False,True,False,1,watch
2021-09-17,-0.1649844870253458,0.05152015301793966,20.809999465942383,False,True,False,1,watch
2021-09-20,-0.2738559795239003,0.05152015301793966,25.709999084472656,False,True,True,2,defensive
2021-09-21,-0.278527503373985,0.05152015301793966,24.360000610351562,False,True,False,1,watch
2021-09-22,-0.3035742425835376,0.05152015301793966,20.8700008392334,False,True,False,1,watch
2021-09-23,-0.3469013007563722,0.05152015301793966,18.6299991607666,False,True,False,1,watch
2021-09-24,-0.35792249273283,0.05152015301793966,17.75,False,True,False,1,watch
2021-09-27,-0.35628175324040784,0.05152015301793966,18.760000228881836,False,True,False,1,watch
2021-09-28,-0.2773234708183379,0.05152015301793966,23.25,False,True,False,1,watch
2021-09-29,-0.2764538048623031,0.05152015301793966,22.559999465942383,False,True,False,1,watch
2021-09-30,-0.27850750237911864,0.05152015301793966,23.139999389648438,False,True,False,1,watch
2021-10-01,-0.25102562485893587,0.05351215590949132,21.100000381469727,False,True,False,1,watch
2021-10-04,-0.23633636447533687,0.05351215590949132,22.959999084472656,False,True,False,1,watch
2021-10-05,-0.2518834912808981,0.05351215590949132,21.299999237060547,False,True,False,1,watch
2021-10-06,-0.24682924920309515,0.05351215590949132,21.0,False,True,False,1,watch
2021-10-07,-0.26005825671687344,0.05351215590949132,19.540000915527344,False,True,False,1,watch
2021-10-08,-0.25583227293815713,0.05351215590949132,18.770000457763672,False,True,False,1,watch
2021-10-11,-0.2537421957463163,0.05351215590949132,20.0,False,True,False,1,watch
2021-10-12,-0.2852970341688512,0.05351215590949132,19.850000381469727,False,True,False,1,watch
2021-10-13,-0.2787481807252597,0.05351215590949132,18.639999389648438,False,True,False,1,watch
2021-10-14,-0.2609459694688265,0.05351215590949132,16.860000610351562,False,True,False,1,watch
2021-10-15,-0.264977389208377,0.05351215590949132,16.299999237060547,False,True,False,1,watch
2021-10-18,-0.2678667144426367,0.05351215590949132,16.309999465942383,False,True,False,1,watch
2021-10-19,-0.28007399882063,0.05351215590949132,15.699999809265137,False,True,False,1,watch
2021-10-20,-0.2820033491544323,0.05351215590949132,15.489999771118164,False,True,False,1,watch
2021-10-21,-0.2832585998736848,0.05351215590949132,15.010000228881836,False,True,False,1,watch
2021-10-22,-0.2870673621773097,0.05351215590949132,15.430000305175781,False,True,False,1,watch
2021-10-25,-0.28915244801910256,0.05351215590949132,15.239999771118164,False,True,False,1,watch
2021-10-26,-0.2508048092686982,0.05351215590949132,15.979999542236328,False,True,False,1,watch
2021-10-27,-0.22952948325561526,0.05351215590949132,16.979999542236328,False,True,False,1,watch
2021-10-28,-0.23592490149657602,0.05351215590949132,16.530000686645508,False,True,False,1,watch
2021-10-29,-0.23676035155914105,0.05351215590949132,16.260000228881836,False,True,False,1,watch
2021-11-01,-0.23869104575232541,0.06235042390298062,16.40999984741211,False,True,False,1,watch
2021-11-02,-0.23257431857480715,0.06235042390298062,16.030000686645508,False,True,False,1,watch
2021-11-03,-0.24425241150010554,0.06235042390298062,15.100000381469727,False,True,False,1,watch
2021-11-04,-0.2345588018168409,0.06235042390298062,15.4399995803833,False,True,False,1,watch
2021-11-05,-0.2241286806805304,0.06235042390298062,16.479999542236328,False,True,False,1,watch
2021-11-08,-0.22414205659985945,0.06235042390298062,17.219999313354492,False,True,False,1,watch
2021-11-09,-0.2397539022361524,0.06235042390298062,17.780000686645508,False,True,False,1,watch
2021-11-10,-0.1978958669030993,0.06235042390298062,18.729999542236328,False,True,False,1,watch
2021-11-11,-0.20336036080936845,0.06235042390298062,17.65999984741211,False,True,False,1,watch
2021-11-12,-0.20319214281757267,0.06235042390298062,16.290000915527344,False,True,False,1,watch
2021-11-15,-0.1789420547014561,0.06235042390298062,16.489999771118164,False,True,False,1,watch
2021-11-16,-0.17965341191296627,0.06235042390298062,16.3700008392334,False,True,False,1,watch
2021-11-17,-0.19084847833638696,0.06235042390298062,17.110000610351562,False,True,False,1,watch
2021-11-18,-0.191877504103595,0.06235042390298062,17.59000015258789,False,True,False,1,watch
2021-11-19,-0.18866252851448456,0.06235042390298062,17.90999984741211,False,True,False,1,watch
2021-11-22,-0.18311124603387804,0.06235042390298062,19.170000076293945,False,True,False,1,watch
2021-11-23,-0.12387828435314018,0.06235042390298062,19.3799991607666,False,True,False,1,watch
2021-11-24,-0.09478683731493905,0.06235042390298062,18.579999923706055,False,True,False,1,watch
2021-11-26,-0.1760942469290001,0.06235042390298062,28.6200008392334,False,True,True,2,defensive
2021-11-29,-0.19300486945889764,0.06235042390298062,22.959999084472656,False,True,False,1,watch
2021-11-30,-0.22446420997473865,0.06235042390298062,27.190000534057617,False,True,True,2,defensive
2021-12-01,-0.231147826950996,0.06901970403700863,31.1200008392334,False,True,True,2,defensive
2021-12-02,-0.21726539793991653,0.06901970403700863,27.950000762939453,False,True,True,2,defensive
2021-12-03,-0.23097286669906625,0.06901970403700863,30.670000076293945,False,True,True,2,defensive
2021-12-06,-0.24820273070075752,0.06901970403700863,27.18000030517578,False,True,True,2,defensive
2021-12-07,-0.26097538783368873,0.06901970403700863,21.889999389648438,False,True,False,1,watch
2021-12-08,-0.25829127978958993,0.06901970403700863,19.899999618530273,False,True,False,1,watch
2021-12-09,-0.26482452723485433,0.06901970403700863,21.579999923706055,False,True,False,1,watch
2021-12-10,-0.26508049140134043,0.06901970403700863,18.690000534057617,False,True,False,1,watch
2021-12-13,-0.27734927491110806,0.06901970403700863,20.309999465942383,False,True,False,1,watch
2021-12-14,-0.2752478659946555,0.06901970403700863,21.889999389648438,False,True,False,1,watch
2021-12-15,-0.2911941844010372,0.06901970403700863,19.290000915527344,False,True,False,1,watch
2021-12-16,-0.2891560471934649,0.06901970403700863,20.56999969482422,False,True,False,1,watch
2021-12-17,-0.3014886478875585,0.06901970403700863,21.56999969482422,False,True,False,1,watch
2021-12-20,-0.28440521431455024,0.06901970403700863,22.8700008392334,False,True,False,1,watch
2021-12-21,-0.29458990122918066,0.06901970403700863,21.010000228881836,False,True,False,1,watch
2021-12-22,-0.28706642496358353,0.06901970403700863,18.6299991607666,False,True,False,1,watch
2021-12-23,-0.2934736075965737,0.06901970403700863,17.959999084472656,False,True,False,1,watch
2021-12-27,-0.2830808820167226,0.06901970403700863,17.68000030517578,False,True,False,1,watch
2021-12-28,-0.2832162946320808,0.06901970403700863,17.540000915527344,False,True,False,1,watch
2021-12-29,-0.2834271904742903,0.06901970403700863,16.950000762939453,False,True,False,1,watch
2021-12-30,-0.28694472442189684,0.06901970403700863,17.329999923706055,False,True,False,1,watch
2021-12-31,-0.2877589408626252,0.06901970403700863,17.219999313354492,False,True,False,1,watch
2022-01-03,-0.2928884206108761,0.07174340285065539,16.600000381469727,False,True,False,1,watch
2022-01-04,-0.29047264039088533,0.07174340285065539,16.90999984741211,False,True,False,1,watch
2022-01-05,-0.2780538238849466,0.07174340285065539,19.729999542236328,False,True,False,1,watch
2022-01-06,-0.28040822702917156,0.07174340285065539,19.610000610351562,False,True,False,1,watch
2022-01-07,-0.2777010951479417,0.07174340285065539,18.760000228881836,False,True,False,1,watch
2022-01-10,-0.2782318258360476,0.07174340285065539,19.399999618530273,False,True,False,1,watch
2022-01-11,-0.2701390117993946,0.07174340285065539,18.40999984741211,False,True,False,1,watch
2022-01-12,-0.2729433125869944,0.07174340285065539,17.6200008392334,False,True,False,1,watch
2022-01-13,-0.2899885348767131,0.07174340285065539,20.309999465942383,False,True,False,1,watch
2022-01-14,-0.28565564227696194,0.07174340285065539,19.190000534057617,False,True,False,1,watch
2022-01-18,-0.24137692442918787,0.07174340285065539,22.790000915527344,False,True,False,1,watch
2022-01-19,-0.2590432887756752,0.07174340285065539,23.850000381469727,False,True,False,1,watch
2022-01-20,-0.2679948601691157,0.07174340285065539,25.59000015258789,False,True,True,2,defensive
2022-01-21,-0.28291816344192616,0.07174340285065539,28.850000381469727,False,True,True,2,defensive
2022-01-24,-0.28400176972632296,0.07174340285065539,29.899999618530273,False,True,True,2,defensive
2022-01-25,-0.28075934919743717,0.07174340285065539,31.15999984741211,False,True,True,2,defensive
2022-01-26,-0.2821268211135533,0.07174340285065539,31.959999084472656,False,True,True,2,defensive
2022-01-27,-0.269087427351082,0.07174340285065539,30.489999771118164,False,True,True,2,defensive
2022-01-28,-0.25657644537274843,0.07174340285065539,27.65999984741211,False,True,True,2,defensive
2022-01-31,-0.26973447822712066,0.07174340285065539,24.829999923706055,False,True,False,1,watch
2022-02-01,-0.25018195707680857,0.07558805726967832,21.959999084472656,False,True,False,1,watch
2022-02-02,-0.24450932489813104,0.07558805726967832,22.09000015258789,False,True,False,1,watch
2022-02-03,-0.21700532967938105,0.07558805726967832,24.350000381469727,False,True,False,1,watch
2022-02-04,-0.2661626590234435,0.07558805726967832,23.219999313354492,False,True,False,1,watch
2022-02-07,-0.26672013080152085,0.07558805726967832,22.860000610351562,False,True,False,1,watch
2022-02-08,-0.2731448058935307,0.07558805726967832,21.440000534057617,False,True,False,1,watch
2022-02-09,-0.28102198437661585,0.07558805726967832,19.959999084472656,False,True,False,1,watch
2022-02-10,-0.24514718479113282,0.07558805726967832,23.90999984741211,False,True,False,1,watch
2022-02-11,-0.2630043206217909,0.07558805726967832,27.360000610351562,False,True,True,2,defensive
2022-02-14,-0.25944214896549883,0.07558805726967832,28.329999923706055,False,True,True,2,defensive
2022-02-15,-0.2662948485908584,0.07558805726967832,25.700000762939453,False,True,True,2,defensive
2022-02-16,-0.2673199847789526,0.07558805726967832,24.290000915527344,False,True,False,1,watch
2022-02-17,-0.28041778602854034,0.07558805726967832,28.110000610351562,False,True,True,2,defensive
2022-02-18,-0.28561727289043326,0.07558805726967832,27.75,False,True,True,2,defensive
2022-02-22,-0.29294366874711536,0.07558805726967832,28.809999465942383,False,True,True,2,defensive
2022-02-23,-0.27310885161319715,0.07558805726967832,31.020000457763672,False,True,True,2,defensive
2022-02-24,-0.2646177390936908,0.07558805726967832,30.31999969482422,False,True,True,2,defensive
2022-02-25,-0.25747234990937223,0.07558805726967832,27.59000015258789,False,True,True,2,defensive
2022-02-28,-0.24827200048993217,0.07558805726967832,30.149999618530273,False,True,True,2,defensive
2022-03-01,-0.2592213437920758,0.07937278766517819,33.31999969482422,False,True,True,2,defensive
2022-03-02,-0.30000375907340876,0.07937278766517819,30.739999771118164,False,True,True,2,defensive
2022-03-03,-0.3037945776041724,0.07937278766517819,30.479999542236328,False,True,True,2,defensive
2022-03-04,-0.310863205878127,0.07937278766517819,31.979999542236328,False,True,True,2,defensive
2022-03-07,-0.28228554177065407,0.07937278766517819,36.45000076293945,False,True,True,2,defensive
2022-03-08,-0.27352909950998733,0.07937278766517819,35.130001068115234,False,True,True,2,defensive
2022-03-09,-0.28473724414383855,0.07937278766517819,32.45000076293945,False,True,True,2,defensive
2022-03-10,-0.2788784036703703,0.07937278766517819,30.229999542236328,False,True,True,2,defensive
2022-03-11,-0.2805780127747018,0.07937278766517819,30.75,False,True,True,2,defensive
2022-03-14,-0.264774083237111,0.07937278766517819,31.770000457763672,False,True,True,2,defensive
2022-03-15,-0.25681678792385976,0.07937278766517819,29.829999923706055,False,True,True,2,defensive
2022-03-16,-0.23722394562746782,0.07937278766517819,26.670000076293945,False,True,True,2,defensive
2022-03-17,-0.25035307394111844,0.07937278766517819,25.670000076293945,False,True,True,2,defensive
2022-03-18,-0.23472205060238835,0.07937278766517819,23.8700008392334,False,True,False,1,watch
2022-03-21,-0.22891248666311162,0.07937278766517819,23.530000686645508,False,True,False,1,watch
2022-03-22,-0.2510616142281094,0.07937278766517819,22.940000534057617,False,True,False,1,watch
2022-03-23,-0.2665939134123689,0.07937278766517819,23.56999969482422,False,True,False,1,watch
2022-03-24,-0.27050133262670933,0.07937278766517819,21.670000076293945,False,True,False,1,watch
2022-03-25,-0.27436703463468076,0.07937278766517819,20.809999465942383,False,True,False,1,watch
2022-03-28,-0.26708669239906474,0.07937278766517819,19.6299991607666,False,True,False,1,watch
2022-03-29,-0.25594077933054293,0.07937278766517819,18.899999618530273,False,True,False,1,watch
2022-03-30,-0.26052660802140953,0.07937278766517819,19.329999923706055,False,True,False,1,watch
2022-03-31,-0.2625209263688626,0.07937278766517819,20.559999465942383,False,True,False,1,watch
2022-04-01,-0.2644479794521736,0.08572204966013852,19.6299991607666,False,True,False,1,watch
2022-04-04,-0.26790895947637733,0.08572204966013852,18.56999969482422,False,True,False,1,watch
2022-04-05,-0.24833497766352253,0.08572204966013852,21.030000686645508,False,True,False,1,watch
2022-04-06,-0.20761393122217645,0.08572204966013852,22.100000381469727,False,True,False,1,watch
2022-04-07,-0.20476453453584956,0.08572204966013852,21.549999237060547,False,True,False,1,watch
2022-04-08,-0.18094879058661992,0.08572204966013852,21.15999984741211,False,True,False,1,watch
2022-04-11,-0.15297298626576847,0.08572204966013852,24.3700008392334,False,True,False,1,watch
2022-04-12,-0.15892730429967292,0.08572204966013852,24.260000228881836,False,True,False,1,watch
2022-04-13,-0.14597920771091893,0.08572204966013852,21.81999969482422,False,True,False,1,watch
2022-04-14,-0.11643572281525795,0.08572204966013852,22.700000762939453,False,True,False,1,watch
2022-04-18,-0.10887337385147211,0.08572204966013852,22.170000076293945,False,True,False,1,watch
2022-04-19,-0.11192450222441716,0.08572204966013852,21.3700008392334,False,True,False,1,watch
2022-04-20,-0.10648355070767876,0.08572204966013852,20.31999969482422,False,True,False,1,watch
2022-04-21,-0.09972232317644572,0.08572204966013852,22.68000030517578,False,True,False,1,watch
2022-04-22,-0.07938205394926409,0.08572204966013852,28.209999084472656,False,True,True,2,defensive
2022-04-25,-0.07243880481667854,0.08572204966013852,27.020000457763672,False,True,True,2,defensive
2022-04-26,-0.08779105008436186,0.08572204966013852,33.52000045776367,False,True,True,2,defensive
2022-04-27,-0.08923716249202192,0.08572204966013852,31.600000381469727,False,True,True,2,defensive
2022-04-28,-0.07070977653029403,0.08572204966013852,29.989999771118164,False,True,True,2,defensive
2022-04-29,-0.04368735993555312,0.08572204966013852,33.400001525878906,False,True,True,2,defensive
2022-05-02,-0.049451372477740986,0.08231750770777224,32.34000015258789,False,True,True,2,defensive
2022-05-03,-0.051451804151250384,0.08231750770777224,29.25,False,True,True,2,defensive
2022-05-04,-0.029121013507061807,0.08231750770777224,25.420000076293945,False,True,True,2,defensive
2022-05-05,0.024579415442427643,0.08231750770777224,31.200000762939453,False,True,True,2,defensive
2022-05-06,0.02806321960737274,0.08231750770777224,30.190000534057617,False,True,True,2,defensive
2022-05-09,0.006269655305093786,0.08231750770777224,34.75,False,True,True,2,defensive
2022-05-10,0.010058150863837597,0.08231750770777224,32.9900016784668,False,True,True,2,defensive
2022-05-11,-0.009283979108107611,0.08231750770777224,32.560001373291016,False,True,True,2,defensive
2022-05-12,0.0026454793458170543,0.08231750770777224,31.770000457763672,False,True,True,2,defensive
2022-05-13,-0.017841987495116157,0.08231750770777224,28.8700008392334,False,True,True,2,defensive
2022-05-16,-0.021755151181831318,0.08231750770777224,27.469999313354492,False,True,True,2,defensive
2022-05-17,-0.03521888920313082,0.08231750770777224,26.100000381469727,False,True,True,2,defensive
2022-05-18,-0.08823379584113039,0.08231750770777224,30.959999084472656,False,True,True,2,defensive
2022-05-19,-0.08948908745270977,0.08231750770777224,29.350000381469727,False,True,True,2,defensive
2022-05-20,-0.09319772548006831,0.08231750770777224,29.43000030517578,False,True,True,2,defensive
2022-05-23,-0.10843952232941133,0.08231750770777224,28.479999542236328,False,True,True,2,defensive
2022-05-24,-0.10710857573199557,0.08231750770777224,29.450000762939453,False,True,True,2,defensive
2022-05-25,-0.10229770893818207,0.08231750770777224,28.3700008392334,False,True,True,2,defensive
2022-05-26,-0.11754923654342173,0.08231750770777224,27.5,False,True,True,2,defensive
2022-05-27,-0.10558084407031171,0.08231750770777224,25.719999313354492,False,True,True,2,defensive
2022-05-31,-0.0945014016553867,0.08231750770777224,26.190000534057617,False,True,True,2,defensive
2022-06-01,-0.0808955685708036,0.08538171195642064,25.690000534057617,False,True,True,2,defensive
2022-06-02,-0.07571765570028748,0.08538171195642064,24.719999313354492,False,True,False,1,watch
2022-06-03,-0.07515337459977982,0.08538171195642064,24.790000915527344,False,True,False,1,watch
2022-06-06,-0.07907075152045939,0.08538171195642064,25.06999969482422,False,True,True,2,defensive
2022-06-07,-0.06687462815054603,0.08538171195642064,24.020000457763672,False,True,False,1,watch
2022-06-08,-0.0674911341644057,0.08538171195642064,23.959999084472656,False,True,False,1,watch
2022-06-09,-0.07150621960937355,0.08538171195642064,26.09000015258789,False,True,True,2,defensive
2022-06-10,-0.06375406464819551,0.08538171195642064,27.75,False,True,True,2,defensive
2022-06-13,-0.007879388514946054,0.08538171195642064,34.02000045776367,False,True,True,2,defensive
2022-06-14,-0.013300612678717225,0.08538171195642064,32.689998626708984,False,True,True,2,defensive
2022-06-15,0.009168706437071386,0.08538171195642064,29.6200008392334,False,True,True,2,defensive
2022-06-16,-0.007515635433448716,0.08538171195642064,32.95000076293945,False,True,True,2,defensive
2022-06-17,-0.003935126263105726,0.08538171195642064,31.1299991607666,False,True,True,2,defensive
2022-06-21,-0.027925194234946996,0.08538171195642064,30.190000534057617,False,True,True,2,defensive
2022-06-22,-0.038464859805268765,0.08538171195642064,28.950000762939453,False,True,True,2,defensive
2022-06-23,-0.01749923389071814,0.08538171195642064,29.049999237060547,False,True,True,2,defensive
2022-06-24,-0.0376860526146061,0.08538171195642064,27.229999542236328,False,True,True,2,defensive
2022-06-27,-0.028942547963387567,0.08538171195642064,26.950000762939453,False,True,True,2,defensive
2022-06-28,-0.03603800562338959,0.08538171195642064,28.360000610351562,False,True,True,2,defensive
2022-06-29,-0.026212374974802593,0.08538171195642064,28.15999984741211,False,True,True,2,defensive
2022-06-30,-0.026666352382988253,0.08538171195642064,28.709999084472656,False,True,True,2,defensive
2022-07-01,-0.017327552992509467,0.08979361103105798,26.700000762939453,False,True,True,2,defensive
2022-07-05,-0.026199963035398666,0.08979361103105798,27.540000915527344,False,True,True,2,defensive
2022-07-06,-0.03125072917000529,0.08979361103105798,26.729999542236328,False,True,True,2,defensive
2022-07-07,-0.03993550374828527,0.08979361103105798,26.079999923706055,False,True,True,2,defensive
2022-07-08,-0.03888781871647431,0.08979361103105798,24.639999389648438,False,True,False,1,watch
2022-07-11,-0.03905357927555216,0.08979361103105798,26.170000076293945,False,True,True,2,defensive
2022-07-12,-0.010563798220318912,0.08979361103105798,27.290000915527344,False,True,True,2,defensive
2022-07-13,-0.010987103191291103,0.08979361103105798,26.81999969482422,False,True,True,2,defensive
2022-07-14,-0.003792723474952776,0.08979361103105798,26.399999618530273,False,True,True,2,defensive
2022-07-15,-0.004391475971847674,0.08979361103105798,24.229999542236328,False,True,False,1,watch
2022-07-18,-0.003947473357781027,0.08979361103105798,25.299999237060547,False,True,True,2,defensive
2022-07-19,0.002525682357081954,0.08979361103105798,24.5,False,True,False,1,watch
2022-07-20,0.0015619841066111474,0.08979361103105798,23.8799991607666,False,True,False,1,watch
2022-07-21,0.015450114980802895,0.08979361103105798,23.110000610351562,False,True,False,1,watch
2022-07-22,-0.00132753681580711,0.08979361103105798,23.030000686645508,False,True,False,1,watch
2022-07-25,-0.001312730612492892,0.08979361103105798,23.360000610351562,False,True,False,1,watch
2022-07-26,-0.01628224792874135,0.08979361103105798,24.690000534057617,False,True,False,1,watch
2022-07-27,-0.017996881188884463,0.08979361103105798,23.239999771118164,False,True,False,1,watch
2022-07-28,-0.019972215303029384,0.08979361103105798,22.329999923706055,False,True,False,1,watch
2022-07-29,-0.02103024619345294,0.08979361103105798,21.329999923706055,False,True,False,1,watch
2022-08-01,-0.01563268814266359,0.08462576727730098,22.84000015258789,False,True,False,1,watch
2022-08-02,0.0057277215735713136,0.08462576727730098,23.93000030517578,False,True,False,1,watch
2022-08-03,0.026384273222952087,0.08462576727730098,21.950000762939453,False,True,False,1,watch
2022-08-04,0.030613548357066665,0.08462576727730098,21.440000534057617,False,True,False,1,watch
2022-08-05,0.027196888118988145,0.08462576727730098,21.149999618530273,False,True,False,1,watch
2022-08-08,0.020837532386573487,0.08462576727730098,21.290000915527344,False,True,False,1,watch
2022-08-09,0.023770356940324738,0.08462576727730098,21.770000457763672,False,True,False,1,watch
2022-08-10,0.02005590183761389,0.08462576727730098,19.739999771118164,False,True,False,1,watch
2022-08-11,0.018081004884493494,0.08462576727730098,20.200000762939453,False,True,False,1,watch
2022-08-12,0.031117044116154676,0.08462576727730098,19.530000686645508,False,True,False,1,watch
2022-08-15,0.017918194520896696,0.08462576727730098,19.950000762939453,False,True,False,1,watch
2022-08-16,0.014906868587897323,0.08462576727730098,19.690000534057617,False,True,False,1,watch
2022-08-17,0.020192461018082655,0.08462576727730098,19.899999618530273,False,True,False,1,watch
2022-08-18,0.019424211031725,0.08462576727730098,19.559999465942383,False,True,False,1,watch
2022-08-19,0.016726084938603794,0.08462576727730098,20.600000381469727,False,True,False,1,watch
2022-08-22,0.019251128459004417,0.08462576727730098,23.799999237060547,False,True,False,1,watch
2022-08-23,0.017925481477367895,0.08462576727730098,24.110000610351562,False,True,False,1,watch
2022-08-24,0.004557098931043573,0.08462576727730098,22.81999969482422,False,True,False,1,watch
2022-08-25,0.015921368322887392,0.08462576727730098,21.780000686645508,False,True,False,1,watch
2022-08-26,0.007885182861191628,0.08462576727730098,25.559999465942383,False,True,True,2,defensive
2022-08-29,0.010172416130257142,0.08462576727730098,26.209999084472656,False,True,True,2,defensive
2022-08-30,0.0034890380785839573,0.08462576727730098,26.209999084472656,False,True,True,2,defensive
2022-08-31,-0.0013318262697579882,0.08462576727730098,25.8700008392334,False,True,True,2,defensive
2022-09-01,-0.008599235928585249,0.08222579178218825,25.559999465942383,False,True,True,2,defensive
2022-09-02,0.004660253395395364,0.08222579178218825,25.469999313354492,False,True,True,2,defensive
2022-09-06,0.010827079477784912,0.08222579178218825,26.90999984741211,False,True,True,2,defensive
2022-09-07,0.024008422314361136,0.08222579178218825,24.639999389648438,False,True,False,1,watch
2022-09-08,-0.003017403381486546,0.08222579178218825,23.610000610351562,False,True,False,1,watch
2022-09-09,0.005172909703760488,0.08222579178218825,22.790000915527344,False,True,False,1,watch
2022-09-12,-0.001149421485988015,0.08222579178218825,23.8700008392334,False,True,False,1,watch
2022-09-13,-0.019316842792326504,0.08222579178218825,27.270000457763672,False,True,True,2,defensive
2022-09-14,-0.07235873074907863,0.08222579178218825,26.15999984741211,False,True,True,2,defensive
2022-09-15,-0.07719535251992007,0.08222579178218825,26.270000457763672,False,True,True,2,defensive
2022-09-16,-0.05832444036332271,0.08222579178218825,26.299999237060547,False,True,True,2,defensive
2022-09-19,-0.05843834151796938,0.08222579178218825,25.760000228881836,False,True,True,2,defensive
2022-09-20,-0.03414799136509738,0.08222579178218825,27.15999984741211,False,True,True,2,defensive
2022-09-21,-0.05143548109532966,0.08222579178218825,27.989999771118164,False,True,True,2,defensive
2022-09-22,-0.020047675146457798,0.08222579178218825,27.350000381469727,False,True,True,2,defensive
2022-09-23,-0.02457674548597495,0.08222579178218825,29.920000076293945,False,True,True,2,defensive
2022-09-26,-0.0011789213877062118,0.08222579178218825,32.2599983215332,False,True,True,2,defensive
2022-09-27,0.0547051169366535,0.08222579178218825,32.599998474121094,False,True,True,2,defensive
2022-09-28,0.09332803707208517,0.08222579178218825,30.18000030517578,False,True,True,2,defensive
2022-09-29,0.09673088326859028,0.08222579178218825,31.84000015258789,False,True,True,2,defensive
2022-09-30,0.12411748848153799,0.08222579178218825,31.6200008392334,False,True,True,2,defensive
2022-10-03,0.15711809976659843,0.08192106896425821,30.100000381469727,False,True,True,2,defensive
2022-10-04,0.14865602663312752,0.08192106896425821,29.06999969482422,False,True,True,2,defensive
2022-10-05,0.1542377609052826,0.08192106896425821,28.549999237060547,False,True,True,2,defensive
2022-10-06,0.15287227765169514,0.08192106896425821,30.520000457763672,False,True,True,2,defensive
2022-10-07,0.1593615294515609,0.08192106896425821,31.360000610351562,False,True,True,2,defensive
2022-10-10,0.1635045730345804,0.08192106896425821,32.45000076293945,False,True,True,2,defensive
2022-10-11,0.1608414935530712,0.08192106896425821,33.630001068115234,False,True,True,2,defensive
2022-10-12,0.16024289954496349,0.08192106896425821,33.56999969482422,False,True,True,2,defensive
2022-10-13,0.1500283721266562,0.08192106896425821,31.940000534057617,False,True,True,2,defensive
2022-10-14,0.1500920908733725,0.08192106896425821,32.02000045776367,False,True,True,2,defensive
2022-10-17,0.1393246701993809,0.08192106896425821,31.3700008392334,False,True,True,2,defensive
2022-10-18,0.14937204761655465,0.08192106896425821,30.5,False,True,True,2,defensive
2022-10-19,0.14950147493339253,0.08192106896425821,30.760000228881836,False,True,True,2,defensive
2022-10-20,0.09894512487989329,0.08192106896425821,29.979999542236328,False,True,True,2,defensive
2022-10-21,0.0718597286189574,0.08192106896425821,29.690000534057617,False,True,True,2,defensive
2022-10-24,0.051422458549784014,0.08192106896425821,29.850000381469727,False,True,True,2,defensive
2022-10-25,0.0979437438656208,0.08192106896425821,28.459999084472656,False,True,True,2,defensive
2022-10-26,0.0890379106110435,0.08192106896425821,27.280000686645508,False,True,True,2,defensive
2022-10-27,0.10939519624671445,0.08192106896425821,27.389999389648438,False,True,True,2,defensive
2022-10-28,0.10704828292325229,0.08192106896425821,25.75,False,True,True,2,defensive
2022-10-31,0.104396872505553,0.08192106896425821,25.8799991607666,False,True,True,2,defensive
2022-11-01,0.12795043836865533,0.07758813957693,25.809999465942383,False,True,True,2,defensive
2022-11-02,0.128855778459009,0.07758813957693,25.860000610351562,False,True,True,2,defensive
2022-11-03,0.1400382316470172,0.07758813957693,25.299999237060547,False,True,True,2,defensive
2022-11-04,0.12715394511061004,0.07758813957693,24.549999237060547,False,True,False,1,watch
2022-11-07,0.12817364624035774,0.07758813957693,24.350000381469727,False,True,False,1,watch
2022-11-08,0.12465953845990727,0.07758813957693,25.540000915527344,False,True,True,2,defensive
2022-11-09,0.11569693952817034,0.07758813957693,26.09000015258789,False,True,True,2,defensive
2022-11-10,0.22403119456239148,0.07758813957693,23.530000686645508,True,True,False,2,defensive
2022-11-11,0.22966239482505407,0.07758813957693,22.520000457763672,True,True,False,2,defensive
2022-11-14,0.2298014754167305,0.07758813957693,23.729999542236328,True,True,False,2,defensive
2022-11-15,0.2502082041763728,0.07758813957693,24.540000915527344,True,True,False,2,defensive
2022-11-16,0.2399346847881224,0.07758813957693,24.110000610351562,True,True,False,2,defensive
2022-11-17,0.24648115857100253,0.07758813957693,23.93000030517578,True,True,False,2,defensive
2022-11-18,0.2443353246307332,0.07758813957693,23.1200008392334,True,True,False,2,defensive
2022-11-21,0.2378953460686401,0.07758813957693,22.360000610351562,True,True,False,2,defensive
2022-11-22,0.24267558117600682,0.07758813957693,21.290000915527344,True,True,False,2,defensive
2022-11-23,0.2558780966788762,0.07758813957693,20.350000381469727,True,True,False,2,defensive
2022-11-25,0.2550688143471081,0.07758813957693,20.5,True,True,False,2,defensive
2022-11-28,0.24328867787545577,0.07758813957693,22.209999084472656,True,True,False,2,defensive
2022-11-29,0.25590770058534695,0.07758813957693,21.889999389648438,True,True,False,2,defensive
2022-11-30,0.2652441739431545,0.07758813957693,20.579999923706055,True,True,False,2,defensive
2022-12-01,0.2562915491177675,0.07122856456533988,19.84000015258789,True,True,False,2,defensive
2022-12-02,0.2641441435734535,0.07122856456533988,19.059999465942383,True,True,False,2,defensive
2022-12-05,0.26906868264834843,0.07122856456533988,20.75,True,True,False,2,defensive
2022-12-06,0.2588779768643485,0.07122856456533988,22.170000076293945,True,True,False,2,defensive
2022-12-07,0.26077137890865604,0.07122856456533988,22.68000030517578,True,True,False,2,defensive
2022-12-08,0.2561419566726324,0.07122856456533988,22.290000915527344,True,True,False,2,defensive
2022-12-09,0.25023944903915407,0.07122856456533988,22.829999923706055,True,True,False,2,defensive
2022-12-12,0.25213549864249046,0.07122856456533988,25.0,True,True,False,2,defensive
2022-12-13,0.25742092042982945,0.07122856456533988,22.549999237060547,True,True,False,2,defensive
2022-12-14,0.2584601313646752,0.07122856456533988,21.139999389648438,True,True,False,2,defensive
2022-12-15,0.24857061575047276,0.07122856456533988,22.829999923706055,True,True,False,2,defensive
2022-12-16,0.2626265527708724,0.07122856456533988,22.6200008392334,True,True,False,2,defensive
2022-12-19,0.2718044336080828,0.07122856456533988,22.420000076293945,True,True,False,2,defensive
2022-12-20,0.2598524612565663,0.07122856456533988,21.479999542236328,True,True,False,2,defensive
2022-12-21,0.26131342906224253,0.07122856456533988,20.06999969482422,True,True,False,2,defensive
2022-12-22,0.25916894428548615,0.07122856456533988,21.969999313354492,True,True,False,2,defensive
2022-12-23,0.2505183569350721,0.07122856456533988,20.8700008392334,True,True,False,2,defensive
2022-12-27,0.2502962721624749,0.07122856456533988,21.649999618530273,True,True,False,2,defensive
2022-12-28,0.24508496894603027,0.07122856456533988,22.139999389648438,True,True,False,2,defensive
2022-12-29,0.25409040706033803,0.07122856456533988,21.440000534057617,True,True,False,2,defensive
2022-12-30,0.2541071074907154,0.07122856456533988,21.670000076293945,True,True,False,2,defensive
2023-01-03,0.2490584000171827,0.06404600402357152,22.899999618530273,True,True,False,2,defensive
2023-01-04,0.24499613657722072,0.06404600402357152,22.010000228881836,True,True,False,2,defensive
2023-01-05,0.2628312704913943,0.06404600402357152,22.459999084472656,True,True,False,2,defensive
2023-01-06,0.2779611676586594,0.06404600402357152,21.1299991607666,True,True,False,2,defensive
2023-01-09,0.28008356911516674,0.06404600402357152,21.969999313354492,True,True,False,2,defensive
2023-01-10,0.26942721412015774,0.06404600402357152,20.579999923706055,True,True,False,2,defensive
2023-01-11,0.2823135782293344,0.06404600402357152,21.09000015258789,True,True,False,2,defensive
2023-01-12,0.28677081501919627,0.06404600402357152,18.829999923706055,True,True,False,2,defensive
2023-01-13,0.2840498752849462,0.06404600402357152,18.350000381469727,True,True,False,2,defensive
2023-01-17,0.2739153447716629,0.06404600402357152,19.360000610351562,True,True,False,2,defensive
2023-01-18,0.25251730693126984,0.06404600402357152,20.34000015258789,True,True,False,2,defensive
2023-01-19,0.2541729070788989,0.06404600402357152,20.520000457763672,True,True,False,2,defensive
2023-01-20,0.2402876477982014,0.06404600402357152,19.850000381469727,True,True,False,2,defensive
2023-01-23,0.25306071397398716,0.06404600402357152,19.809999465942383,True,True,False,2,defensive
2023-01-24,0.2500438940559168,0.06404600402357152,19.200000762939453,True,True,False,2,defensive
2023-01-25,0.250404702663501,0.06404600402357152,19.079999923706055,True,True,False,2,defensive
2023-01-26,0.24407289478925567,0.06404600402357152,18.729999542236328,True,True,False,2,defensive
2023-01-27,0.2433018027021902,0.06404600402357152,18.510000228881836,True,True,False,2,defensive
2023-01-30,0.2398564905013219,0.06404600402357152,19.940000534057617,True,True,False,2,defensive
2023-01-31,0.2643833462406961,0.06404600402357152,19.399999618530273,True,True,False,2,defensive
2023-02-01,0.2610793303640244,0.06327178517960097,17.8700008392334,True,True,False,2,defensive
2023-02-02,0.2663462632405065,0.06327178517960097,18.729999542236328,True,True,False,2,defensive
2023-02-03,0.2653630219025534,0.06327178517960097,18.329999923706055,True,True,False,2,defensive
2023-02-06,0.26764424651681074,0.06327178517960097,19.43000030517578,True,True,False,2,defensive
2023-02-07,0.23682595650199936,0.06327178517960097,18.65999984741211,True,True,False,2,defensive
2023-02-08,0.22858339578497827,0.06327178517960097,19.6299991607666,True,True,False,2,defensive
2023-02-09,0.2228476904350918,0.06327178517960097,20.709999084472656,True,True,False,2,defensive
2023-02-10,0.20333465517108434,0.06327178517960097,20.530000686645508,True,True,False,2,defensive
2023-02-13,0.21837880620174022,0.06327178517960097,20.34000015258789,True,True,False,2,defensive
2023-02-14,0.21722363787467863,0.06327178517960097,18.90999984741211,True,True,False,2,defensive
2023-02-15,0.21218563845621435,0.06327178517960097,18.229999542236328,True,True,False,2,defensive
2023-02-16,0.2108171816725573,0.06327178517960097,20.170000076293945,True,True,False,2,defensive
2023-02-17,0.20149890069995352,0.06327178517960097,20.020000457763672,True,True,False,2,defensive
2023-02-21,0.2250855811481933,0.06327178517960097,22.8700008392334,True,True,False,2,defensive
2023-02-22,0.22459234196974504,0.06327178517960097,22.290000915527344,True,True,False,2,defensive
2023-02-23,0.2472403618688379,0.06327178517960097,21.139999389648438,True,True,False,2,defensive
2023-02-24,0.24667277430148077,0.06327178517960097,21.670000076293945,True,True,False,2,defensive
2023-02-27,0.2606899695492744,0.06327178517960097,20.950000762939453,True,True,False,2,defensive
2023-02-28,0.2589446923528889,0.06327178517960097,20.700000762939453,True,True,False,2,defensive
2023-03-01,0.25481937618632,0.05957820738137087,20.579999923706055,True,True,False,2,defensive
2023-03-02,0.24161316767789473,0.05957820738137087,19.59000015258789,True,True,False,2,defensive
2023-03-03,0.29579849760236154,0.05957820738137087,18.489999771118164,True,True,False,2,defensive
2023-03-06,0.30456660552685366,0.05957820738137087,18.610000610351562,True,True,False,2,defensive
2023-03-07,0.2770167306106797,0.05957820738137087,19.59000015258789,True,True,False,2,defensive
2023-03-08,0.28700098857581613,0.05957820738137087,19.110000610351562,True,True,False,2,defensive
2023-03-09,0.2864089731867203,0.05957820738137087,22.610000610351562,True,True,False,2,defensive
2023-03-10,0.2588972488532856,0.05957820738137087,24.799999237060547,True,True,False,2,defensive
2023-03-13,0.25570836804392555,0.05957820738137087,26.520000457763672,True,True,True,3,defensive
2023-03-14,0.2349812200460221,0.05957820738137087,23.729999542236328,True,True,False,2,defensive
2023-03-15,0.22018927297612972,0.05957820738137087,26.139999389648438,True,True,True,3,defensive
2023-03-16,0.20353140544641854,0.05957820738137087,22.989999771118164,True,True,False,2,defensive
2023-03-17,0.210148546075443,0.05957820738137087,25.510000228881836,True,True,True,3,defensive
2023-03-20,0.21099314593219556,0.05957820738137087,24.149999618530273,True,True,False,2,defensive
2023-03-21,0.19842212152059677,0.05957820738137087,21.3799991607666,False,True,False,1,watch
2023-03-22,0.18705235467274384,0.05957820738137087,22.260000228881836,False,True,False,1,watch
2023-03-23,0.06009070502995793,0.05957820738137087,22.610000610351562,False,True,False,1,watch
2023-03-24,0.06547920239504569,0.05957820738137087,21.739999771118164,False,True,False,1,watch
2023-03-27,0.05872888150549775,0.05957820738137087,20.600000381469727,False,True,False,1,watch
2023-03-28,0.04904745344249892,0.05957820738137087,19.969999313354492,False,True,False,1,watch
2023-03-29,0.059644840252321876,0.05957820738137087,19.1200008392334,False,True,False,1,watch
2023-03-30,0.05853048085405226,0.05957820738137087,19.020000457763672,False,True,False,1,watch
2023-03-31,0.07545630194207618,0.05957820738137087,18.700000762939453,False,True,False,1,watch
2023-04-03,0.07752687746888062,0.04917719362889961,18.549999237060547,False,True,False,1,watch
2023-04-04,0.06271492267879954,0.04917719362889961,19.0,False,True,False,1,watch
2023-04-05,0.05294085456222606,0.04917719362889961,19.079999923706055,False,True,False,1,watch
2023-04-06,0.05327617025216704,0.04917719362889961,18.399999618530273,False,True,False,1,watch
2023-04-10,0.05540376996875783,0.04917719362889961,18.969999313354492,False,True,False,1,watch
2023-04-11,0.05341566835768328,0.04917719362889961,19.100000381469727,False,True,False,1,watch
2023-04-12,0.039119005971501745,0.04917719362889961,19.09000015258789,False,True,False,1,watch
2023-04-13,0.03336209244306144,0.04917719362889961,17.799999237060547,False,True,False,1,watch
2023-04-14,0.03724380562953482,0.04917719362889961,17.06999969482422,False,True,False,1,watch
2023-04-17,0.011733512471098368,0.04917719362889961,16.950000762939453,False,True,False,1,watch
2023-04-18,0.02953710141551327,0.04917719362889961,16.829999923706055,False,True,False,1,watch
2023-04-19,0.0355858443436995,0.04917719362889961,16.459999084472656,False,True,False,1,watch
2023-04-20,0.03212130800672817,0.04917719362889961,17.170000076293945,False,True,False,1,watch
2023-04-21,0.013110214345581375,0.04917719362889961,16.770000457763672,False,True,False,1,watch
2023-04-24,0.009398200140608588,0.04917719362889961,16.889999389648438,False,True,False,1,watch
2023-04-25,-0.019629236636953897,0.04917719362889961,18.760000228881836,False,True,False,1,watch
2023-04-26,-0.012400816597029938,0.04917719362889961,18.84000015258789,False,True,False,1,watch
2023-04-27,-0.020923732057559225,0.04917719362889961,17.030000686645508,False,True,False,1,watch
2023-04-28,-0.02254657651505006,0.04917719362889961,15.779999732971191,False,True,False,1,watch
2023-05-01,-0.03158801386303217,0.049500798791243694,16.079999923706055,False,True,False,1,watch
2023-05-02,-0.058118147847032085,0.049500798791243694,17.780000686645508,False,True,False,1,watch
2023-05-03,-0.06486097436964151,0.049500798791243694,18.34000015258789,False,True,False,1,watch
2023-05-04,-0.05858817330481255,0.049500798791243694,20.09000015258789,False,True,False,1,watch
2023-05-05,-0.057392559671114125,0.049500798791243694,17.190000534057617,False,True,False,1,watch
2023-05-08,-0.06618742390717554,0.049500798791243694,16.979999542236328,False,True,False,1,watch
2023-05-09,-0.07283657032153552,0.049500798791243694,17.709999084472656,False,True,False,1,watch
2023-05-10,-0.0883641906962795,0.049500798791243694,16.940000534057617,False,True,False,1,watch
2023-05-11,-0.0950389466659287,0.049500798791243694,16.93000030517578,False,True,False,1,watch
2023-05-12,-0.08502157580804903,0.049500798791243694,17.030000686645508,False,True,False,1,watch
2023-05-15,-0.09683784555359796,0.049500798791243694,17.1200008392334,False,True,False,1,watch
2023-05-16,-0.09022303183862064,0.049500798791243694,17.989999771118164,False,True,False,1,watch
2023-05-17,-0.13767200386523024,0.049500798791243694,16.8700008392334,False,True,False,1,watch
2023-05-18,-0.14246280106603573,0.049500798791243694,16.049999237060547,False,True,False,1,watch
2023-05-19,-0.13224865089211243,0.049500798791243694,16.809999465942383,False,True,False,1,watch
2023-05-22,-0.15501786220332325,0.049500798791243694,17.209999084472656,False,True,False,1,watch
2023-05-23,-0.16683381569620098,0.049500798791243694,18.530000686645508,False,True,False,1,watch
2023-05-24,-0.16005412460371646,0.049500798791243694,20.030000686645508,False,True,False,1,watch
2023-05-25,-0.1628462695759666,0.049500798791243694,19.139999389648438,False,True,False,1,watch
2023-05-26,-0.11283609064526366,0.049500798791243694,17.950000762939453,False,True,False,1,watch
2023-05-30,-0.11854388824585159,0.049500798791243694,17.459999084472656,False,True,False,1,watch
2023-05-31,-0.09668255111409578,0.049500798791243694,17.940000534057617,False,True,False,1,watch
2023-06-01,-0.08730380199936208,0.04131851231385042,15.649999618530273,False,True,False,1,watch
2023-06-02,-0.0999666424218609,0.04131851231385042,14.600000381469727,False,True,False,1,watch
2023-06-05,-0.0993645033538864,0.04131851231385042,14.729999542236328,False,True,False,1,watch
2023-06-06,-0.0940650930575944,0.04131851231385042,13.960000038146973,False,True,False,1,watch
2023-06-07,-0.08613443573223657,0.04131851231385042,13.9399995803833,False,True,False,1,watch
2023-06-08,-0.08426659168581276,0.04131851231385042,13.649999618530273,False,True,False,1,watch
2023-06-09,-0.09864108341246638,0.04131851231385042,13.829999923706055,False,True,False,1,watch
2023-06-12,-0.11022720075390112,0.04131851231385042,15.010000228881836,False,True,False,1,watch
2023-06-13,-0.12015878851716705,0.04131851231385042,14.609999656677246,False,True,False,1,watch
2023-06-14,-0.14036401837739748,0.04131851231385042,13.880000114440918,False,True,False,1,watch
2023-06-15,-0.1319304478899147,0.04131851231385042,14.5,False,True,False,1,watch
2023-06-16,-0.12042662968049535,0.04131851231385042,13.539999961853027,False,True,False,1,watch
2023-06-20,-0.1194249205715184,0.04131851231385042,13.880000114440918,False,True,False,1,watch
2023-06-21,-0.13261128631407684,0.04131851231385042,13.199999809265137,False,True,False,1,watch
2023-06-22,-0.1343920559913669,0.04131851231385042,12.90999984741211,False,True,False,1,watch
2023-06-23,-0.15512409197421514,0.04131851231385042,13.4399995803833,False,True,False,1,watch
2023-06-26,-0.15576698591170046,0.04131851231385042,14.25,False,True,False,1,watch
2023-06-27,-0.1557120372685547,0.04131851231385042,13.739999771118164,False,True,False,1,watch
2023-06-28,-0.18488963136925426,0.04131851231385042,13.430000305175781,False,True,False,1,watch
2023-06-29,-0.18603444482485665,0.04131851231385042,13.539999961853027,False,True,False,1,watch
2023-06-30,-0.2292042756703387,0.04131851231385042,13.59000015258789,False,True,False,1,watch
2023-07-03,-0.2267799891314616,0.03070617072997095,13.569999694824219,False,True,False,1,watch
2023-07-05,-0.22839421190008674,0.03070617072997095,14.180000305175781,False,True,False,1,watch
2023-07-06,-0.23243698132770751,0.03070617072997095,15.4399995803833,False,True,False,1,watch
2023-07-07,-0.22988851935807092,0.03070617072997095,14.829999923706055,False,True,False,1,watch
2023-07-10,-0.22749249399537233,0.03070617072997095,15.069999694824219,False,True,False,1,watch
2023-07-11,-0.23219208117932175,0.03070617072997095,14.84000015258789,False,True,False,1,watch
2023-07-12,-0.21554543351860783,0.03070617072997095,13.539999961853027,False,True,False,1,watch
2023-07-13,-0.2602435532091872,0.03070617072997095,13.609999656677246,False,True,False,1,watch
2023-07-14,-0.25963853969687456,0.03070617072997095,13.34000015258789,False,True,False,1,watch
2023-07-17,-0.25285274989871886,0.03070617072997095,13.479999542236328,False,True,False,1,watch
2023-07-18,-0.24848051611695632,0.03070617072997095,13.300000190734863,False,True,False,1,watch
2023-07-19,-0.24895170498494837,0.03070617072997095,13.760000228881836,False,True,False,1,watch
2023-07-20,-0.17141737972798762,0.03070617072997095,13.989999771118164,False,True,False,1,watch
2023-07-21,-0.1705273298356693,0.03070617072997095,13.600000381469727,False,True,False,1,watch
2023-07-24,-0.141897484839064,0.03070617072997095,13.90999984741211,False,True,False,1,watch
2023-07-25,-0.12184120653693385,0.03070617072997095,13.859999656677246,False,True,False,1,watch
2023-07-26,-0.10677650890418997,0.03070617072997095,13.1899995803833,False,True,False,1,watch
2023-07-27,-0.048737731857732135,0.03070617072997095,14.40999984741211,False,True,False,1,watch
2023-07-28,-0.03101666816245998,0.03070617072997095,13.329999923706055,False,True,False,1,watch
2023-07-31,-0.016177114607854277,0.03070617072997095,13.630000114440918,False,True,False,1,watch
2023-08-01,0.03930170042521461,0.03287749268428297,13.930000305175781,False,True,False,1,watch
2023-08-02,0.06315204762527231,0.03287749268428297,16.09000015258789,False,True,False,1,watch
2023-08-03,0.07275564765222584,0.03287749268428297,15.920000076293945,False,True,False,1,watch
2023-08-04,0.05701546031701257,0.03287749268428297,17.100000381469727,False,True,False,1,watch
2023-08-07,0.04751366012587173,0.03287749268428297,15.770000457763672,False,True,False,1,watch
2023-08-08,0.03918498344341448,0.03287749268428297,15.989999771118164,False,True,False,1,watch
2023-08-09,0.027815121711174277,0.03287749268428297,15.960000038146973,False,True,False,1,watch
2023-08-10,-0.003073404168062333,0.03287749268428297,15.850000381469727,False,True,False,1,watch
2023-08-11,-0.005382265226683486,0.03287749268428297,14.84000015258789,False,True,False,1,watch
2023-08-14,0.0003171950526744058,0.03287749268428297,14.819999694824219,False,True,False,1,watch
2023-08-15,0.017170798170982556,0.03287749268428297,16.459999084472656,False,True,False,1,watch
2023-08-16,0.02365441014930344,0.03287749268428297,16.780000686645508,False,True,False,1,watch
2023-08-17,0.028164270546115047,0.03287749268428297,17.889999389648438,False,True,False,1,watch
2023-08-18,0.02819207762142196,0.03287749268428297,17.299999237060547,False,True,False,1,watch
2023-08-21,0.01738087433350464,0.03287749268428297,17.1299991607666,False,True,False,1,watch
2023-08-22,0.02563196779735498,0.03287749268428297,16.969999313354492,False,True,False,1,watch
2023-08-23,0.06184264650122351,0.03287749268428297,15.979999542236328,False,True,False,1,watch
2023-08-24,0.07823473997906223,0.03287749268428297,17.200000762939453,False,True,False,1,watch
2023-08-25,0.08187738566450138,0.03287749268428297,15.680000305175781,False,True,False,1,watch
2023-08-28,0.08315316469318,0.03287749268428297,15.079999923706055,False,True,False,1,watch
2023-08-29,0.11304152000682419,0.03287749268428297,14.449999809265137,False,True,False,1,watch
2023-08-30,0.11275642465123883,0.03287749268428297,13.880000114440918,False,True,False,1,watch
2023-08-31,0.11124176399512818,0.03287749268428297,13.569999694824219,False,True,False,1,watch
2023-09-01,0.1541687184771984,0.03722504803505289,13.09000015258789,False,True,False,1,watch
2023-09-05,0.15650615716672384,0.03722504803505289,14.010000228881836,False,True,False,1,watch
2023-09-06,0.18417784514144028,0.03722504803505289,14.449999809265137,False,True,False,1,watch
2023-09-07,0.1641719354692584,0.03722504803505289,14.399999618530273,False,True,False,1,watch
2023-09-08,0.16358876940441303,0.03722504803505289,13.84000015258789,False,True,False,1,watch
2023-09-11,0.22291529411700273,0.03722504803505289,13.800000190734863,True,True,False,2,defensive
2023-09-12,0.22486415060548773,0.03722504803505289,14.229999542236328,True,True,False,2,defensive
2023-09-13,0.21484709063757715,0.03722504803505289,13.479999542236328,True,True,False,2,defensive
2023-09-14,0.21977635530298273,0.03722504803505289,12.819999694824219,True,True,False,2,defensive
2023-09-15,0.2276341703028012,0.03722504803505289,13.789999961853027,True,True,False,2,defensive
2023-09-18,0.22486200415443885,0.03722504803505289,14.0,True,True,False,2,defensive
2023-09-19,0.22221532223467544,0.03722504803505289,14.109999656677246,True,True,False,2,defensive
2023-09-20,0.21914252577922025,0.03722504803505289,15.140000343322754,True,True,False,2,defensive
2023-09-21,0.27409995045359353,0.03722504803505289,17.540000915527344,True,True,False,2,defensive
2023-09-22,0.27391283709191283,0.03722504803505289,17.200000762939453,True,True,False,2,defensive
2023-09-25,0.2499014585550264,0.03722504803505289,16.899999618530273,True,True,False,2,defensive
2023-09-26,0.25517821668358864,0.03722504803505289,18.940000534057617,True,True,False,2,defensive
2023-09-27,0.26734039967384154,0.03722504803505289,18.219999313354492,True,True,False,2,defensive
2023-09-28,0.26905950928367445,0.03722504803505289,17.34000015258789,True,True,False,2,defensive
2023-09-29,0.2682614808763685,0.03722504803505289,17.520000457763672,True,True,False,2,defensive
2023-10-02,0.2791527774434349,0.03687206638119256,17.610000610351562,True,True,False,2,defensive
2023-10-03,0.30901069813223875,0.03687206638119256,19.780000686645508,True,True,False,2,defensive
2023-10-04,0.323986762773123,0.03687206638119256,18.579999923706055,True,True,False,2,defensive
2023-10-05,0.31210179079890393,0.03687206638119256,18.489999771118164,True,True,False,2,defensive
2023-10-06,0.2882147893980623,0.03687206638119256,17.450000762939453,True,True,False,2,defensive
2023-10-09,0.3134186871311101,0.03687206638119256,17.700000762939453,True,True,False,2,defensive
2023-10-10,0.308322082189945,0.03687206638119256,17.030000686645508,True,True,False,2,defensive
2023-10-11,0.34244589455612506,0.03687206638119256,16.09000015258789,True,True,False,2,defensive
2023-10-12,0.354876532241964,0.03687206638119256,16.690000534057617,True,True,False,2,defensive
2023-10-13,0.33117399483137255,0.03687206638119256,19.31999969482422,True,True,False,2,defensive
2023-10-16,0.2977905427164259,0.03687206638119256,17.209999084472656,True,True,False,2,defensive
2023-10-17,0.2893186868784159,0.03687206638119256,17.8799991607666,True,True,False,2,defensive
2023-10-18,0.29622024971223593,0.03687206638119256,19.219999313354492,True,True,False,2,defensive
2023-10-19,0.30894350450499497,0.03687206638119256,21.399999618530273,True,True,False,2,defensive
2023-10-20,0.29972995200049163,0.03687206638119256,21.709999084472656,True,True,False,2,defensive
2023-10-23,0.2935411448931763,0.03687206638119256,20.3700008392334,True,True,False,2,defensive
2023-10-24,0.29167920379739576,0.03687206638119256,18.969999313354492,True,True,False,2,defensive
2023-10-25,0.31847377748781236,0.03687206638119256,20.190000534057617,True,True,False,2,defensive
2023-10-26,0.29077535939180926,0.03687206638119256,20.68000030517578,True,True,False,2,defensive
2023-10-27,0.2950030972116034,0.03687206638119256,21.270000457763672,True,True,False,2,defensive
2023-10-30,0.2933059806040146,0.03687206638119256,19.75,True,True,False,2,defensive
2023-10-31,0.30422966619728986,0.03687206638119256,18.139999389648438,True,True,False,2,defensive
2023-11-01,0.3290214334905251,0.032512659098611785,16.8700008392334,True,True,False,2,defensive
2023-11-02,0.372690897070031,0.032512659098611785,15.65999984741211,True,True,False,2,defensive
2023-11-03,0.37818526106696415,0.032512659098611785,14.90999984741211,True,True,False,2,defensive
2023-11-06,0.387269853397674,0.032512659098611785,14.890000343322754,True,True,False,2,defensive
2023-11-07,0.37718753062896265,0.032512659098611785,14.8100004196167,True,True,False,2,defensive
2023-11-08,0.37509236703946647,0.032512659098611785,14.449999809265137,True,True,False,2,defensive
2023-11-09,0.38599681872293023,0.032512659098611785,15.289999961853027,True,True,False,2,defensive
2023-11-10,0.3818512310930846,0.032512659098611785,14.170000076293945,True,True,False,2,defensive
2023-11-13,0.38100472015035625,0.032512659098611785,14.760000228881836,True,True,False,2,defensive
2023-11-14,0.4116962405045882,0.032512659098611785,14.15999984741211,True,True,False,2,defensive
2023-11-15,0.4040783694815395,0.032512659098611785,14.180000305175781,True,True,False,2,defensive
2023-11-16,0.39651306633910316,0.032512659098611785,14.319999694824219,True,True,False,2,defensive
2023-11-17,0.3905022917600206,0.032512659098611785,13.800000190734863,True,True,False,2,defensive
2023-11-20,0.3938550351457202,0.032512659098611785,13.40999984741211,True,True,False,2,defensive
2023-11-21,0.3933498691610262,0.032512659098611785,13.350000381469727,True,True,False,2,defensive
2023-11-22,0.3922016571729443,0.032512659098611785,12.850000381469727,True,True,False,2,defensive
2023-11-24,0.3892807363725124,0.032512659098611785,12.460000038146973,True,True,False,2,defensive
2023-11-27,0.3757765632047244,0.032512659098611785,12.6899995803833,True,True,False,2,defensive
2023-11-28,0.37596336015430665,0.032512659098611785,12.6899995803833,True,True,False,2,defensive
2023-11-29,0.3744321530126767,0.032512659098611785,12.979999542236328,True,True,False,2,defensive
2023-11-30,0.3683641115755683,0.032512659098611785,12.920000076293945,True,True,False,2,defensive
2023-12-01,0.3750236847506533,0.031333462745911866,12.630000114440918,True,True,False,2,defensive
2023-12-04,0.36774623857373584,0.031333462745911866,13.079999923706055,True,True,False,2,defensive
2023-12-05,0.3585173985990342,0.031333462745911866,12.850000381469727,True,True,False,2,defensive
2023-12-06,0.34933016583959176,0.031333462745911866,12.970000267028809,True,True,False,2,defensive
2023-12-07,0.3405600876283424,0.031333462745911866,13.0600004196167,True,True,False,2,defensive
2023-12-08,0.32628356880778875,0.031333462745911866,12.350000381469727,True,True,False,2,defensive
2023-12-11,0.32279211245437844,0.031333462745911866,12.630000114440918,True,True,False,2,defensive
2023-12-12,0.33805351914753445,0.031333462745911866,12.069999694824219,True,True,False,2,defensive
2023-12-13,0.3737766113354049,0.031333462745911866,12.1899995803833,True,True,False,2,defensive
2023-12-14,0.38130244204455355,0.031333462745911866,12.479999542236328,True,True,False,2,defensive
2023-12-15,0.3869882863471849,0.031333462745911866,12.279999732971191,True,True,False,2,defensive
2023-12-18,0.3835784567049686,0.031333462745911866,12.5600004196167,True,True,False,2,defensive
2023-12-19,0.38484881131083337,0.031333462745911866,12.529999732971191,True,True,False,2,defensive
2023-12-20,0.36972248031215305,0.031333462745911866,13.670000076293945,True,True,False,2,defensive
2023-12-21,0.3559356335516512,0.031333462745911866,13.649999618530273,True,True,False,2,defensive
2023-12-22,0.350079547672393,0.031333462745911866,13.029999732971191,True,True,False,2,defensive
2023-12-26,0.3482003656036437,0.031333462745911866,12.989999771118164,True,True,False,2,defensive
2023-12-27,0.3465166056301832,0.031333462745911866,12.430000305175781,True,True,False,2,defensive
2023-12-28,0.3585235808642128,0.031333462745911866,12.470000267028809,True,True,False,2,defensive
2023-12-29,0.3649857654175645,0.031333462745911866,12.449999809265137,True,True,False,2,defensive
2024-01-02,0.35059066147165086,0.033159099427102934,13.199999809265137,True,True,False,2,defensive
2024-01-03,0.33953639214527465,0.033159099427102934,14.039999961853027,True,True,False,2,defensive
2024-01-04,0.3429201574131434,0.033159099427102934,14.130000114440918,True,True,False,2,defensive
2024-01-05,0.3416718058264354,0.033159099427102934,13.350000381469727,True,True,False,2,defensive
2024-01-08,0.34093091795049796,0.033159099427102934,13.079999923706055,True,True,False,2,defensive
2024-01-09,0.34291991255867865,0.033159099427102934,12.760000228881836,True,True,False,2,defensive
2024-01-10,0.3404220270787097,0.033159099427102934,12.6899995803833,True,True,False,2,defensive
2024-01-11,0.34443937960729537,0.033159099427102934,12.4399995803833,True,True,False,2,defensive
2024-01-12,0.3391493964301719,0.033159099427102934,12.699999809265137,True,True,False,2,defensive
2024-01-16,0.34773408975251135,0.033159099427102934,13.84000015258789,True,True,False,2,defensive
2024-01-17,0.34939820752676437,0.033159099427102934,14.789999961853027,True,True,False,2,defensive
2024-01-18,0.3371146013655671,0.033159099427102934,14.130000114440918,True,True,False,2,defensive
2024-01-19,0.34312608696200314,0.033159099427102934,13.300000190734863,True,True,False,2,defensive
2024-01-22,0.34924364125401,0.033159099427102934,13.1899995803833,True,True,False,2,defensive
2024-01-23,0.3465699763992959,0.033159099427102934,12.550000190734863,True,True,False,2,defensive
2024-01-24,0.35519325221617776,0.033159099427102934,13.140000343322754,True,True,False,2,defensive
2024-01-25,0.35405066453429285,0.033159099427102934,13.449999809265137,True,True,False,2,defensive
2024-01-26,0.355115189511047,0.033159099427102934,13.260000228881836,True,True,False,2,defensive
2024-01-29,0.35892570090942566,0.033159099427102934,13.600000381469727,True,True,False,2,defensive
2024-01-30,0.363090196948804,0.033159099427102934,13.3100004196167,True,True,False,2,defensive
2024-01-31,0.29543270453947323,0.033159099427102934,14.350000381469727,True,True,False,2,defensive
2024-02-01,0.3173018638540925,0.030883429864855705,13.880000114440918,True,True,False,2,defensive
2024-02-02,0.30003353946363354,0.030883429864855705,13.850000381469727,True,True,False,2,defensive
2024-02-05,0.30734779100122134,0.030883429864855705,13.670000076293945,True,True,False,2,defensive
2024-02-06,0.30724340835011826,0.030883429864855705,13.0600004196167,True,True,False,2,defensive
2024-02-07,0.30056410077261936,0.030883429864855705,12.829999923706055,True,True,False,2,defensive
2024-02-08,0.3012306937480848,0.030883429864855705,12.789999961853027,True,True,False,2,defensive
2024-02-09,0.29797923045562336,0.030883429864855705,12.930000305175781,True,True,False,2,defensive
2024-02-12,0.26782209817348074,0.030883429864855705,13.930000305175781,True,True,False,2,defensive
2024-02-13,0.28624506886059614,0.030883429864855705,15.850000381469727,True,True,False,2,defensive
2024-02-14,0.28699379419261906,0.030883429864855705,14.380000114440918,True,True,False,2,defensive
2024-02-15,0.3094880005056358,0.030883429864855705,14.010000228881836,True,True,False,2,defensive
2024-02-16,0.30675183545889406,0.030883429864855705,14.239999771118164,True,True,False,2,defensive
2024-02-20,0.3067600294411951,0.030883429864855705,15.420000076293945,True,True,False,2,defensive
2024-02-21,0.30513523148631905,0.030883429864855705,15.34000015258789,True,True,False,2,defensive
2024-02-22,0.28769518820899287,0.030883429864855705,14.539999961853027,True,True,False,2,defensive
2024-02-23,0.30314530907716086,0.030883429864855705,13.75,True,True,False,2,defensive
2024-02-26,0.3298148713256939,0.030883429864855705,13.739999771118164,True,True,False,2,defensive
2024-02-27,0.32813076034620436,0.030883429864855705,13.430000305175781,True,True,False,2,defensive
2024-02-28,0.3144298744687587,0.030883429864855705,13.84000015258789,True,True,False,2,defensive
2024-02-29,0.2936965255266995,0.030883429864855705,13.399999618530273,True,True,False,2,defensive
2024-03-01,0.31107472741091075,0.03157074141648697,13.109999656677246,True,True,False,2,defensive
2024-03-04,0.32063170102559274,0.03157074141648697,13.489999771118164,True,True,False,2,defensive
2024-03-05,0.2865756893178665,0.03157074141648697,14.460000038146973,True,True,False,2,defensive
2024-03-06,0.2474295355064206,0.03157074141648697,14.5,True,True,False,2,defensive
2024-03-07,0.27971800838832556,0.03157074141648697,14.4399995803833,True,True,False,2,defensive
2024-03-08,0.2774501327324148,0.03157074141648697,14.739999771118164,True,True,False,2,defensive
2024-03-11,0.29024354432205707,0.03157074141648697,15.220000267028809,True,True,False,2,defensive
2024-03-12,0.2790269723405817,0.03157074141648697,13.84000015258789,True,True,False,2,defensive
2024-03-13,0.2642172486151575,0.03157074141648697,13.75,True,True,False,2,defensive
2024-03-14,0.2285805585275696,0.03157074141648697,14.399999618530273,True,True,False,2,defensive
2024-03-15,0.22326338557559375,0.03157074141648697,14.40999984741211,True,True,False,2,defensive
2024-03-18,0.22208519917089561,0.03157074141648697,14.329999923706055,True,True,False,2,defensive
2024-03-19,0.22298357964307317,0.03157074141648697,13.819999694824219,True,True,False,2,defensive
2024-03-20,0.22677518804809224,0.03157074141648697,13.039999961853027,True,True,False,2,defensive
2024-03-21,0.19765738807763594,0.03157074141648697,12.920000076293945,False,True,False,1,watch
2024-03-22,0.18469268222628196,0.03157074141648697,13.0600004196167,False,True,False,1,watch
2024-03-25,0.1872645120483441,0.03157074141648697,13.1899995803833,False,True,False,1,watch
2024-03-26,0.12926841097677674,0.03157074141648697,13.239999771118164,False,True,False,1,watch
2024-03-27,0.14150867872094394,0.03157074141648697,12.779999732971191,False,True,False,1,watch
2024-03-28,0.14432867588751297,0.03157074141648697,13.010000228881836,False,True,False,1,watch
2024-04-01,0.15348839951587834,0.034868349120836584,13.649999618530273,False,True,False,1,watch
2024-04-02,0.15532829291087294,0.034868349120836584,14.609999656677246,False,True,False,1,watch
2024-04-03,0.1551162028599085,0.034868349120836584,14.329999923706055,False,True,False,1,watch
2024-04-04,0.13370449593654415,0.034868349120836584,16.350000381469727,False,True,False,1,watch
2024-04-05,0.10806874383529498,0.034868349120836584,16.030000686645508,False,True,False,1,watch
2024-04-08,0.11956107290402179,0.034868349120836584,15.1899995803833,False,True,False,1,watch
2024-04-09,0.1185344326834123,0.034868349120836584,14.979999542236328,False,True,False,1,watch
2024-04-10,0.16142178617010117,0.034868349120836584,15.800000190734863,False,True,False,1,watch
2024-04-11,0.1619776806787952,0.034868349120836584,14.90999984741211,False,True,False,1,watch
2024-04-12,0.1330219781976243,0.034868349120836584,17.309999465942383,False,True,False,1,watch
2024-04-15,0.1592559380685441,0.034868349120836584,19.229999542236328,False,True,False,1,watch
2024-04-16,0.17154331234044706,0.034868349120836584,18.399999618530273,False,True,False,1,watch
2024-04-17,0.16994203902070845,0.034868349120836584,18.209999084472656,False,True,False,1,watch
2024-04-18,0.17856835349196745,0.034868349120836584,18.0,False,True,False,1,watch
2024-04-19,0.17489280379493186,0.034868349120836584,18.709999084472656,False,True,False,1,watch
2024-04-22,0.17289724485476393,0.034868349120836584,16.940000534057617,False,True,False,1,watch
2024-04-23,0.17049489393627076,0.034868349120836584,15.6899995803833,False,True,False,1,watch
2024-04-24,0.12822501686449572,0.034868349120836584,15.970000267028809,False,True,False,1,watch
2024-04-25,0.1279284598499465,0.034868349120836584,15.369999885559082,False,True,False,1,watch
2024-04-26,0.1374793443127372,0.034868349120836584,15.029999732971191,False,True,False,1,watch
2024-04-29,0.1474305754795294,0.034868349120836584,14.670000076293945,False,True,False,1,watch
2024-04-30,0.15910059725512413,0.034868349120836584,15.649999618530273,False,True,False,1,watch
2024-05-01,0.1767030760996982,0.033607951262196734,15.390000343322754,False,True,False,1,watch
2024-05-02,0.1928829449487374,0.033607951262196734,14.680000305175781,False,True,False,1,watch
2024-05-03,0.2114230555532129,0.033607951262196734,13.489999771118164,True,True,False,2,defensive
2024-05-06,0.2151149866189685,0.033607951262196734,13.489999771118164,True,True,False,2,defensive
2024-05-07,0.21723624806044392,0.033607951262196734,13.229999542236328,True,True,False,2,defensive
2024-05-08,0.21757428471413665,0.033607951262196734,13.0,True,True,False,2,defensive
2024-05-09,0.21713420656251745,0.033607951262196734,12.6899995803833,True,True,False,2,defensive
2024-05-10,0.21213693241028775,0.033607951262196734,12.550000190734863,True,True,False,2,defensive
2024-05-13,0.22192407643383416,0.033607951262196734,13.600000381469727,True,True,False,2,defensive
2024-05-14,0.2170226491397986,0.033607951262196734,13.420000076293945,True,True,False,2,defensive
2024-05-15,0.2397621828342751,0.033607951262196734,12.449999809265137,True,True,False,2,defensive
2024-05-16,0.2221033816975584,0.033607951262196734,12.420000076293945,True,True,False,2,defensive
2024-05-17,0.21902607740184118,0.033607951262196734,11.989999771118164,True,True,False,2,defensive
2024-05-20,0.22309628537776174,0.033607951262196734,12.149999618530273,True,True,False,2,defensive
2024-05-21,0.22629345757804636,0.033607951262196734,11.859999656677246,True,True,False,2,defensive
2024-05-22,0.2245190171750738,0.033607951262196734,12.289999961853027,True,True,False,2,defensive
2024-05-23,0.22197171839289884,0.033607951262196734,12.770000457763672,True,True,False,2,defensive
2024-05-24,0.2237141655430191,0.033607951262196734,11.930000305175781,True,True,False,2,defensive
2024-05-28,0.23722879220738458,0.033607951262196734,12.920000076293945,True,True,False,2,defensive
2024-05-29,0.24668097324266702,0.033607951262196734,14.279999732971191,True,True,False,2,defensive
2024-05-30,0.22880798228910837,0.033607951262196734,14.470000267028809,True,True,False,2,defensive
2024-05-31,0.24050576842853663,0.033607951262196734,12.920000076293945,True,True,False,2,defensive
2024-06-03,0.235973120172388,0.03244278584003113,13.109999656677246,True,True,False,2,defensive
2024-06-04,0.23007237266612424,0.03244278584003113,13.15999984741211,True,True,False,2,defensive
2024-06-05,0.23934864330687888,0.03244278584003113,12.630000114440918,True,True,False,2,defensive
2024-06-06,0.22923974073387574,0.03244278584003113,12.579999923706055,True,True,False,2,defensive
2024-06-07,0.2349545412419694,0.03244278584003113,12.220000267028809,True,True,False,2,defensive
2024-06-10,0.27350177167441253,0.03244278584003113,12.739999771118164,True,True,False,2,defensive
2024-06-11,0.24163391230718828,0.03244278584003113,12.850000381469727,True,True,False,2,defensive
2024-06-12,0.30084400168129266,0.03244278584003113,12.039999961853027,True,True,False,2,defensive
2024-06-13,0.29009587748877796,0.03244278584003113,11.9399995803833,True,True,False,2,defensive
2024-06-14,0.28655885700794126,0.03244278584003113,12.65999984741211,True,True,False,2,defensive
2024-06-17,0.2785112257341132,0.03244278584003113,12.75,True,True,False,2,defensive
2024-06-18,0.27917074850723617,0.03244278584003113,12.300000190734863,True,True,False,2,defensive
2024-06-20,0.28561579020502526,0.03244278584003113,13.279999732971191,True,True,False,2,defensive
2024-06-21,0.2858866875031202,0.03244278584003113,13.199999809265137,True,True,False,2,defensive
2024-06-24,0.24384944210898654,0.03244278584003113,13.329999923706055,True,True,False,2,defensive
2024-06-25,0.2390223294800067,0.03244278584003113,12.84000015258789,True,True,False,2,defensive
2024-06-26,0.22994327650175755,0.03244278584003113,12.550000190734863,True,True,False,2,defensive
2024-06-27,0.22440288190160748,0.03244278584003113,12.239999771118164,True,True,False,2,defensive
2024-06-28,0.23854286718878406,0.03244278584003113,12.4399995803833,True,True,False,2,defensive
2024-07-01,0.23061173705198082,0.029702579486470926,12.220000267028809,True,False,False,1,watch
2024-07-02,0.23059710718521134,0.029702579486470926,12.029999732971191,True,False,False,1,watch
2024-07-03,0.24050347218267226,0.029702579486470926,12.09000015258789,True,False,False,1,watch
2024-07-05,0.24447943865561858,0.029702579486470926,12.479999542236328,True,False,False,1,watch
2024-07-08,0.24648670112586327,0.029702579486470926,12.369999885559082,True,False,False,1,watch
2024-07-09,0.250255067817305,0.029702579486470926,12.510000228881836,True,False,False,1,watch
2024-07-10,0.2505262734265178,0.029702579486470926,12.850000381469727,True,False,False,1,watch
2024-07-11,0.21928240522535816,0.029702579486470926,12.920000076293945,True,False,False,1,watch
2024-07-12,0.22122300013337734,0.029702579486470926,12.460000038146973,True,False,False,1,watch
2024-07-15,0.2550329388085577,0.029702579486470926,13.119999885559082,True,False,False,1,watch
2024-07-16,0.2605987011488931,0.029702579486470926,13.1899995803833,True,False,False,1,watch
2024-07-17,0.2561232807445428,0.029702579486470926,14.479999542236328,True,False,False,1,watch
2024-07-18,0.2648027983819884,0.029702579486470926,15.930000305175781,True,False,False,1,watch
2024-07-19,0.2706616876249628,0.029702579486470926,16.520000457763672,True,False,False,1,watch
2024-07-22,0.28300705273956905,0.029702579486470926,14.90999984741211,True,False,False,1,watch
2024-07-23,0.28178110632486864,0.029702579486470926,14.720000267028809,True,False,False,1,watch
2024-07-24,0.30485999396356017,0.029702579486470926,18.040000915527344,True,False,False,1,watch
2024-07-25,0.29478667348469245,0.029702579486470926,18.459999084472656,True,False,False,1,watch
2024-07-26,0.3086718505373192,0.029702579486470926,16.389999389648438,True,False,False,1,watch
2024-07-29,0.30668300450673375,0.029702579486470926,16.600000381469727,True,False,False,1,watch
2024-07-30,0.30518518294471614,0.029702579486470926,17.690000534057617,True,False,False,1,watch
2024-07-31,0.32168940097105686,0.029702579486470926,16.360000610351562,True,False,False,1,watch
2024-08-01,0.29759798412286587,0.029414757935583014,18.59000015258789,True,False,False,1,watch
2024-08-02,0.17529140478593921,0.029414757935583014,23.389999389648438,False,False,False,0,normal
2024-08-05,0.14335263339086746,0.029414757935583014,38.56999969482422,False,False,True,1,watch
2024-08-06,0.09836084078629527,0.029414757935583014,27.709999084472656,False,False,True,1,watch
2024-08-07,0.10467761971209134,0.029414757935583014,27.850000381469727,False,False,True,1,watch
2024-08-08,0.0765327899110873,0.029414757935583014,23.790000915527344,False,False,False,0,normal
2024-08-09,0.07607331803267285,0.029414757935583014,20.3700008392334,False,False,False,0,normal
2024-08-12,0.07619740365728342,0.029414757935583014,20.709999084472656,False,False,False,0,normal
2024-08-13,0.1003755836854085,0.029414757935583014,18.1200008392334,False,False,False,0,normal
2024-08-14,0.1243119211265768,0.029414757935583014,16.190000534057617,False,False,False,0,normal
2024-08-15,0.1011213161313046,0.029414757935583014,15.229999542236328,False,False,False,0,normal
2024-08-16,0.10162185493147181,0.029414757935583014,14.800000190734863,False,False,False,0,normal
2024-08-19,0.07474223595595327,0.029414757935583014,14.649999618530273,False,False,False,0,normal
2024-08-20,0.07770487655193473,0.029414757935583014,15.880000114440918,False,False,False,0,normal
2024-08-21,0.08767266298062372,0.029414757935583014,16.270000457763672,False,False,False,0,normal
2024-08-22,0.07050366139890955,0.029414757935583014,17.549999237060547,False,False,False,0,normal
2024-08-23,0.07387870855231723,0.029414757935583014,15.859999656677246,False,False,False,0,normal
2024-08-26,0.08705388502794101,0.029414757935583014,16.149999618530273,False,False,False,0,normal
2024-08-27,0.08413282781086838,0.029414757935583014,15.430000305175781,False,False,False,0,normal
2024-08-28,0.09064199720577952,0.029414757935583014,17.110000610351562,False,False,False,0,normal
2024-08-29,0.09523916196376787,0.029414757935583014,15.649999618530273,False,False,False,0,normal
2024-08-30,0.08148362886048857,0.029414757935583014,15.0,False,False,False,0,normal
2024-09-03,0.02926830541292639,0.02607144490692037,20.719999313354492,False,False,False,0,normal
2024-09-04,0.018365138785967388,0.02607144490692037,21.31999969482422,False,False,False,0,normal
2024-09-05,0.01205271492269238,0.02607144490692037,19.899999618530273,False,False,False,0,normal
2024-09-06,0.013215435696920078,0.02607144490692037,22.3799991607666,False,False,False,0,normal
2024-09-09,-0.006324827291347728,0.02607144490692037,19.450000762939453,False,False,False,0,normal
2024-09-10,-0.0003097223641872243,0.02607144490692037,19.079999923706055,False,False,False,0,normal
2024-09-11,-0.006545660751571023,0.02607144490692037,17.690000534057617,False,False,False,0,normal
2024-09-12,-0.02695644388054185,0.02607144490692037,17.06999969482422,False,False,False,0,normal
2024-09-13,-0.029659802062090086,0.02607144490692037,16.559999465942383,False,False,False,0,normal
2024-09-16,-0.02912789998088537,0.02607144490692037,17.139999389648438,False,False,False,0,normal
2024-09-17,-0.029602918917280053,0.02607144490692037,17.610000610351562,False,False,False,0,normal
2024-09-18,-0.024031382005288485,0.02607144490692037,18.229999542236328,False,False,False,0,normal
2024-09-19,-0.03354066497553616,0.02607144490692037,16.329999923706055,False,False,False,0,normal
2024-09-20,-0.031321020460428485,0.02607144490692037,16.149999618530273,False,False,False,0,normal
2024-09-23,-0.03422007147107812,0.02607144490692037,15.890000343322754,False,False,False,0,normal
2024-09-24,-0.05559996923558063,0.02607144490692037,15.390000343322754,False,False,False,0,normal
2024-09-25,-0.051993293229398024,0.02607144490692037,15.40999984741211,False,False,False,0,normal
2024-09-26,-0.051030570942440144,0.02607144490692037,15.369999885559082,False,False,False,0,normal
2024-09-27,-0.05231907120330815,0.02607144490692037,16.959999084472656,False,False,False,0,normal
2024-09-30,-0.05560366925068322,0.02607144490692037,16.729999542236328,False,False,False,0,normal
2024-10-01,-0.06363033999493121,0.024264830315416708,19.260000228881836,False,False,False,0,normal
2024-10-02,-0.0717235211207336,0.024264830315416708,18.899999618530273,False,False,False,0,normal
2024-10-03,-0.06899375595872367,0.024264830315416708,20.489999771118164,False,False,False,0,normal
2024-10-04,-0.08439239714662639,0.024264830315416708,19.209999084472656,False,False,False,0,normal
2024-10-07,-0.08740529062461871,0.024264830315416708,22.639999389648438,False,False,False,0,normal
2024-10-08,-0.0773592419053541,0.024264830315416708,21.420000076293945,False,False,False,0,normal
2024-10-09,-0.08954636771087399,0.024264830315416708,20.860000610351562,False,False,False,0,normal
2024-10-10,-0.08841690932833779,0.024264830315416708,20.93000030517578,False,False,False,0,normal
2024-10-11,-0.09206217045485748,0.024264830315416708,20.459999084472656,False,False,False,0,normal
2024-10-14,-0.10338412102920619,0.024264830315416708,19.700000762939453,False,False,False,0,normal
2024-10-15,-0.11701367674511332,0.024264830315416708,20.639999389648438,False,False,False,0,normal
2024-10-16,-0.1243077429092476,0.024264830315416708,19.579999923706055,False,False,False,0,normal
2024-10-17,-0.11797315828837598,0.024264830315416708,19.110000610351562,False,False,False,0,normal
2024-10-18,-0.12059075016203712,0.024264830315416708,18.030000686645508,False,False,False,0,normal
2024-10-21,-0.11948885024683166,0.024264830315416708,18.3700008392334,False,False,False,0,normal
2024-10-22,-0.12378824996912785,0.024264830315416708,18.200000762939453,False,False,False,0,normal
2024-10-23,-0.11934513839381429,0.024264830315416708,19.239999771118164,False,False,False,0,normal
2024-10-24,-0.10861215970765323,0.024264830315416708,19.079999923706055,False,False,False,0,normal
2024-10-25,-0.11062314517231397,0.024264830315416708,20.329999923706055,False,False,False,0,normal
2024-10-28,-0.11521370527147318,0.024264830315416708,19.799999237060547,False,False,False,0,normal
2024-10-29,-0.11501487800985746,0.024264830315416708,19.34000015258789,False,False,False,0,normal
2024-10-30,-0.11433600525775237,0.024264830315416708,20.350000381469727,False,False,False,0,normal
2024-10-31,-0.11682767180859321,0.024264830315416708,23.15999984741211,False,False,False,0,normal
2024-11-01,-0.12270621375425375,0.02578844053871343,21.8799991607666,False,False,False,0,normal
2024-11-04,-0.12712813693324704,0.02578844053871343,21.979999542236328,False,False,False,0,normal
2024-11-05,-0.13315585772684474,0.02578844053871343,20.489999771118164,False,False,False,0,normal
2024-11-06,-0.20954740437483893,0.02578844053871343,16.270000457763672,False,False,False,0,normal
2024-11-07,-0.20278527087723314,0.02578844053871343,15.199999809265137,False,False,False,0,normal
2024-11-08,-0.20336393672407607,0.02578844053871343,14.9399995803833,False,False,False,0,normal
2024-11-11,-0.2093783211981111,0.02578844053871343,14.970000267028809,False,False,False,0,normal
2024-11-12,-0.1982029815766508,0.02578844053871343,14.710000038146973,False,False,False,0,normal
2024-11-13,-0.1967377126338871,0.02578844053871343,14.020000457763672,False,False,False,0,normal
2024-11-14,-0.20616984352111553,0.02578844053871343,14.3100004196167,False,False,False,0,normal
2024-11-15,-0.1899239384431903,0.02578844053871343,16.139999389648438,False,False,False,0,normal
2024-11-18,-0.19280183327377856,0.02578844053871343,15.579999923706055,False,False,False,0,normal
2024-11-19,-0.18884549369593512,0.02578844053871343,16.350000381469727,False,False,False,0,normal
2024-11-20,-0.20179735932788617,0.02578844053871343,17.15999984741211,False,False,False,0,normal
2024-11-21,-0.2036399820695322,0.02578844053871343,16.8700008392334,False,False,False,0,normal
2024-11-22,-0.21367180786332976,0.02578844053871343,15.239999771118164,False,False,False,0,normal
2024-11-25,-0.20285779713357804,0.02578844053871343,14.600000381469727,False,False,False,0,normal
2024-11-26,-0.202175040626855,0.02578844053871343,14.100000381469727,False,False,False,0,normal
2024-11-27,-0.20551469751112753,0.02578844053871343,14.100000381469727,False,False,False,0,normal
2024-11-29,-0.24265222576927978,0.02578844053871343,13.510000228881836,False,False,False,0,normal
2024-12-02,-0.23725332109145553,0.02719472461284833,13.34000015258789,False,False,False,0,normal
2024-12-03,-0.24769501209562153,0.02719472461284833,13.300000190734863,False,False,False,0,normal
2024-12-04,-0.23837668309832888,0.02719472461284833,13.449999809265137,False,False,False,0,normal
2024-12-05,-0.2366661531276501,0.02719472461284833,13.539999961853027,False,False,False,0,normal
2024-12-06,-0.26302568014353767,0.02719472461284833,12.770000457763672,False,False,False,0,normal
2024-12-09,-0.2396671750175069,0.02719472461284833,14.1899995803833,False,False,False,0,normal
2024-12-10,-0.16312481660718559,0.02719472461284833,14.180000305175781,False,False,False,0,normal
2024-12-11,-0.15518010749596475,0.02719472461284833,13.579999923706055,False,False,False,0,normal
2024-12-12,-0.11725609807288652,0.02719472461284833,13.920000076293945,False,False,False,0,normal
2024-12-13,-0.12386187093743503,0.02719472461284833,13.8100004196167,False,False,False,0,normal
2024-12-16,-0.10594653388916445,0.02719472461284833,14.6899995803833,False,False,False,0,normal
2024-12-17,-0.11496348919712741,0.02719472461284833,15.869999885559082,False,False,False,0,normal
2024-12-18,-0.041891913029047885,0.02719472461284833,27.6200008392334,False,False,True,1,watch
2024-12-19,-0.05899550758242126,0.02719472461284833,24.09000015258789,False,False,False,0,normal
2024-12-20,-0.04894089671593798,0.02719472461284833,18.360000610351562,False,False,False,0,normal
2024-12-23,-0.037424334742061645,0.02719472461284833,16.780000686645508,False,False,False,0,normal
2024-12-24,-0.029258147909874476,0.02719472461284833,14.270000457763672,False,False,False,0,normal
2024-12-26,-0.03766479437898337,0.02719472461284833,14.729999542236328,False,False,False,0,normal
2024-12-27,-0.020027858675926626,0.02719472461284833,15.949999809265137,False,False,False,0,normal
2024-12-30,-0.038640350154725736,0.02719472461284833,17.399999618530273,False,False,False,0,normal
2024-12-31,-0.048448404887279126,0.02719472461284833,17.350000381469727,False,False,False,0,normal
2025-01-02,-0.0636961575313436,0.028706909675099812,17.93000030517578,False,False,False,0,normal
2025-01-03,-0.06784788732324258,0.028706909675099812,16.1299991607666,False,False,False,0,normal
2025-01-06,-0.07037772907243228,0.028706909675099812,16.040000915527344,False,False,False,0,normal
2025-01-07,-0.049535583986251915,0.028706909675099812,17.81999969482422,False,False,False,0,normal
2025-01-08,-0.04942816061149162,0.028706909675099812,17.700000762939453,False,False,False,0,normal
2025-01-10,-0.02126675027614857,0.028706909675099812,19.540000915527344,False,False,False,0,normal
2025-01-13,0.04102051801985879,0.028706909675099812,19.190000534057617,False,False,False,0,normal
2025-01-14,0.048522936910497895,0.028706909675099812,18.709999084472656,False,False,False,0,normal
2025-01-15,0.10355589247927442,0.028706909675099812,16.1200008392334,False,False,False,0,normal
2025-01-16,0.10771687036962581,0.028706909675099812,16.600000381469727,False,False,False,0,normal
2025-01-17,0.10305764091790326,0.028706909675099812,15.970000267028809,False,False,False,0,normal
2025-01-21,0.1116602873739409,0.028706909675099812,15.0600004196167,False,False,False,0,normal
2025-01-22,0.10835913898712955,0.028706909675099812,15.100000381469727,False,False,False,0,normal
2025-01-23,0.10780649294448565,0.028706909675099812,15.020000457763672,False,False,False,0,normal
2025-01-24,0.10082722100918887,0.028706909675099812,14.850000381469727,False,False,False,0,normal
2025-01-27,0.06446246834381082,0.028706909675099812,17.899999618530273,False,False,False,0,normal
2025-01-28,0.06474653254219584,0.028706909675099812,16.40999984741211,False,False,False,0,normal
2025-01-29,0.0588622990205804,0.028706909675099812,16.559999465942383,False,False,False,0,normal
2025-01-30,0.06984838547041189,0.028706909675099812,15.84000015258789,False,False,False,0,normal
2025-01-31,0.07397654937168142,0.028706909675099812,16.43000030517578,False,False,False,0,normal
2025-02-03,0.06209412266395933,0.029909783078999608,18.6200008392334,False,False,False,0,normal
2025-02-04,0.06565921250254976,0.029909783078999608,17.209999084472656,False,False,False,0,normal
2025-02-05,0.07047939878840188,0.029909783078999608,15.770000457763672,False,False,False,0,normal
2025-02-06,0.06903764049597046,0.029909783078999608,15.5,False,False,False,0,normal
2025-02-07,0.07956557176918748,0.029909783078999608,16.540000915527344,False,False,False,0,normal
2025-02-10,0.07941661137910576,0.029909783078999608,15.8100004196167,False,False,False,0,normal
2025-02-11,0.09315048650766743,0.029909783078999608,16.020000457763672,False,False,False,0,normal
2025-02-12,0.09999971274983405,0.029909783078999608,15.890000343322754,False,False,False,0,normal
2025-02-13,0.1211292109318953,0.029909783078999608,15.100000381469727,False,False,False,0,normal
2025-02-14,0.13735615683602914,0.029909783078999608,14.770000457763672,False,False,False,0,normal
2025-02-18,0.12292715276644615,0.029909783078999608,15.350000381469727,False,False,False,0,normal
2025-02-19,0.1209839835500825,0.029909783078999608,15.270000457763672,False,False,False,0,normal
2025-02-20,0.12288849622076957,0.029909783078999608,15.65999984741211,False,False,False,0,normal
2025-02-21,0.08241555838036851,0.029909783078999608,18.209999084472656,False,False,False,0,normal
2025-02-24,0.08319244881076675,0.029909783078999608,18.979999542236328,False,False,False,0,normal
2025-02-25,0.06641550310592324,0.029909783078999608,19.43000030517578,False,False,False,0,normal
2025-02-26,0.08293329721281366,0.029909783078999608,19.100000381469727,False,False,False,0,normal
2025-02-27,0.09515587771006444,0.029909783078999608,21.1299991607666,False,False,False,0,normal
2025-02-28,0.12224276840588776,0.029909783078999608,19.6299991607666,False,False,False,0,normal
2025-03-03,0.10688045875014754,0.028015834477613355,22.780000686645508,False,False,False,0,normal
2025-03-04,0.12420438044020433,0.028015834477613355,23.510000228881836,False,False,False,0,normal
2025-03-05,0.11012074316489881,0.028015834477613355,21.93000030517578,False,False,False,0,normal
2025-03-06,0.113097890806484,0.028015834477613355,24.8700008392334,False,False,False,0,normal
2025-03-07,0.10860546549165591,0.028015834477613355,23.3700008392334,False,False,False,0,normal
2025-03-10,0.06560581929668212,0.028015834477613355,27.860000610351562,False,False,True,1,watch
2025-03-11,0.07416032914139042,0.028015834477613355,26.920000076293945,False,False,True,1,watch
2025-03-12,0.06891109208507834,0.028015834477613355,24.229999542236328,False,False,False,0,normal
2025-03-13,0.05400011300714155,0.028015834477613355,24.65999984741211,False,False,False,0,normal
2025-03-14,0.04336842779866428,0.028015834477613355,21.770000457763672,False,False,False,0,normal
2025-03-17,0.05669555143705278,0.028015834477613355,20.510000228881836,False,False,False,0,normal
2025-03-18,0.060295474359641894,0.028015834477613355,21.700000762939453,False,False,False,0,normal
2025-03-19,0.05936533482280465,0.028015834477613355,19.899999618530273,False,False,False,0,normal
2025-03-20,0.16701938218661355,0.028015834477613355,19.799999237060547,False,False,False,0,normal
2025-03-21,0.15359450775434316,0.028015834477613355,19.280000686645508,False,False,False,0,normal
2025-03-24,0.11476545950935849,0.028015834477613355,17.479999542236328,False,False,False,0,normal
2025-03-25,0.1158371842868948,0.028015834477613355,17.149999618530273,False,False,False,0,normal
2025-03-26,0.12179850640455,0.028015834477613355,18.329999923706055,False,False,False,0,normal
2025-03-27,0.12492381293973287,0.028015834477613355,18.690000534057617,False,False,False,0,normal
2025-03-28,0.08676326824020102,0.028015834477613355,21.649999618530273,False,False,False,0,normal
2025-03-31,0.09155300474764795,0.028015834477613355,22.280000686645508,False,False,False,0,normal
2025-04-01,0.0940169497729661,0.02381981462805549,21.770000457763672,False,False,False,0,normal
2025-04-02,0.09030201639878493,0.02381981462805549,21.510000228881836,False,False,False,0,normal
2025-04-03,0.05400056734546381,0.02381981462805549,30.020000457763672,False,False,True,1,watch
2025-04-04,-0.017275525926476586,0.02381981462805549,45.310001373291016,False,False,True,1,watch
2025-04-07,-0.01585617639389368,0.02381981462805549,46.97999954223633,False,False,True,1,watch
2025-04-08,-0.0030912618923008626,0.02381981462805549,52.33000183105469,False,False,True,1,watch
2025-04-09,0.04951668732748533,0.02381981462805549,33.619998931884766,False,False,True,1,watch
2025-04-10,0.12856302979016737,0.02381981462805549,40.720001220703125,False,False,True,1,watch
2025-04-11,0.1309579455705408,0.02381981462805549,37.560001373291016,False,False,True,1,watch
2025-04-14,0.1354952407141168,0.02381981462805549,30.889999389648438,False,False,True,1,watch
2025-04-15,0.13631277019785698,0.02381981462805549,30.1200008392334,False,False,True,1,watch
2025-04-16,0.12139477246758357,0.02381981462805549,32.63999938964844,False,False,True,1,watch
2025-04-17,0.11930029025689584,0.02381981462805549,29.649999618530273,False,False,True,1,watch
2025-04-21,0.14104241171297138,0.02381981462805549,33.81999969482422,False,False,True,1,watch
2025-04-22,0.14913411453431852,0.02381981462805549,30.56999969482422,False,False,True,1,watch
2025-04-23,0.15849667539861093,0.02381981462805549,28.450000762939453,False,False,True,1,watch
2025-04-24,0.17816219362084526,0.02381981462805549,26.469999313354492,False,False,True,1,watch
2025-04-25,0.17967224523424377,0.02381981462805549,24.84000015258789,False,False,False,0,normal
2025-04-28,0.18134081069312447,0.02381981462805549,25.149999618530273,False,False,True,1,watch
2025-04-29,0.1834705411861184,0.02381981462805549,24.170000076293945,False,False,False,0,normal
2025-04-30,0.18265932337030938,0.02381981462805549,24.700000762939453,False,False,False,0,normal
2025-05-01,0.15918846800229422,0.0232538823025783,24.600000381469727,False,False,False,0,normal
2025-05-02,0.14845878495431644,0.0232538823025783,22.68000030517578,False,False,False,0,normal
2025-05-05,0.14624380554962327,0.0232538823025783,23.639999389648438,False,False,False,0,normal
2025-05-06,0.14928055446237828,0.0232538823025783,24.760000228881836,False,False,False,0,normal
2025-05-07,0.14766835040469856,0.0232538823025783,23.549999237060547,False,False,False,0,normal
2025-05-08,0.14056230177124085,0.0232538823025783,22.479999542236328,False,False,False,0,normal
2025-05-09,0.13564197864756658,0.0232538823025783,21.899999618530273,False,False,False,0,normal
2025-05-12,0.11828657182084944,0.0232538823025783,18.389999389648438,False,False,False,0,normal
2025-05-13,0.11521393343651971,0.0232538823025783,18.219999313354492,False,False,False,0,normal
2025-05-14,0.11499081715465234,0.0232538823025783,18.6200008392334,False,False,False,0,normal
2025-05-15,0.12006859403939917,0.0232538823025783,17.829999923706055,False,False,False,0,normal
2025-05-16,0.12292722111902249,0.0232538823025783,17.239999771118164,False,False,False,0,normal
2025-05-19,0.11512350652035021,0.0232538823025783,18.139999389648438,False,False,False,0,normal
2025-05-20,0.1164087290826429,0.0232538823025783,18.09000015258789,False,False,False,0,normal
2025-05-21,0.1269243032636724,0.0232538823025783,20.8700008392334,False,False,False,0,normal
2025-05-22,0.1267953661505891,0.0232538823025783,20.280000686645508,False,False,False,0,normal
2025-05-23,0.12610605392237825,0.0232538823025783,22.290000915527344,False,False,False,0,normal
2025-05-27,0.1252010100956759,0.0232538823025783,18.959999084472656,False,False,False,0,normal
2025-05-28,0.12720468501426316,0.0232538823025783,19.309999465942383,False,False,False,0,normal
2025-05-29,0.12793596516284195,0.0232538823025783,19.18000030517578,False,False,False,0,normal
2025-05-30,0.12323707233603255,0.0232538823025783,18.56999969482422,False,False,False,0,normal
2025-06-02,0.12123029663437576,0.023772651073680873,18.360000610351562,False,False,False,0,normal
2025-06-03,0.12384110389295257,0.023772651073680873,17.690000534057617,False,False,False,0,normal
2025-06-04,0.12254197076305029,0.023772651073680873,17.610000610351562,False,False,False,0,normal
2025-06-05,0.13476749131310864,0.023772651073680873,18.479999542236328,False,False,False,0,normal
2025-06-06,0.1252536355455211,0.023772651073680873,16.770000457763672,False,False,False,0,normal
2025-06-09,0.12479240466843315,0.023772651073680873,17.15999984741211,False,False,False,0,normal
2025-06-10,0.12526528906351353,0.023772651073680873,16.950000762939453,False,False,False,0,normal
2025-06-11,0.12261896403610785,0.023772651073680873,17.260000228881836,False,False,False,0,normal
2025-06-12,0.1286711331071641,0.023772651073680873,18.020000457763672,False,False,False,0,normal
2025-06-13,0.13363261524076114,0.023772651073680873,20.81999969482422,False,False,False,0,normal
2025-06-16,0.12467009213606683,0.023772651073680873,19.110000610351562,False,False,False,0,normal
2025-06-17,0.11639497366599678,0.023772651073680873,21.600000381469727,False,False,False,0,normal
2025-06-18,0.11302726852104149,0.023772651073680873,20.139999389648438,False,False,False,0,normal
2025-06-20,0.11467802489116932,0.023772651073680873,20.6200008392334,False,False,False,0,normal
2025-06-23,0.11708453296457401,0.023772651073680873,19.829999923706055,False,False,False,0,normal
2025-06-24,0.11988426795742575,0.023772651073680873,17.479999542236328,False,False,False,0,normal
2025-06-25,0.11089785476234125,0.023772651073680873,16.760000228881836,False,False,False,0,normal
2025-06-26,0.11342877382221112,0.023772651073680873,16.59000015258789,False,False,False,0,normal
2025-06-27,0.11423519366274619,0.023772651073680873,16.31999969482422,False,False,False,0,normal
2025-06-30,0.1162440642323155,0.023772651073680873,16.729999542236328,False,False,False,0,normal
2025-07-01,0.1173023148832233,0.02680453865910226,16.829999923706055,False,False,False,0,normal
2025-07-02,0.13117326906866056,0.02680453865910226,16.639999389648438,False,False,False,0,normal
2025-07-03,0.1284756380035551,0.02680453865910226,16.3799991607666,False,False,False,0,normal
2025-07-07,0.14233372996307483,0.02680453865910226,17.790000915527344,False,False,False,0,normal
2025-07-08,0.1428799707426287,0.02680453865910226,16.809999465942383,False,False,False,0,normal
2025-07-09,0.13896969734288192,0.02680453865910226,15.9399995803833,False,False,False,0,normal
2025-07-10,0.12823597129580286,0.02680453865910226,15.779999732971191,False,False,False,0,normal
2025-07-11,0.13826874999879807,0.02680453865910226,16.399999618530273,False,False,False,0,normal
2025-07-14,0.12931832804248322,0.02680453865910226,17.200000762939453,False,False,False,0,normal
2025-07-15,0.1370874512582661,0.02680453865910226,17.3799991607666,False,False,False,0,normal
2025-07-16,0.1345427401036191,0.02680453865910226,17.15999984741211,False,False,False,0,normal
2025-07-17,0.13553888236022757,0.02680453865910226,16.520000457763672,False,False,False,0,normal
2025-07-18,0.16029536784250045,0.02680453865910226,16.40999984741211,False,False,False,0,normal
2025-07-21,0.1555903154018387,0.02680453865910226,16.649999618530273,False,False,False,0,normal
2025-07-22,0.15643251279362289,0.02680453865910226,16.5,False,False,False,0,normal
2025-07-23,0.1648260549069074,0.02680453865910226,15.369999885559082,False,False,False,0,normal
2025-07-24,0.17319493485507853,0.02680453865910226,15.390000343322754,False,False,False,0,normal
2025-07-25,0.1720026007672743,0.02680453865910226,14.930000305175781,False,False,False,0,normal
2025-07-28,0.17409213824131586,0.02680453865910226,15.029999732971191,False,False,False,0,normal
2025-07-29,0.1622194076352897,0.02680453865910226,15.979999542236328,False,False,False,0,normal
2025-07-30,0.1632622722444191,0.02680453865910226,15.479999542236328,False,False,False,0,normal
2025-07-31,0.16273593703000236,0.02680453865910226,16.719999313354492,False,False,False,0,normal
2025-08-01,0.15544834497235366,0.02742618052167134,20.3799991607666,False,False,False,0,normal
2025-08-04,0.15752469794691623,0.02742618052167134,17.520000457763672,False,False,False,0,normal
2025-08-05,0.15068554459096772,0.02742618052167134,17.850000381469727,False,False,False,0,normal
2025-08-06,0.14683386771464105,0.02742618052167134,16.770000457763672,False,False,False,0,normal
2025-08-07,0.17210723690633348,0.02742618052167134,16.56999969482422,False,False,False,0,normal
2025-08-08,0.16742846240015835,0.02742618052167134,15.149999618530273,False,False,False,0,normal
2025-08-11,0.1671354715153174,0.02742618052167134,16.25,False,False,False,0,normal
2025-08-12,0.16367113298361563,0.02742618052167134,14.729999542236328,False,False,False,0,normal
2025-08-13,0.19234782430366767,0.02742618052167134,14.489999771118164,False,False,False,0,normal
2025-08-14,0.2704955908390442,0.02742618052167134,14.829999923706055,True,False,False,1,watch
2025-08-15,0.27894725596989084,0.02742618052167134,15.09000015258789,True,False,False,1,watch
2025-08-18,0.2577444021724658,0.02742618052167134,14.989999771118164,True,False,False,1,watch
2025-08-19,0.28779445237133366,0.02742618052167134,15.569999694824219,True,False,False,1,watch
2025-08-20,0.13766978636795624,0.02742618052167134,15.6899995803833,False,False,False,0,normal
2025-08-21,0.13114476331940111,0.02742618052167134,16.600000381469727,False,False,False,0,normal
2025-08-22,0.13723661797644904,0.02742618052167134,14.220000267028809,False,False,False,0,normal
2025-08-25,0.1431396959398136,0.02742618052167134,14.789999961853027,False,False,False,0,normal
2025-08-26,0.17379664628433625,0.02742618052167134,14.619999885559082,False,False,False,0,normal
2025-08-27,0.17370810135476467,0.02742618052167134,14.850000381469727,False,False,False,0,normal
2025-08-28,0.10042561151470605,0.02742618052167134,14.430000305175781,False,False,False,0,normal
2025-08-29,0.09211056072542893,0.02742618052167134,15.359999656677246,False,False,False,0,normal
2025-09-02,0.0819036558295075,0.029385917430316155,17.170000076293945,False,False,False,0,normal
2025-09-03,0.05037420197349617,0.029385917430316155,16.350000381469727,False,False,False,0,normal
2025-09-04,0.052389483929321475,0.029385917430316155,15.300000190734863,False,False,False,0,normal
2025-09-05,0.03822895170195765,0.029385917430316155,15.180000305175781,False,False,False,0,normal
2025-09-08,0.032058286705747153,0.029385917430316155,15.109999656677246,False,False,False,0,normal
2025-09-09,0.029157677868924033,0.029385917430316155,15.039999961853027,False,False,False,0,normal
2025-09-10,0.03625525750371053,0.029385917430316155,15.350000381469727,False,False,False,0,normal
2025-09-11,0.07677819547109188,0.029385917430316155,14.710000038146973,False,False,False,0,normal
2025-09-12,0.06975922781899344,0.029385917430316155,14.760000228881836,False,False,False,0,normal
2025-09-15,0.0779748171034347,0.029385917430316155,15.6899995803833,False,False,False,0,normal
2025-09-16,0.07505435186513029,0.029385917430316155,16.360000610351562,False,False,False,0,normal
2025-09-17,0.09139168410781368,0.029385917430316155,15.720000267028809,False,False,False,0,normal
2025-09-18,0.08423888586183058,0.029385917430316155,15.699999809265137,False,False,False,0,normal
2025-09-19,0.16995150682466922,0.029385917430316155,15.449999809265137,False,False,False,0,normal
2025-09-22,0.172902014650059,0.029385917430316155,16.100000381469727,False,False,False,0,normal
2025-09-23,0.160825897760499,0.029385917430316155,16.639999389648438,False,False,False,0,normal
2025-09-24,0.15938860370971603,0.029385917430316155,16.18000030517578,False,False,False,0,normal
2025-09-25,0.15740573606866334,0.029385917430316155,16.739999771118164,False,False,False,0,normal
2025-09-26,0.1554057728228788,0.029385917430316155,15.289999961853027,False,False,False,0,normal
2025-09-29,0.14970033808141064,0.029385917430316155,16.1200008392334,False,False,False,0,normal
2025-09-30,0.0727236553394757,0.029385917430316155,16.280000686645508,False,False,False,0,normal
2025-10-01,0.07506624091474115,0.029385917430316155,16.290000915527344,False,False,False,0,normal
2025-10-02,0.07744489120180006,0.029385917430316155,16.6299991607666,False,False,False,0,normal
2025-10-03,0.010859104996972463,0.029385917430316155,16.649999618530273,False,False,False,0,normal
2025-10-06,-0.005117680184904242,0.029385917430316155,16.3700008392334,False,False,False,0,normal
2025-10-07,-0.01921779305936117,0.029385917430316155,17.239999771118164,False,False,False,0,normal
2025-10-08,-0.018245370329394942,0.029385917430316155,16.299999237060547,False,False,False,0,normal
2025-10-09,-0.0043173354735365,0.029385917430316155,16.43000030517578,False,False,False,0,normal
2025-10-10,-0.11200845690773105,0.029385917430316155,21.65999984741211,False,False,False,0,normal
2025-10-13,-0.11126494818020136,0.029385917430316155,19.030000686645508,False,False,False,0,normal
2025-10-14,-0.11329922243745576,0.029385917430316155,20.809999465942383,False,False,False,0,normal
2025-10-15,-0.08717901597009844,0.029385917430316155,20.639999389648438,False,False,False,0,normal
2025-10-16,-0.099770516191948,0.029385917430316155,25.309999465942383,False,False,True,1,watch
2025-10-17,-0.10781781648966157,0.029385917430316155,20.780000686645508,False,False,False,0,normal
2025-10-20,-0.09741118083201508,0.029385917430316155,18.229999542236328,False,False,False,0,normal
2025-10-21,-0.1081035396433734,0.029385917430316155,17.8700008392334,False,False,False,0,normal
2025-10-22,-0.1464809739023482,0.029385917430316155,18.600000381469727,False,False,False,0,normal
2025-10-23,-0.13367538991795688,0.029385917430316155,17.299999237060547,False,False,False,0,normal
2025-10-24,-0.1062500553254828,0.029385917430316155,16.3700008392334,False,False,False,0,normal
2025-10-27,-0.0968934863840632,0.029385917430316155,15.789999961853027,False,False,False,0,normal
2025-10-28,-0.09963759718450646,0.029385917430316155,16.420000076293945,False,False,False,0,normal
2025-10-29,-0.1011770175229633,0.029385917430316155,16.920000076293945,False,False,False,0,normal
2025-10-30,-0.09567109062180315,0.029385917430316155,16.90999984741211,False,False,False,0,normal
2025-10-31,-0.09721384972885291,0.029385917430316155,17.440000534057617,False,False,False,0,normal
2025-11-03,-0.10655679709445572,0.030225715847133294,17.170000076293945,False,True,False,1,watch
2025-11-04,-0.10402500315485992,0.030225715847133294,19.0,False,True,False,1,watch
2025-11-05,-0.12027853480433133,0.030225715847133294,18.010000228881836,False,True,False,1,watch
2025-11-06,-0.1429984494989459,0.030225715847133294,19.5,False,True,False,1,watch
2025-11-07,-0.13758845314886337,0.030225715847133294,19.079999923706055,False,True,False,1,watch
2025-11-10,-0.12492696938930117,0.030225715847133294,17.600000381469727,False,True,False,1,watch
2025-11-11,-0.14929341478596284,0.030225715847133294,17.280000686645508,False,True,False,1,watch
2025-11-12,-0.15043560588969543,0.030225715847133294,17.510000228881836,False,True,False,1,watch
2025-11-13,-0.1183336673221673,0.030225715847133294,20.0,False,True,False,1,watch
2025-11-14,-0.11623492893625646,0.030225715847133294,19.829999923706055,False,True,False,1,watch
2025-11-17,-0.13994344300848177,0.030225715847133294,22.3799991607666,False,True,False,1,watch
2025-11-18,-0.13568117260644585,0.030225715847133294,24.690000534057617,False,True,False,1,watch
2025-11-19,-0.14919912790637666,0.030225715847133294,23.65999984741211,False,True,False,1,watch
2025-11-20,-0.1586307842499748,0.030225715847133294,26.420000076293945,False,True,True,2,defensive
2025-11-21,-0.15072158286619783,0.030225715847133294,23.43000030517578,False,True,False,1,watch
2025-11-24,-0.12973668680785722,0.030225715847133294,20.520000457763672,False,True,False,1,watch
2025-11-25,-0.1283754967079005,0.030225715847133294,18.559999465942383,False,True,False,1,watch
2025-11-26,-0.12166733018044275,0.030225715847133294,17.190000534057617,False,True,False,1,watch
2025-11-28,-0.1166431816640194,0.030225715847133294,16.350000381469727,False,True,False,1,watch
2025-12-01,-0.09655341026778061,0.02988299628363511,17.239999771118164,False,False,False,0,normal
2025-12-02,-0.10189885843196125,0.02988299628363511,16.59000015258789,False,False,False,0,normal
2025-12-03,-0.1029372407051239,0.02988299628363511,16.079999923706055,False,False,False,0,normal
2025-12-04,-0.09204408861013195,0.02988299628363511,15.779999732971191,False,False,False,0,normal
2025-12-05,-0.0964807199301326,0.02988299628363511,15.40999984741211,False,False,False,0,normal
2025-12-08,-0.09243561490057087,0.02988299628363511,16.65999984741211,False,False,False,0,normal
2025-12-09,-0.03308404468044198,0.02988299628363511,16.93000030517578,False,False,False,0,normal
2025-12-10,-0.03789846038374215,0.02988299628363511,15.770000457763672,False,False,False,0,normal
2025-12-11,-0.03375020615157923,0.02988299628363511,14.850000381469727,False,False,False,0,normal
2025-12-12,0.008785793876080849,0.02988299628363511,15.739999771118164,False,False,False,0,normal
2025-12-15,0.00756843493545097,0.02988299628363511,16.5,False,False,False,0,normal
2025-12-16,0.011080026104853265,0.02988299628363511,16.479999542236328,False,False,False,0,normal
2025-12-17,0.015191990566144401,0.02988299628363511,17.6200008392334,False,False,False,0,normal
2025-12-18,0.03807457487089515,0.02988299628363511,16.8700008392334,False,False,False,0,normal
2025-12-19,0.023023079350617544,0.02988299628363511,14.90999984741211,False,False,False,0,normal
2025-12-22,0.01824476393894652,0.02988299628363511,14.079999923706055,False,False,False,0,normal
2025-12-23,0.013343155256988214,0.02988299628363511,14.0,False,False,False,0,normal
2025-12-24,0.01643004212497609,0.02988299628363511,13.470000267028809,False,False,False,0,normal
2025-12-26,0.02696782935541455,0.02988299628363511,13.600000381469727,False,False,False,0,normal
2025-12-29,0.02451867075160878,0.02988299628363511,14.199999809265137,False,False,False,0,normal
2025-12-30,0.01901118695495432,0.02988299628363511,14.329999923706055,False,False,False,0,normal
2025-12-31,0.00953852597370586,0.02988299628363511,14.949999809265137,False,False,False,0,normal
2026-01-02,0.004551818741534528,0.0300226204316838,14.510000228881836,False,True,False,1,watch
2026-01-05,0.01297886828884985,0.0300226204316838,14.899999618530273,False,True,False,1,watch
2026-01-06,0.010157029068814752,0.0300226204316838,14.75,False,True,False,1,watch
2026-01-07,-0.000842436099974545,0.0300226204316838,15.380000114440918,False,True,False,1,watch
2026-01-08,-0.013590937250454026,0.0300226204316838,15.449999809265137,False,True,False,1,watch
2026-01-09,-0.022065689412454795,0.0300226204316838,14.489999771118164,False,True,False,1,watch
2026-01-12,-0.036745779242354254,0.0300226204316838,15.119999885559082,False,True,False,1,watch
2026-01-13,-0.054613782301356786,0.0300226204316838,15.979999542236328,False,True,False,1,watch
2026-01-14,-0.04939517965110798,0.0300226204316838,16.75,False,True,False,1,watch
2026-01-15,-0.05833784284779552,0.0300226204316838,15.84000015258789,False,True,False,1,watch
2026-01-16,-0.052629311477476876,0.0300226204316838,15.859999656677246,False,True,False,1,watch
2026-01-20,0.027192245503147968,0.0300226204316838,20.09000015258789,False,True,False,1,watch
2026-01-21,0.03637708427599367,0.0300226204316838,16.899999618530273,False,True,False,1,watch
2026-01-22,0.04122641492147613,0.0300226204316838,15.640000343322754,False,True,False,1,watch
2026-01-23,0.037770407782845225,0.0300226204316838,16.09000015258789,False,True,False,1,watch
2026-01-26,0.04509510765745545,0.0300226204316838,16.149999618530273,False,True,False,1,watch
2026-01-27,0.03760813095183381,0.0300226204316838,16.350000381469727,False,True,False,1,watch
2026-01-28,0.050965969715463806,0.0300226204316838,16.350000381469727,False,True,False,1,watch
2026-01-29,0.05330216522334531,0.0300226204316838,16.8799991607666,False,True,False,1,watch
2026-01-30,0.06323922471015678,0.0300226204316838,17.440000534057617,False,True,False,1,watch
2026-02-02,0.07272260749034486,0.028286797395498997,16.34000015258789,False,False,False,0,normal
2026-02-03,0.06158653127453163,0.028286797395498997,18.0,False,False,False,0,normal
2026-02-04,0.06547962381889015,0.028286797395498997,18.639999389648438,False,False,False,0,normal
2026-02-05,0.024657481837088612,0.028286797395498997,21.770000457763672,False,False,False,0,normal
2026-02-06,0.022316167160754977,0.028286797395498997,20.3700008392334,False,False,False,0,normal
2026-02-09,0.02468957545969349,0.028286797395498997,17.360000610351562,False,False,False,0,normal
2026-02-10,0.012360067005777848,0.028286797395498997,17.790000915527344,False,False,False,0,normal
2026-02-11,0.01273044575181323,0.028286797395498997,17.649999618530273,False,False,False,0,normal
2026-02-12,-0.04124915570362532,0.028286797395498997,20.81999969482422,False,False,False,0,normal
2026-02-13,-0.03396228025866567,0.028286797395498997,20.600000381469727,False,False,False,0,normal
2026-02-17,-0.028099111749230736,0.028286797395498997,20.290000915527344,False,False,False,0,normal
2026-02-18,-0.03376616257422242,0.028286797395498997,19.6200008392334,False,False,False,0,normal
2026-02-19,-0.03518765189267792,0.028286797395498997,20.229999542236328,False,False,False,0,normal
2026-02-20,0.08321674983196739,0.028286797395498997,19.09000015258789,False,False,False,0,normal
2026-02-23,0.07510609879823178,0.028286797395498997,21.010000228881836,False,False,False,0,normal
2026-02-24,0.0797898517050238,0.028286797395498997,19.549999237060547,False,False,False,0,normal
2026-02-25,0.08217672932503765,0.028286797395498997,17.93000030517578,False,False,False,0,normal
2026-02-26,0.09196569327899291,0.028286797395498997,18.6299991607666,False,False,False,0,normal
2026-02-27,0.08456202687810374,0.028286797395498997,19.860000610351562,False,False,False,0,normal
2026-03-02,0.07236336350684293,0.026645890876940914,21.440000534057617,False,False,False,0,normal
2026-03-03,0.07752479684493845,0.026645890876940914,23.56999969482422,False,False,False,0,normal
2026-03-04,0.07262878601550048,0.026645890876940914,21.149999618530273,False,False,False,0,normal
2026-03-05,0.09059339748021528,0.026645890876940914,23.75,False,False,False,0,normal
2026-03-06,0.10151947679059818,0.026645890876940914,29.489999771118164,False,False,True,1,watch
2026-03-09,0.11102012325453443,0.026645890876940914,25.5,False,False,True,1,watch
2026-03-10,0.11124172550582204,0.026645890876940914,24.93000030517578,False,False,False,0,normal
2026-03-11,0.11548086266839663,0.026645890876940914,24.229999542236328,False,False,False,0,normal
2026-03-12,0.10533848980083726,0.026645890876940914,27.290000915527344,False,False,True,1,watch
2026-03-13,0.11440167734360668,0.026645890876940914,27.190000534057617,False,False,True,1,watch
2026-03-16,0.13524402989132392,0.026645890876940914,23.510000228881836,False,False,False,0,normal
2026-03-17,0.14651478096715578,0.026645890876940914,22.3700008392334,False,False,False,0,normal
2026-03-18,0.17706914589076436,0.026645890876940914,25.09000015258789,False,False,True,1,watch
2026-03-19,0.20276124541981225,0.026645890876940914,24.059999465942383,True,False,False,1,watch
2026-03-20,0.25431627605058155,0.026645890876940914,26.780000686645508,True,False,True,2,defensive
2026-03-23,0.2741133894453551,0.026645890876940914,26.149999618530273,True,False,True,2,defensive
2026-03-24,0.27421090644444507,0.026645890876940914,26.950000762939453,True,False,True,2,defensive
2026-03-25,0.2833295223174905,0.026645890876940914,25.329999923706055,True,False,True,2,defensive
2026-03-26,0.2853771908545882,0.026645890876940914,27.440000534057617,True,False,True,2,defensive
2026-03-27,0.29962841204725,0.026645890876940914,31.049999237060547,True,False,True,2,defensive
2026-03-30,0.2898694908541653,0.026645890876940914,30.610000610351562,True,False,True,2,defensive
2026-03-31,0.26440793070750557,0.026645890876940914,25.25,True,False,True,2,defensive
2026-04-01,0.26382503987043343,0.033202055812236786,24.540000915527344,True,True,False,2,defensive
2026-04-02,0.2829138739089071,0.033202055812236786,23.8700008392334,True,True,False,2,defensive
2026-04-06,0.276510727592787,0.033202055812236786,24.170000076293945,True,True,False,2,defensive
2026-04-07,0.2632259846944001,0.033202055812236786,25.780000686645508,True,True,True,3,defensive
2026-04-08,0.2646833506357911,0.033202055812236786,21.040000915527344,True,True,False,2,defensive
2026-04-09,0.2557696691580917,0.033202055812236786,19.489999771118164,True,True,False,2,defensive
2026-04-10,0.26268438154383217,0.033202055812236786,19.229999542236328,True,True,False,2,defensive
2026-04-13,0.2610241776558106,0.033202055812236786,19.1200008392334,True,True,False,2,defensive
2026-04-14,0.2710329258302035,0.033202055812236786,18.360000610351562,True,True,False,2,defensive
2026-04-15,0.26043283042135096,0.033202055812236786,18.170000076293945,True,True,False,2,defensive
2026-04-16,0.2574464635183485,0.033202055812236786,17.940000534057617,True,True,False,2,defensive
2026-04-17,0.2769416104062889,0.033202055812236786,17.479999542236328,True,True,False,2,defensive
2026-04-20,0.27516603697186887,0.033202055812236786,18.8700008392334,True,True,False,2,defensive
2026-04-21,0.28157919710815776,0.033202055812236786,19.5,True,True,False,2,defensive
2026-04-22,0.2798688555831088,0.033202055812236786,18.920000076293945,True,True,False,2,defensive
2026-04-23,0.2819803780502425,0.033202055812236786,19.309999465942383,True,True,False,2,defensive
2026-04-24,0.2666689240485757,0.033202055812236786,18.709999084472656,True,True,False,2,defensive
2026-04-27,0.2647669709833979,0.033202055812236786,18.020000457763672,True,True,False,2,defensive
2026-04-28,0.26841376585620824,0.033202055812236786,17.829999923706055,True,True,False,2,defensive
2026-04-29,0.2678530907282661,0.033202055812236786,18.809999465942383,True,True,False,2,defensive
2026-04-30,0.2591454677517066,0.033202055812236786,16.889999389648438,True,True,False,2,defensive
2026-05-01,0.26868678860111844,0.039470269087042764,16.989999771118164,True,True,False,2,defensive
2026-05-04,0.27633150945791796,0.039470269087042764,18.290000915527344,True,True,False,2,defensive
2026-05-05,0.28185790576322167,0.039470269087042764,17.3799991607666,True,True,False,2,defensive
2026-05-06,0.29538869400130635,0.039470269087042764,17.389999389648438,True,True,False,2,defensive
2026-05-07,0.29786348291820647,0.039470269087042764,17.079999923706055,True,True,False,2,defensive
2026-05-08,0.3081344636313658,0.039470269087042764,17.190000534057617,True,True,False,2,defensive
2026-05-11,0.30400194598905717,0.039470269087042764,18.3799991607666,True,True,False,2,defensive
2026-05-12,0.2957904482270678,0.039470269087042764,17.989999771118164,True,True,False,2,defensive
2026-05-13,0.2933852948732155,0.039470269087042764,17.8700008392334,True,True,False,2,defensive
2026-05-14,0.29025713110262985,0.039470269087042764,17.260000228881836,True,True,False,2,defensive
2026-05-15,0.31885946034022933,0.039470269087042764,18.43000030517578,True,True,False,2,defensive
2026-05-18,0.3262909436686523,0.039470269087042764,17.81999969482422,True,True,False,2,defensive
2026-05-19,0.33267591369956045,0.039470269087042764,18.059999465942383,True,True,False,2,defensive
2026-05-20,0.3407428244777973,0.039470269087042764,17.440000534057617,True,True,False,2,defensive
2026-05-21,0.3416502264040619,0.039470269087042764,16.760000228881836,True,True,False,2,defensive
2026-05-22,0.3448650657257768,0.039470269087042764,16.700000762939453,True,True,False,2,defensive
2026-05-26,0.3583379349097223,0.039470269087042764,17.010000228881836,True,True,False,2,defensive
2026-05-27,0.35746121740232845,0.039470269087042764,16.290000915527344,True,True,False,2,defensive
2026-05-28,0.3599194655102232,0.039470269087042764,15.739999771118164,True,True,False,2,defensive
2026-05-29,0.32202857973638516,0.039470269087042764,15.319999694824219,True,True,False,2,defensive
2026-06-01,0.31072295605412076,0.04270032656680245,16.049999237060547,True,True,False,2,defensive
2026-06-02,0.3080582189953482,0.04270032656680245,15.770000457763672,True,True,False,2,defensive
2026-06-03,0.3134215349951968,0.04270032656680245,16.059999465942383,True,True,False,2,defensive
2026-06-04,0.31164330481790886,0.04270032656680245,15.399999618530273,True,True,False,2,defensive
2026-06-05,0.327929975502439,0.04270032656680245,21.510000228881836,True,True,False,2,defensive
2026-06-08,0.3249293033347113,0.04270032656680245,18.920000076293945,True,True,False,2,defensive
2026-06-09,0.3187144761879145,0.04270032656680245,19.8700008392334,True,True,False,2,defensive
2026-06-10,0.31926427895674186,0.04270032656680245,22.219999313354492,True,True,False,2,defensive
2026-06-11,0.34992534132315883,0.04270032656680245,19.440000534057617,True,True,False,2,defensive
2026-06-12,0.35329680087523324,0.04270032656680245,17.68000030517578,True,True,False,2,defensive
2026-06-15,0.3431976152030861,0.04270032656680245,16.200000762939453,True,True,False,2,defensive
2026-06-16,0.3718105712199374,0.04270032656680245,16.40999984741211,True,True,False,2,defensive
2026-06-17,0.36864952266496825,0.04270032656680245,18.440000534057617,True,True,False,2,defensive
2026-06-18,0.3747410908654345,0.04270032656680245,16.399999618530273,True,True,False,2,defensive
2026-06-22,0.3930369682747061,0.04270032656680245,17.280000686645508,True,True,False,2,defensive
2026-06-23,0.3834948455440673,0.04270032656680245,19.489999771118164,True,True,False,2,defensive
2026-06-24,0.4288033195676486,0.04270032656680245,18.6299991607666,True,True,False,2,defensive
2026-06-25,0.43102035486799023,0.04270032656680245,18.889999389648438,True,True,False,2,defensive
2026-06-26,0.4287662172518692,0.04270032656680245,18.40999984741211,True,True,False,2,defensive
2026-06-29,0.42987644359031535,0.04270032656680245,17.649999618530273,True,True,False,2,defensive
2026-06-30,0.4062537290184747,0.04270032656680245,16.450000762939453,True,True,False,2,defensive
2026-07-01,0.41027848954993607,0.037265298484186804,16.59000015258789,True,True,False,2,defensive
2026-07-02,0.4229034959158143,0.037265298484186804,16.149999618530273,True,True,False,2,defensive
2026-07-06,0.4195629604163137,0.037265298484186804,15.569999694824219,True,True,False,2,defensive
2026-07-07,0.42439940279134025,0.037265298484186804,16.1299991607666,True,True,False,2,defensive
2026-07-08,0.43307145629889077,0.037265298484186804,16.899999618530273,True,True,False,2,defensive
2026-07-09,0.44536630888786144,0.037265298484186804,15.84000015258789,True,True,False,2,defensive
2026-07-10,0.45011475681783014,0.037265298484186804,15.029999732971191,True,True,False,2,defensive
2026-07-13,0.45527555786328855,0.037265298484186804,17.15999984741211,True,True,False,2,defensive
2026-07-14,0.46023337131071773,0.037265298484186804,16.5,True,True,False,2,defensive
2026-07-15,0.4583844009726713,0.037265298484186804,15.670000076293945,True,True,False,2,defensive
2026-07-16,0.45452127992377755,0.037265298484186804,16.729999542236328,True,True,False,2,defensive
2026-07-17,0.43448957087360834,0.037265298484186804,18.770000457763672,True,True,False,2,defensive
2026-07-20,0.4364123862928568,0.037265298484186804,18.649999618530273,True,True,False,2,defensive
2026-07-21,0.4358730317013079,0.037265298484186804,17.049999237060547,True,True,False,2,defensive
2026-07-22,0.43884786685951255,0.037265298484186804,16.639999389648438,True,True,False,2,defensive
2026-07-23,0.43736617145664214,0.037265298484186804,18.700000762939453,True,True,False,2,defensive
2026-07-24,0.4291483059268172,0.037265298484186804,18.579999923706055,True,True,False,2,defensive
2026-07-27,0.4248482344479285,0.037265298484186804,18.670000076293945,True,True,False,2,defensive
2026-07-28,0.41514058869151765,0.037265298484186804,18.209999084472656,True,True,False,2,defensive
2026-07-29,0.4528164577093422,0.037265298484186804,20.65999984741211,True,True,False,2,defensive
2026-07-30,0.41594204748976166,0.037265298484186804,17.09000015258789,True,True,False,2,defensive
2026-07-31,0.39707788404388833,0.037265298484186804,15.989999771118164,True,True,False,2,defensive
2026-08-03,0.39912592045029216,0.035397514271936714,15.859999656677246,True,True,False,2,defensive
2026-08-04,0.4142440783855101,0.035397514271936714,16.5,True,True,False,2,defensive
2026-08-05,0.3919870583840992,0.035397514271936714,15.8100004196167,True,True,False,2,defensive
2026-08-06,0.3835444323606093,0.035397514271936714,15.149999618530273,True,True,False,2,defensive
2026-08-07,0.4163733621436328,0.035397514271936714,14.899999618530273,True,True,False,2,defensive
2026-08-10,0.4431041584239876,0.035397514271936714,15.460000038146973,True,True,False,2,defensive
2026-08-11,0.44145564873174004,0.035397514271936714,15.279999732971191,True,True,False,2,defensive
2026-08-12,0.44635511699203567,0.035397514271936714,14.550000190734863,True,True,False,2,defensive
2026-08-13,0.45106615446610315,0.035397514271936714,14.630000114440918,True,True,False,2,defensive
2026-08-14,0.4532661936428565,0.035397514271936714,14.25,True,True,False,2,defensive
2026-08-17,0.45972159890466047,0.035397514271936714,15.1899995803833,True,True,False,2,defensive
2026-08-18,0.4500858674575639,0.035397514271936714,15.84000015258789,True,True,False,2,defensive
2026-08-19,0.4309069691364096,0.035397514271936714,14.890000343322754,True,True,False,2,defensive
2026-08-20,0.4377203260103552,0.035397514271936714,16.010000228881836,True,True,False,2,defensive
2026-08-21,0.4267968853860471,0.035397514271936714,15.130000114440918,True,True,False,2,defensive
2026-08-24,0.4259569180750573,0.035397514271936714,15.850000381469727,True,True,False,2,defensive
2026-08-25,0.4274885885798905,0.035397514271936714,15.449999809265137,True,True,False,2,defensive
2026-08-26,0.4136402069638838,0.035397514271936714,15.210000038146973,True,True,False,2,defensive
2026-08-27,0.41042723185224333,0.035397514271936714,14.510000228881836,True,True,False,2,defensive
2026-08-28,0.4062060214558917,0.035397514271936714,14.430000305175781,True,True,False,2,defensive
2026-08-31,0.4067619509683303,0.035397514271936714,14.920000076293945,True,True,False,2,defensive
2026-09-01,0.40946433435377,0.035397514271936714,16.34000015258789,True,True,False,2,defensive
2026-09-02,0.4084423123628103,0.035397514271936714,15.199999809265137,True,True,False,2,defensive
2026-09-03,0.41131489205684535,0.035397514271936714,14.319999694824219,True,True,False,2,defensive
2026-09-04,0.411135495848615,0.035397514271936714,14.529999732971191,True,True,False,2,defensive
2026-09-08,0.41124202421065625,0.035397514271936714,15.720000267028809,True,True,False,2,defensive
2026-09-09,0.41974405739429393,0.035397514271936714,16.459999084472656,True,True,False,2,defensive
2026-09-10,0.42652727456512013,0.035397514271936714,17.84000015258789,True,True,False,2,defensive
2026-09-11,0.4237051051749829,0.035397514271936714,15.84000015258789,True,True,False,2,defensive
2026-09-14,0.41544498616694303,0.035397514271936714,17.100000381469727,True,True,False,2,defensive
2026-09-15,0.4020031323871378,0.035397514271936714,17.200000762939453,True,True,False,2,defensive
2026-09-16,0.3957397418999373,0.035397514271936714,17.709999084472656,True,True,False,2,defensive
2026-09-17,0.4068902803248093,0.035397514271936714,15.4399995803833,True,True,False,2,defensive
2026-09-18,0.40788560668381424,0.035397514271936714,14.8100004196167,True,True,False,2,defensive
2026-09-21,0.42095294752655316,0.035397514271936714,14.869999885559082,True,True,False,2,defensive
2026-09-22,0.42447986951547007,0.035397514271936714,14.210000038146973,True,True,False,2,defensive
2026-09-23,0.43310353696451276,0.035397514271936714,15.180000305175781,True,True,False,2,defensive
2026-09-24,0.4049544851843656,0.035397514271936714,15.670000076293945,True,True,False,2,defensive
2026-09-25,0.40295780733342357,0.035397514271936714,14.869999885559082,True,True,False,2,defensive
2026-09-28,0.4058574081593051,0.035397514271936714,16.06999969482422,True,True,False,2,defensive
2026-09-29,0.3926919805386274,0.035397514271936714,16.040000915527344,True,True,False,2,defensive
2026-09-30,0.3934541877837663,0.035397514271936714,16.34000015258789,True,True,False,2,defensive
2026-10-01,0.3913835132563886,0.035397514271936714,16.389999389648438,True,True,False,2,defensive
2026-10-02,0.3807754589944722,0.035397514271936714,15.3100004196167,True,True,False,2,defensive
2026-10-05,0.3738151039944758,0.035397514271936714,15.520000457763672,True,True,False,2,defensive
2026-10-06,0.3718764492783277,0.035397514271936714,15.010000228881836,True,True,False,2,defensive
